column,file_count,source_count,source_types,example_files
league,310,12,sofascore_match_info | sofascore_match_momentum | sofascore_match_player_stats | sofascore_match_shots | sofascore_match_team_stats | sofascore_season | transfermarkt | understat_league_table | understat_match_info | understat_match_shots | understat_rosters | understat_season,sofascore__England_EFL_Championship__2023_2024.parquet | sofascore__England_EFL_Championship__2024_2025.parquet | sofascore__England_EFL_Championship__2025_2026.parquet | sofascore__England_Premier_League__2023_2024.parquet | sofascore__England_Premier_League__2024_2025.parquet
season,310,12,sofascore_match_info | sofascore_match_momentum | sofascore_match_player_stats | sofascore_match_shots | sofascore_match_team_stats | sofascore_season | transfermarkt | understat_league_table | understat_match_info | understat_match_shots | understat_rosters | understat_season,sofascore__England_EFL_Championship__2023_2024.parquet | sofascore__England_EFL_Championship__2024_2025.parquet | sofascore__England_EFL_Championship__2025_2026.parquet | sofascore__England_Premier_League__2023_2024.parquet | sofascore__England_Premier_League__2024_2025.parquet
match_id,195,8,sofascore_match_info | sofascore_match_momentum | sofascore_match_player_stats | sofascore_match_shots | sofascore_match_team_stats | understat_match_info | understat_match_shots | understat_rosters,sofascore_match_info__England_EFL_Championship__2023_2024.parquet | sofascore_match_info__England_EFL_Championship__2024_2025.parquet | sofascore_match_info__England_EFL_Championship__2025_2026.parquet | sofascore_match_info__England_Premier_League__2023_2024.parquet | sofascore_match_info__England_Premier_League__2024_2025.parquet
goals,120,4,sofascore_match_player_stats | sofascore_season | understat_league_table | understat_rosters,sofascore__England_EFL_Championship__2023_2024.parquet | sofascore__England_EFL_Championship__2024_2025.parquet | sofascore__England_EFL_Championship__2025_2026.parquet | sofascore__England_Premier_League__2023_2024.parquet | sofascore__England_Premier_League__2024_2025.parquet
team,100,3,sofascore_season | transfermarkt | understat_league_table,sofascore__England_EFL_Championship__2023_2024.parquet | sofascore__England_EFL_Championship__2024_2025.parquet | sofascore__England_EFL_Championship__2025_2026.parquet | sofascore__England_Premier_League__2023_2024.parquet | sofascore__England_Premier_League__2024_2025.parquet
player_id,90,4,sofascore_match_player_stats | sofascore_match_shots | understat_match_shots | understat_rosters,sofascore_match_player_stats__England_EFL_Championship__2023_2024.parquet | sofascore_match_player_stats__England_EFL_Championship__2024_2025.parquet | sofascore_match_player_stats__England_EFL_Championship__2025_2026.parquet | sofascore_match_player_stats__England_Premier_League__2023_2024.parquet | sofascore_match_player_stats__England_Premier_League__2024_2025.parquet
away_team,76,4,clubelo | sofascore_match_info | sofascore_match_team_stats | understat_match_info,clubelo__fixtures__2026_07_31.parquet | sofascore_match_info__England_EFL_Championship__2023_2024.parquet | sofascore_match_info__England_EFL_Championship__2024_2025.parquet | sofascore_match_info__England_EFL_Championship__2025_2026.parquet | sofascore_match_info__England_Premier_League__2023_2024.parquet
home_team,76,4,clubelo | sofascore_match_info | sofascore_match_team_stats | understat_match_info,clubelo__fixtures__2026_07_31.parquet | sofascore_match_info__England_EFL_Championship__2023_2024.parquet | sofascore_match_info__England_EFL_Championship__2024_2025.parquet | sofascore_match_info__England_EFL_Championship__2025_2026.parquet | sofascore_match_info__England_Premier_League__2023_2024.parquet
minute,75,3,sofascore_match_momentum | sofascore_match_shots | understat_match_shots,sofascore_match_momentum__England_EFL_Championship__2023_2024.parquet | sofascore_match_momentum__England_EFL_Championship__2024_2025.parquet | sofascore_match_momentum__England_EFL_Championship__2025_2026.parquet | sofascore_match_momentum__England_Premier_League__2023_2024.parquet | sofascore_match_momentum__England_Premier_League__2024_2025.parquet
player,75,4,sofascore_season | understat_match_shots | understat_rosters | understat_season,sofascore__England_EFL_Championship__2023_2024.parquet | sofascore__England_EFL_Championship__2024_2025.parquet | sofascore__England_EFL_Championship__2025_2026.parquet | sofascore__England_Premier_League__2023_2024.parquet | sofascore__England_Premier_League__2024_2025.parquet
xG,75,3,understat_league_table | understat_match_shots | understat_rosters,understat_league_table__England_Premier_League__2023_2024__away.parquet | understat_league_table__England_Premier_League__2023_2024__home.parquet | understat_league_table__England_Premier_League__2023_2024__overall.parquet | understat_league_table__England_Premier_League__2024_2025__away.parquet | understat_league_table__England_Premier_League__2024_2025__home.parquet
xg,75,3,sofascore_match_shots | sofascore_season | understat_season,sofascore__England_EFL_Championship__2023_2024.parquet | sofascore__England_EFL_Championship__2024_2025.parquet | sofascore__England_EFL_Championship__2025_2026.parquet | sofascore__England_Premier_League__2023_2024.parquet | sofascore__England_Premier_League__2024_2025.parquet
_name_norm,70,3,sofascore_season | transfermarkt | understat_season,sofascore__England_EFL_Championship__2023_2024.parquet | sofascore__England_EFL_Championship__2024_2025.parquet | sofascore__England_EFL_Championship__2025_2026.parquet | sofascore__England_Premier_League__2023_2024.parquet | sofascore__England_Premier_League__2024_2025.parquet
dispossessed,60,2,sofascore_match_player_stats | sofascore_season,sofascore__England_EFL_Championship__2023_2024.parquet | sofascore__England_EFL_Championship__2024_2025.parquet | sofascore__England_EFL_Championship__2025_2026.parquet | sofascore__England_Premier_League__2023_2024.parquet | sofascore__England_Premier_League__2024_2025.parquet
fouls,60,2,sofascore_match_player_stats | sofascore_season,sofascore__England_EFL_Championship__2023_2024.parquet | sofascore__England_EFL_Championship__2024_2025.parquet | sofascore__England_EFL_Championship__2025_2026.parquet | sofascore__England_Premier_League__2023_2024.parquet | sofascore__England_Premier_League__2024_2025.parquet
is_home,60,2,sofascore_match_player_stats | sofascore_match_shots,sofascore_match_player_stats__England_EFL_Championship__2023_2024.parquet | sofascore_match_player_stats__England_EFL_Championship__2024_2025.parquet | sofascore_match_player_stats__England_EFL_Championship__2025_2026.parquet | sofascore_match_player_stats__England_Premier_League__2023_2024.parquet | sofascore_match_player_stats__England_Premier_League__2024_2025.parquet
player_name,60,2,sofascore_match_player_stats | sofascore_match_shots,sofascore_match_player_stats__England_EFL_Championship__2023_2024.parquet | sofascore_match_player_stats__England_EFL_Championship__2024_2025.parquet | sofascore_match_player_stats__England_EFL_Championship__2025_2026.parquet | sofascore_match_player_stats__England_Premier_League__2023_2024.parquet | sofascore_match_player_stats__England_Premier_League__2024_2025.parquet
punches,60,2,sofascore_match_player_stats | sofascore_season,sofascore__England_EFL_Championship__2023_2024.parquet | sofascore__England_EFL_Championship__2024_2025.parquet | sofascore__England_EFL_Championship__2025_2026.parquet | sofascore__England_Premier_League__2023_2024.parquet | sofascore__England_Premier_League__2024_2025.parquet
saves,60,2,sofascore_match_player_stats | sofascore_season,sofascore__England_EFL_Championship__2023_2024.parquet | sofascore__England_EFL_Championship__2024_2025.parquet | sofascore__England_EFL_Championship__2025_2026.parquet | sofascore__England_Premier_League__2023_2024.parquet | sofascore__England_Premier_League__2024_2025.parquet
statisticsType,60,2,sofascore_match_player_stats | sofascore_match_team_stats,sofascore_match_player_stats__England_EFL_Championship__2023_2024.parquet | sofascore_match_player_stats__England_EFL_Championship__2024_2025.parquet | sofascore_match_player_stats__England_EFL_Championship__2025_2026.parquet | sofascore_match_player_stats__England_Premier_League__2023_2024.parquet | sofascore_match_player_stats__England_Premier_League__2024_2025.parquet
team_id,60,2,understat_league_table | understat_rosters,understat_league_table__England_Premier_League__2023_2024__away.parquet | understat_league_table__England_Premier_League__2023_2024__home.parquet | understat_league_table__England_Premier_League__2023_2024__overall.parquet | understat_league_table__England_Premier_League__2024_2025__away.parquet | understat_league_table__England_Premier_League__2024_2025__home.parquet
touches,60,2,sofascore_match_player_stats | sofascore_season,sofascore__England_EFL_Championship__2023_2024.parquet | sofascore__England_EFL_Championship__2024_2025.parquet | sofascore__England_EFL_Championship__2025_2026.parquet | sofascore__England_Premier_League__2023_2024.parquet | sofascore__England_Premier_League__2024_2025.parquet
M,45,1,understat_league_table,understat_league_table__England_Premier_League__2023_2024__away.parquet | understat_league_table__England_Premier_League__2023_2024__home.parquet | understat_league_table__England_Premier_League__2023_2024__overall.parquet | understat_league_table__England_Premier_League__2024_2025__away.parquet | understat_league_table__England_Premier_League__2024_2025__home.parquet
OPPDA,45,1,understat_league_table,understat_league_table__England_Premier_League__2023_2024__away.parquet | understat_league_table__England_Premier_League__2023_2024__home.parquet | understat_league_table__England_Premier_League__2023_2024__overall.parquet | understat_league_table__England_Premier_League__2024_2025__away.parquet | understat_league_table__England_Premier_League__2024_2025__home.parquet
PPDA,45,1,understat_league_table,understat_league_table__England_Premier_League__2023_2024__away.parquet | understat_league_table__England_Premier_League__2023_2024__home.parquet | understat_league_table__England_Premier_League__2023_2024__overall.parquet | understat_league_table__England_Premier_League__2024_2025__away.parquet | understat_league_table__England_Premier_League__2024_2025__home.parquet
assists,45,2,sofascore_season | understat_rosters,sofascore__England_EFL_Championship__2023_2024.parquet | sofascore__England_EFL_Championship__2024_2025.parquet | sofascore__England_EFL_Championship__2025_2026.parquet | sofascore__England_Premier_League__2023_2024.parquet | sofascore__England_Premier_League__2024_2025.parquet
deep,45,1,understat_league_table,understat_league_table__England_Premier_League__2023_2024__away.parquet | understat_league_table__England_Premier_League__2023_2024__home.parquet | understat_league_table__England_Premier_League__2023_2024__overall.parquet | understat_league_table__England_Premier_League__2024_2025__away.parquet | understat_league_table__England_Premier_League__2024_2025__home.parquet
deep_allowed,45,1,understat_league_table,understat_league_table__England_Premier_League__2023_2024__away.parquet | understat_league_table__England_Premier_League__2023_2024__home.parquet | understat_league_table__England_Premier_League__2023_2024__overall.parquet | understat_league_table__England_Premier_League__2024_2025__away.parquet | understat_league_table__England_Premier_League__2024_2025__home.parquet
draws,45,1,understat_league_table,understat_league_table__England_Premier_League__2023_2024__away.parquet | understat_league_table__England_Premier_League__2023_2024__home.parquet | understat_league_table__England_Premier_League__2023_2024__overall.parquet | understat_league_table__England_Premier_League__2024_2025__away.parquet | understat_league_table__England_Premier_League__2024_2025__home.parquet
goals_against,45,1,understat_league_table,understat_league_table__England_Premier_League__2023_2024__away.parquet | understat_league_table__England_Premier_League__2023_2024__home.parquet | understat_league_table__England_Premier_League__2023_2024__overall.parquet | understat_league_table__England_Premier_League__2024_2025__away.parquet | understat_league_table__England_Premier_League__2024_2025__home.parquet
key_passes,45,2,sofascore_season | understat_rosters,sofascore__England_EFL_Championship__2023_2024.parquet | sofascore__England_EFL_Championship__2024_2025.parquet | sofascore__England_EFL_Championship__2025_2026.parquet | sofascore__England_Premier_League__2023_2024.parquet | sofascore__England_Premier_League__2024_2025.parquet
losses,45,1,understat_league_table,understat_league_table__England_Premier_League__2023_2024__away.parquet | understat_league_table__England_Premier_League__2023_2024__home.parquet | understat_league_table__England_Premier_League__2023_2024__overall.parquet | understat_league_table__England_Premier_League__2024_2025__away.parquet | understat_league_table__England_Premier_League__2024_2025__home.parquet
minutes,45,2,sofascore_season | understat_rosters,sofascore__England_EFL_Championship__2023_2024.parquet | sofascore__England_EFL_Championship__2024_2025.parquet | sofascore__England_EFL_Championship__2025_2026.parquet | sofascore__England_Premier_League__2023_2024.parquet | sofascore__England_Premier_League__2024_2025.parquet
npxG,45,1,understat_league_table,understat_league_table__England_Premier_League__2023_2024__away.parquet | understat_league_table__England_Premier_League__2023_2024__home.parquet | understat_league_table__England_Premier_League__2023_2024__overall.parquet | understat_league_table__England_Premier_League__2024_2025__away.parquet | understat_league_table__England_Premier_League__2024_2025__home.parquet
npxGA,45,1,understat_league_table,understat_league_table__England_Premier_League__2023_2024__away.parquet | understat_league_table__England_Premier_League__2023_2024__home.parquet | understat_league_table__England_Premier_League__2023_2024__overall.parquet | understat_league_table__England_Premier_League__2024_2025__away.parquet | understat_league_table__England_Premier_League__2024_2025__home.parquet
npxGD,45,1,understat_league_table,understat_league_table__England_Premier_League__2023_2024__away.parquet | understat_league_table__England_Premier_League__2023_2024__home.parquet | understat_league_table__England_Premier_League__2023_2024__overall.parquet | understat_league_table__England_Premier_League__2024_2025__away.parquet | understat_league_table__England_Premier_League__2024_2025__home.parquet
own_goals,45,2,sofascore_season | understat_rosters,sofascore__England_EFL_Championship__2023_2024.parquet | sofascore__England_EFL_Championship__2024_2025.parquet | sofascore__England_EFL_Championship__2025_2026.parquet | sofascore__England_Premier_League__2023_2024.parquet | sofascore__England_Premier_League__2024_2025.parquet
position,45,2,sofascore_match_player_stats | understat_rosters,sofascore_match_player_stats__England_EFL_Championship__2023_2024.parquet | sofascore_match_player_stats__England_EFL_Championship__2024_2025.parquet | sofascore_match_player_stats__England_EFL_Championship__2025_2026.parquet | sofascore_match_player_stats__England_Premier_League__2023_2024.parquet | sofascore_match_player_stats__England_Premier_League__2024_2025.parquet
pts,45,1,understat_league_table,understat_league_table__England_Premier_League__2023_2024__away.parquet | understat_league_table__England_Premier_League__2023_2024__home.parquet | understat_league_table__England_Premier_League__2023_2024__overall.parquet | understat_league_table__England_Premier_League__2024_2025__away.parquet | understat_league_table__England_Premier_League__2024_2025__home.parquet
shot_type,45,2,sofascore_match_shots | understat_match_shots,sofascore_match_shots__England_EFL_Championship__2023_2024.parquet | sofascore_match_shots__England_EFL_Championship__2024_2025.parquet | sofascore_match_shots__England_EFL_Championship__2025_2026.parquet | sofascore_match_shots__England_Premier_League__2023_2024.parquet | sofascore_match_shots__England_Premier_League__2024_2025.parquet
shots,45,2,sofascore_season | understat_rosters,sofascore__England_EFL_Championship__2023_2024.parquet | sofascore__England_EFL_Championship__2024_2025.parquet | sofascore__England_EFL_Championship__2025_2026.parquet | sofascore__England_Premier_League__2023_2024.parquet | sofascore__England_Premier_League__2024_2025.parquet
situation,45,2,sofascore_match_shots | understat_match_shots,sofascore_match_shots__England_EFL_Championship__2023_2024.parquet | sofascore_match_shots__England_EFL_Championship__2024_2025.parquet | sofascore_match_shots__England_EFL_Championship__2025_2026.parquet | sofascore_match_shots__England_Premier_League__2023_2024.parquet | sofascore_match_shots__England_Premier_League__2024_2025.parquet
wins,45,1,understat_league_table,understat_league_table__England_Premier_League__2023_2024__away.parquet | understat_league_table__England_Premier_League__2023_2024__home.parquet | understat_league_table__England_Premier_League__2023_2024__overall.parquet | understat_league_table__England_Premier_League__2024_2025__away.parquet | understat_league_table__England_Premier_League__2024_2025__home.parquet
xGA,45,1,understat_league_table,understat_league_table__England_Premier_League__2023_2024__away.parquet | understat_league_table__England_Premier_League__2023_2024__home.parquet | understat_league_table__England_Premier_League__2023_2024__overall.parquet | understat_league_table__England_Premier_League__2024_2025__away.parquet | understat_league_table__England_Premier_League__2024_2025__home.parquet
xag,45,2,sofascore_season | understat_season,sofascore__England_EFL_Championship__2023_2024.parquet | sofascore__England_EFL_Championship__2024_2025.parquet | sofascore__England_EFL_Championship__2025_2026.parquet | sofascore__England_Premier_League__2023_2024.parquet | sofascore__England_Premier_League__2024_2025.parquet
xpts,45,1,understat_league_table,understat_league_table__England_Premier_League__2023_2024__away.parquet | understat_league_table__England_Premier_League__2023_2024__home.parquet | understat_league_table__England_Premier_League__2023_2024__overall.parquet | understat_league_table__England_Premier_League__2024_2025__away.parquet | understat_league_table__England_Premier_League__2024_2025__home.parquet
country,32,2,clubelo | sofascore_match_player_stats,clubelo__fixtures__2026_07_31.parquet | clubelo__global__2026_07_31.parquet | sofascore_match_player_stats__England_EFL_Championship__2023_2024.parquet | sofascore_match_player_stats__England_EFL_Championship__2024_2025.parquet | sofascore_match_player_stats__England_EFL_Championship__2025_2026.parquet
accurateCross,30,1,sofascore_match_player_stats,sofascore_match_player_stats__England_EFL_Championship__2023_2024.parquet | sofascore_match_player_stats__England_EFL_Championship__2024_2025.parquet | sofascore_match_player_stats__England_EFL_Championship__2025_2026.parquet | sofascore_match_player_stats__England_Premier_League__2023_2024.parquet | sofascore_match_player_stats__England_Premier_League__2024_2025.parquet
accurateKeeperSweeper,30,1,sofascore_match_player_stats,sofascore_match_player_stats__England_EFL_Championship__2023_2024.parquet | sofascore_match_player_stats__England_EFL_Championship__2024_2025.parquet | sofascore_match_player_stats__England_EFL_Championship__2025_2026.parquet | sofascore_match_player_stats__England_Premier_League__2023_2024.parquet | sofascore_match_player_stats__England_Premier_League__2024_2025.parquet
accurateLongBalls,30,1,sofascore_match_player_stats,sofascore_match_player_stats__England_EFL_Championship__2023_2024.parquet | sofascore_match_player_stats__England_EFL_Championship__2024_2025.parquet | sofascore_match_player_stats__England_EFL_Championship__2025_2026.parquet | sofascore_match_player_stats__England_Premier_League__2023_2024.parquet | sofascore_match_player_stats__England_Premier_League__2024_2025.parquet
accurateOppositionHalfPasses,30,1,sofascore_match_player_stats,sofascore_match_player_stats__England_EFL_Championship__2023_2024.parquet | sofascore_match_player_stats__England_EFL_Championship__2024_2025.parquet | sofascore_match_player_stats__England_EFL_Championship__2025_2026.parquet | sofascore_match_player_stats__England_Premier_League__2023_2024.parquet | sofascore_match_player_stats__England_Premier_League__2024_2025.parquet
accurateOwnHalfPasses,30,1,sofascore_match_player_stats,sofascore_match_player_stats__England_EFL_Championship__2023_2024.parquet | sofascore_match_player_stats__England_EFL_Championship__2024_2025.parquet | sofascore_match_player_stats__England_EFL_Championship__2025_2026.parquet | sofascore_match_player_stats__England_Premier_League__2023_2024.parquet | sofascore_match_player_stats__England_Premier_League__2024_2025.parquet
accuratePass,30,1,sofascore_match_player_stats,sofascore_match_player_stats__England_EFL_Championship__2023_2024.parquet | sofascore_match_player_stats__England_EFL_Championship__2024_2025.parquet | sofascore_match_player_stats__England_EFL_Championship__2025_2026.parquet | sofascore_match_player_stats__England_Premier_League__2023_2024.parquet | sofascore_match_player_stats__England_Premier_League__2024_2025.parquet
aerialLost,30,1,sofascore_match_player_stats,sofascore_match_player_stats__England_EFL_Championship__2023_2024.parquet | sofascore_match_player_stats__England_EFL_Championship__2024_2025.parquet | sofascore_match_player_stats__England_EFL_Championship__2025_2026.parquet | sofascore_match_player_stats__England_Premier_League__2023_2024.parquet | sofascore_match_player_stats__England_Premier_League__2024_2025.parquet
aerialWon,30,1,sofascore_match_player_stats,sofascore_match_player_stats__England_EFL_Championship__2023_2024.parquet | sofascore_match_player_stats__England_EFL_Championship__2024_2025.parquet | sofascore_match_player_stats__England_EFL_Championship__2025_2026.parquet | sofascore_match_player_stats__England_Premier_League__2023_2024.parquet | sofascore_match_player_stats__England_Premier_League__2024_2025.parquet
aerials_lost,30,1,sofascore_season,sofascore__England_EFL_Championship__2023_2024.parquet | sofascore__England_EFL_Championship__2024_2025.parquet | sofascore__England_EFL_Championship__2025_2026.parquet | sofascore__England_Premier_League__2023_2024.parquet | sofascore__England_Premier_League__2024_2025.parquet
aerials_won,30,1,sofascore_season,sofascore__England_EFL_Championship__2023_2024.parquet | sofascore__England_EFL_Championship__2024_2025.parquet | sofascore__England_EFL_Championship__2025_2026.parquet | sofascore__England_Premier_League__2023_2024.parquet | sofascore__England_Premier_League__2024_2025.parquet
aerials_won_pct,30,1,sofascore_season,sofascore__England_EFL_Championship__2023_2024.parquet | sofascore__England_EFL_Championship__2024_2025.parquet | sofascore__England_EFL_Championship__2025_2026.parquet | sofascore__England_Premier_League__2023_2024.parquet | sofascore__England_Premier_League__2024_2025.parquet
attempt_assists,30,1,sofascore_season,sofascore__England_EFL_Championship__2023_2024.parquet | sofascore__England_EFL_Championship__2024_2025.parquet | sofascore__England_EFL_Championship__2025_2026.parquet | sofascore__England_Premier_League__2023_2024.parquet | sofascore__England_Premier_League__2024_2025.parquet
away,30,1,sofascore_match_team_stats,sofascore_match_team_stats__England_EFL_Championship__2023_2024.parquet | sofascore_match_team_stats__England_EFL_Championship__2024_2025.parquet | sofascore_match_team_stats__England_EFL_Championship__2025_2026.parquet | sofascore_match_team_stats__England_Premier_League__2023_2024.parquet | sofascore_match_team_stats__England_Premier_League__2024_2025.parquet
awayTotal,30,1,sofascore_match_team_stats,sofascore_match_team_stats__England_EFL_Championship__2023_2024.parquet | sofascore_match_team_stats__England_EFL_Championship__2024_2025.parquet | sofascore_match_team_stats__England_EFL_Championship__2025_2026.parquet | sofascore_match_team_stats__England_Premier_League__2023_2024.parquet | sofascore_match_team_stats__England_Premier_League__2024_2025.parquet
awayValue,30,1,sofascore_match_team_stats,sofascore_match_team_stats__England_EFL_Championship__2023_2024.parquet | sofascore_match_team_stats__England_EFL_Championship__2024_2025.parquet | sofascore_match_team_stats__England_EFL_Championship__2025_2026.parquet | sofascore_match_team_stats__England_Premier_League__2023_2024.parquet | sofascore_match_team_stats__England_Premier_League__2024_2025.parquet
away_score,30,1,sofascore_match_info,sofascore_match_info__England_EFL_Championship__2023_2024.parquet | sofascore_match_info__England_EFL_Championship__2024_2025.parquet | sofascore_match_info__England_EFL_Championship__2025_2026.parquet | sofascore_match_info__England_Premier_League__2023_2024.parquet | sofascore_match_info__England_Premier_League__2024_2025.parquet
ballRecovery,30,1,sofascore_match_player_stats,sofascore_match_player_stats__England_EFL_Championship__2023_2024.parquet | sofascore_match_player_stats__England_EFL_Championship__2024_2025.parquet | sofascore_match_player_stats__England_EFL_Championship__2025_2026.parquet | sofascore_match_player_stats__England_Premier_League__2023_2024.parquet | sofascore_match_player_stats__England_Premier_League__2024_2025.parquet
ball_recoveries,30,1,sofascore_season,sofascore__England_EFL_Championship__2023_2024.parquet | sofascore__England_EFL_Championship__2024_2025.parquet | sofascore__England_EFL_Championship__2025_2026.parquet | sofascore__England_Premier_League__2023_2024.parquet | sofascore__England_Premier_League__2024_2025.parquet
bigChanceCreated,30,1,sofascore_match_player_stats,sofascore_match_player_stats__England_EFL_Championship__2023_2024.parquet | sofascore_match_player_stats__England_EFL_Championship__2024_2025.parquet | sofascore_match_player_stats__England_EFL_Championship__2025_2026.parquet | sofascore_match_player_stats__England_Premier_League__2023_2024.parquet | sofascore_match_player_stats__England_Premier_League__2024_2025.parquet
bigChanceMissed,30,1,sofascore_match_player_stats,sofascore_match_player_stats__England_EFL_Championship__2023_2024.parquet | sofascore_match_player_stats__England_EFL_Championship__2024_2025.parquet | sofascore_match_player_stats__England_EFL_Championship__2025_2026.parquet | sofascore_match_player_stats__England_Premier_League__2023_2024.parquet | sofascore_match_player_stats__England_Premier_League__2024_2025.parquet
big_chances_created,30,1,sofascore_season,sofascore__England_EFL_Championship__2023_2024.parquet | sofascore__England_EFL_Championship__2024_2025.parquet | sofascore__England_EFL_Championship__2025_2026.parquet | sofascore__England_Premier_League__2023_2024.parquet | sofascore__England_Premier_League__2024_2025.parquet
big_chances_missed,30,1,sofascore_season,sofascore__England_EFL_Championship__2023_2024.parquet | sofascore__England_EFL_Championship__2024_2025.parquet | sofascore__England_EFL_Championship__2025_2026.parquet | sofascore__England_Premier_League__2023_2024.parquet | sofascore__England_Premier_League__2024_2025.parquet
blockedScoringAttempt,30,1,sofascore_match_player_stats,sofascore_match_player_stats__England_EFL_Championship__2023_2024.parquet | sofascore_match_player_stats__England_EFL_Championship__2024_2025.parquet | sofascore_match_player_stats__England_EFL_Championship__2025_2026.parquet | sofascore_match_player_stats__England_Premier_League__2023_2024.parquet | sofascore_match_player_stats__England_Premier_League__2024_2025.parquet
blocked_shots,30,1,sofascore_season,sofascore__England_EFL_Championship__2023_2024.parquet | sofascore__England_EFL_Championship__2024_2025.parquet | sofascore__England_EFL_Championship__2025_2026.parquet | sofascore__England_Premier_League__2023_2024.parquet | sofascore__England_Premier_League__2024_2025.parquet
body_part,30,1,sofascore_match_shots,sofascore_match_shots__England_EFL_Championship__2023_2024.parquet | sofascore_match_shots__England_EFL_Championship__2024_2025.parquet | sofascore_match_shots__England_EFL_Championship__2025_2026.parquet | sofascore_match_shots__England_Premier_League__2023_2024.parquet | sofascore_match_shots__England_Premier_League__2024_2025.parquet
captain,30,1,sofascore_match_player_stats,sofascore_match_player_stats__England_EFL_Championship__2023_2024.parquet | sofascore_match_player_stats__England_EFL_Championship__2024_2025.parquet | sofascore_match_player_stats__England_EFL_Championship__2025_2026.parquet | sofascore_match_player_stats__England_Premier_League__2023_2024.parquet | sofascore_match_player_stats__England_Premier_League__2024_2025.parquet
challengeLost,30,1,sofascore_match_player_stats,sofascore_match_player_stats__England_EFL_Championship__2023_2024.parquet | sofascore_match_player_stats__England_EFL_Championship__2024_2025.parquet | sofascore_match_player_stats__England_EFL_Championship__2025_2026.parquet | sofascore_match_player_stats__England_Premier_League__2023_2024.parquet | sofascore_match_player_stats__England_Premier_League__2024_2025.parquet
chipped_passes_completed,30,1,sofascore_season,sofascore__England_EFL_Championship__2023_2024.parquet | sofascore__England_EFL_Championship__2024_2025.parquet | sofascore__England_EFL_Championship__2025_2026.parquet | sofascore__England_Premier_League__2023_2024.parquet | sofascore__England_Premier_League__2024_2025.parquet
chipped_passes_total,30,1,sofascore_season,sofascore__England_EFL_Championship__2023_2024.parquet | sofascore__England_EFL_Championship__2024_2025.parquet | sofascore__England_EFL_Championship__2025_2026.parquet | sofascore__England_Premier_League__2023_2024.parquet | sofascore__England_Premier_League__2024_2025.parquet
clean_sheets,30,1,sofascore_season,sofascore__England_EFL_Championship__2023_2024.parquet | sofascore__England_EFL_Championship__2024_2025.parquet | sofascore__England_EFL_Championship__2025_2026.parquet | sofascore__England_Premier_League__2023_2024.parquet | sofascore__England_Premier_League__2024_2025.parquet
clearanceOffLine,30,1,sofascore_match_player_stats,sofascore_match_player_stats__England_EFL_Championship__2023_2024.parquet | sofascore_match_player_stats__England_EFL_Championship__2024_2025.parquet | sofascore_match_player_stats__England_EFL_Championship__2025_2026.parquet | sofascore_match_player_stats__England_Premier_League__2023_2024.parquet | sofascore_match_player_stats__England_Premier_League__2024_2025.parquet
clearances,30,1,sofascore_season,sofascore__England_EFL_Championship__2023_2024.parquet | sofascore__England_EFL_Championship__2024_2025.parquet | sofascore__England_EFL_Championship__2025_2026.parquet | sofascore__England_Premier_League__2023_2024.parquet | sofascore__England_Premier_League__2024_2025.parquet
compareCode,30,1,sofascore_match_team_stats,sofascore_match_team_stats__England_EFL_Championship__2023_2024.parquet | sofascore_match_team_stats__England_EFL_Championship__2024_2025.parquet | sofascore_match_team_stats__England_EFL_Championship__2025_2026.parquet | sofascore_match_team_stats__England_Premier_League__2023_2024.parquet | sofascore_match_team_stats__England_Premier_League__2024_2025.parquet
crossNotClaimed,30,1,sofascore_match_player_stats,sofascore_match_player_stats__England_EFL_Championship__2023_2024.parquet | sofascore_match_player_stats__England_EFL_Championship__2024_2025.parquet | sofascore_match_player_stats__England_EFL_Championship__2025_2026.parquet | sofascore_match_player_stats__England_Premier_League__2023_2024.parquet | sofascore_match_player_stats__England_Premier_League__2024_2025.parquet
crosses_completed,30,1,sofascore_season,sofascore__England_EFL_Championship__2023_2024.parquet | sofascore__England_EFL_Championship__2024_2025.parquet | sofascore__England_EFL_Championship__2025_2026.parquet | sofascore__England_Premier_League__2023_2024.parquet | sofascore__England_Premier_League__2024_2025.parquet
crosses_not_claimed,30,1,sofascore_season,sofascore__England_EFL_Championship__2023_2024.parquet | sofascore__England_EFL_Championship__2024_2025.parquet | sofascore__England_EFL_Championship__2025_2026.parquet | sofascore__England_Premier_League__2023_2024.parquet | sofascore__England_Premier_League__2024_2025.parquet
crosses_pct,30,1,sofascore_season,sofascore__England_EFL_Championship__2023_2024.parquet | sofascore__England_EFL_Championship__2024_2025.parquet | sofascore__England_EFL_Championship__2025_2026.parquet | sofascore__England_Premier_League__2023_2024.parquet | sofascore__England_Premier_League__2024_2025.parquet
crosses_total,30,1,sofascore_season,sofascore__England_EFL_Championship__2023_2024.parquet | sofascore__England_EFL_Championship__2024_2025.parquet | sofascore__England_EFL_Championship__2025_2026.parquet | sofascore__England_Premier_League__2023_2024.parquet | sofascore__England_Premier_League__2024_2025.parquet
dateOfBirthTimestamp,30,1,sofascore_match_player_stats,sofascore_match_player_stats__England_EFL_Championship__2023_2024.parquet | sofascore_match_player_stats__England_EFL_Championship__2024_2025.parquet | sofascore_match_player_stats__England_EFL_Championship__2025_2026.parquet | sofascore_match_player_stats__England_Premier_League__2023_2024.parquet | sofascore_match_player_stats__England_Premier_League__2024_2025.parquet
direct_red_cards,30,1,sofascore_season,sofascore__England_EFL_Championship__2023_2024.parquet | sofascore__England_EFL_Championship__2024_2025.parquet | sofascore__England_EFL_Championship__2025_2026.parquet | sofascore__England_Premier_League__2023_2024.parquet | sofascore__England_Premier_League__2024_2025.parquet
dribbled_past,30,1,sofascore_season,sofascore__England_EFL_Championship__2023_2024.parquet | sofascore__England_EFL_Championship__2024_2025.parquet | sofascore__England_EFL_Championship__2025_2026.parquet | sofascore__England_Premier_League__2023_2024.parquet | sofascore__England_Premier_League__2024_2025.parquet
dribbles_attempted,30,1,sofascore_season,sofascore__England_EFL_Championship__2023_2024.parquet | sofascore__England_EFL_Championship__2024_2025.parquet | sofascore__England_EFL_Championship__2025_2026.parquet | sofascore__England_Premier_League__2023_2024.parquet | sofascore__England_Premier_League__2024_2025.parquet
dribbles_completed,30,1,sofascore_season,sofascore__England_EFL_Championship__2023_2024.parquet | sofascore__England_EFL_Championship__2024_2025.parquet | sofascore__England_EFL_Championship__2025_2026.parquet | sofascore__England_Premier_League__2023_2024.parquet | sofascore__England_Premier_League__2024_2025.parquet
dribbles_pct,30,1,sofascore_season,sofascore__England_EFL_Championship__2023_2024.parquet | sofascore__England_EFL_Championship__2024_2025.parquet | sofascore__England_EFL_Championship__2025_2026.parquet | sofascore__England_Premier_League__2023_2024.parquet | sofascore__England_Premier_League__2024_2025.parquet
duelLost,30,1,sofascore_match_player_stats,sofascore_match_player_stats__England_EFL_Championship__2023_2024.parquet | sofascore_match_player_stats__England_EFL_Championship__2024_2025.parquet | sofascore_match_player_stats__England_EFL_Championship__2025_2026.parquet | sofascore_match_player_stats__England_Premier_League__2023_2024.parquet | sofascore_match_player_stats__England_Premier_League__2024_2025.parquet
duelWon,30,1,sofascore_match_player_stats,sofascore_match_player_stats__England_EFL_Championship__2023_2024.parquet | sofascore_match_player_stats__England_EFL_Championship__2024_2025.parquet | sofascore_match_player_stats__England_EFL_Championship__2025_2026.parquet | sofascore_match_player_stats__England_Premier_League__2023_2024.parquet | sofascore_match_player_stats__England_Premier_League__2024_2025.parquet
duels_lost,30,1,sofascore_season,sofascore__England_EFL_Championship__2023_2024.parquet | sofascore__England_EFL_Championship__2024_2025.parquet | sofascore__England_EFL_Championship__2025_2026.parquet | sofascore__England_Premier_League__2023_2024.parquet | sofascore__England_Premier_League__2024_2025.parquet
duels_won,30,1,sofascore_season,sofascore__England_EFL_Championship__2023_2024.parquet | sofascore__England_EFL_Championship__2024_2025.parquet | sofascore__England_EFL_Championship__2025_2026.parquet | sofascore__England_Premier_League__2023_2024.parquet | sofascore__England_Premier_League__2024_2025.parquet
duels_won_pct,30,1,sofascore_season,sofascore__England_EFL_Championship__2023_2024.parquet | sofascore__England_EFL_Championship__2024_2025.parquet | sofascore__England_EFL_Championship__2025_2026.parquet | sofascore__England_Premier_League__2023_2024.parquet | sofascore__England_Premier_League__2024_2025.parquet
errorLeadToAGoal,30,1,sofascore_match_player_stats,sofascore_match_player_stats__England_EFL_Championship__2023_2024.parquet | sofascore_match_player_stats__England_EFL_Championship__2024_2025.parquet | sofascore_match_player_stats__England_EFL_Championship__2025_2026.parquet | sofascore_match_player_stats__England_Premier_League__2023_2024.parquet | sofascore_match_player_stats__England_Premier_League__2024_2025.parquet
errorLeadToAShot,30,1,sofascore_match_player_stats,sofascore_match_player_stats__England_EFL_Championship__2023_2024.parquet | sofascore_match_player_stats__England_EFL_Championship__2024_2025.parquet | sofascore_match_player_stats__England_EFL_Championship__2025_2026.parquet | sofascore_match_player_stats__England_Premier_League__2023_2024.parquet | sofascore_match_player_stats__England_Premier_League__2024_2025.parquet
errors_leading_to_goal,30,1,sofascore_season,sofascore__England_EFL_Championship__2023_2024.parquet | sofascore__England_EFL_Championship__2024_2025.parquet | sofascore__England_EFL_Championship__2025_2026.parquet | sofascore__England_Premier_League__2023_2024.parquet | sofascore__England_Premier_League__2024_2025.parquet
errors_leading_to_shot,30,1,sofascore_season,sofascore__England_EFL_Championship__2023_2024.parquet | sofascore__England_EFL_Championship__2024_2025.parquet | sofascore__England_EFL_Championship__2025_2026.parquet | sofascore__England_Premier_League__2023_2024.parquet | sofascore__England_Premier_League__2024_2025.parquet
expectedAssists,30,1,sofascore_match_player_stats,sofascore_match_player_stats__England_EFL_Championship__2023_2024.parquet | sofascore_match_player_stats__England_EFL_Championship__2024_2025.parquet | sofascore_match_player_stats__England_EFL_Championship__2025_2026.parquet | sofascore_match_player_stats__England_Premier_League__2023_2024.parquet | sofascore_match_player_stats__England_Premier_League__2024_2025.parquet
expectedGoals,30,1,sofascore_match_player_stats,sofascore_match_player_stats__England_EFL_Championship__2023_2024.parquet | sofascore_match_player_stats__England_EFL_Championship__2024_2025.parquet | sofascore_match_player_stats__England_EFL_Championship__2025_2026.parquet | sofascore_match_player_stats__England_Premier_League__2023_2024.parquet | sofascore_match_player_stats__England_Premier_League__2024_2025.parquet
expectedGoalsOnTarget,30,1,sofascore_match_player_stats,sofascore_match_player_stats__England_EFL_Championship__2023_2024.parquet | sofascore_match_player_stats__England_EFL_Championship__2024_2025.parquet | sofascore_match_player_stats__England_EFL_Championship__2025_2026.parquet | sofascore_match_player_stats__England_Premier_League__2023_2024.parquet | sofascore_match_player_stats__England_Premier_League__2024_2025.parquet
fieldTranslations,30,1,sofascore_match_player_stats,sofascore_match_player_stats__England_EFL_Championship__2023_2024.parquet | sofascore_match_player_stats__England_EFL_Championship__2024_2025.parquet | sofascore_match_player_stats__England_EFL_Championship__2025_2026.parquet | sofascore_match_player_stats__England_Premier_League__2023_2024.parquet | sofascore_match_player_stats__England_Premier_League__2024_2025.parquet
firstName,30,1,sofascore_match_player_stats,sofascore_match_player_stats__England_EFL_Championship__2023_2024.parquet | sofascore_match_player_stats__England_EFL_Championship__2024_2025.parquet | sofascore_match_player_stats__England_EFL_Championship__2025_2026.parquet | sofascore_match_player_stats__England_Premier_League__2023_2024.parquet | sofascore_match_player_stats__England_Premier_League__2024_2025.parquet
fouled,30,1,sofascore_season,sofascore__England_EFL_Championship__2023_2024.parquet | sofascore__England_EFL_Championship__2024_2025.parquet | sofascore__England_EFL_Championship__2025_2026.parquet | sofascore__England_Premier_League__2023_2024.parquet | sofascore__England_Premier_League__2024_2025.parquet
games,30,1,sofascore_season,sofascore__England_EFL_Championship__2023_2024.parquet | sofascore__England_EFL_Championship__2024_2025.parquet | sofascore__England_EFL_Championship__2025_2026.parquet | sofascore__England_Premier_League__2023_2024.parquet | sofascore__England_Premier_League__2024_2025.parquet
gender,30,1,sofascore_match_player_stats,sofascore_match_player_stats__England_EFL_Championship__2023_2024.parquet | sofascore_match_player_stats__England_EFL_Championship__2024_2025.parquet | sofascore_match_player_stats__England_EFL_Championship__2025_2026.parquet | sofascore_match_player_stats__England_Premier_League__2023_2024.parquet | sofascore_match_player_stats__England_Premier_League__2024_2025.parquet
goalAssist,30,1,sofascore_match_player_stats,sofascore_match_player_stats__England_EFL_Championship__2023_2024.parquet | sofascore_match_player_stats__England_EFL_Championship__2024_2025.parquet | sofascore_match_player_stats__England_EFL_Championship__2025_2026.parquet | sofascore_match_player_stats__England_Premier_League__2023_2024.parquet | sofascore_match_player_stats__England_Premier_League__2024_2025.parquet
goal_conversion_pct,30,1,sofascore_season,sofascore__England_EFL_Championship__2023_2024.parquet | sofascore__England_EFL_Championship__2024_2025.parquet | sofascore__England_EFL_Championship__2025_2026.parquet | sofascore__England_Premier_League__2023_2024.parquet | sofascore__England_Premier_League__2024_2025.parquet
goal_kicks,30,1,sofascore_season,sofascore__England_EFL_Championship__2023_2024.parquet | sofascore__England_EFL_Championship__2024_2025.parquet | sofascore__England_EFL_Championship__2025_2026.parquet | sofascore__England_Premier_League__2023_2024.parquet | sofascore__England_Premier_League__2024_2025.parquet
goal_mouth_location,30,1,sofascore_match_shots,sofascore_match_shots__England_EFL_Championship__2023_2024.parquet | sofascore_match_shots__England_EFL_Championship__2024_2025.parquet | sofascore_match_shots__England_EFL_Championship__2025_2026.parquet | sofascore_match_shots__England_Premier_League__2023_2024.parquet | sofascore_match_shots__England_Premier_League__2024_2025.parquet
goal_mouth_x,30,1,sofascore_match_shots,sofascore_match_shots__England_EFL_Championship__2023_2024.parquet | sofascore_match_shots__England_EFL_Championship__2024_2025.parquet | sofascore_match_shots__England_EFL_Championship__2025_2026.parquet | sofascore_match_shots__England_Premier_League__2023_2024.parquet | sofascore_match_shots__England_Premier_League__2024_2025.parquet
goal_mouth_y,30,1,sofascore_match_shots,sofascore_match_shots__England_EFL_Championship__2023_2024.parquet | sofascore_match_shots__England_EFL_Championship__2024_2025.parquet | sofascore_match_shots__England_EFL_Championship__2025_2026.parquet | sofascore_match_shots__England_Premier_League__2023_2024.parquet | sofascore_match_shots__England_Premier_League__2024_2025.parquet
goalsPrevented,30,1,sofascore_match_player_stats,sofascore_match_player_stats__England_EFL_Championship__2023_2024.parquet | sofascore_match_player_stats__England_EFL_Championship__2024_2025.parquet | sofascore_match_player_stats__England_EFL_Championship__2025_2026.parquet | sofascore_match_player_stats__England_Premier_League__2023_2024.parquet | sofascore_match_player_stats__England_Premier_League__2024_2025.parquet
goals_assists,30,1,sofascore_season,sofascore__England_EFL_Championship__2023_2024.parquet | sofascore__England_EFL_Championship__2024_2025.parquet | sofascore__England_EFL_Championship__2025_2026.parquet | sofascore__England_Premier_League__2023_2024.parquet | sofascore__England_Premier_League__2024_2025.parquet
goals_conceded,30,1,sofascore_season,sofascore__England_EFL_Championship__2023_2024.parquet | sofascore__England_EFL_Championship__2024_2025.parquet | sofascore__England_EFL_Championship__2025_2026.parquet | sofascore__England_Premier_League__2023_2024.parquet | sofascore__England_Premier_League__2024_2025.parquet
goals_conceded_inside_box,30,1,sofascore_season,sofascore__England_EFL_Championship__2023_2024.parquet | sofascore__England_EFL_Championship__2024_2025.parquet | sofascore__England_EFL_Championship__2025_2026.parquet | sofascore__England_Premier_League__2023_2024.parquet | sofascore__England_Premier_League__2024_2025.parquet
goals_conceded_outside_box,30,1,sofascore_season,sofascore__England_EFL_Championship__2023_2024.parquet | sofascore__England_EFL_Championship__2024_2025.parquet | sofascore__England_EFL_Championship__2025_2026.parquet | sofascore__England_Premier_League__2023_2024.parquet | sofascore__England_Premier_League__2024_2025.parquet
goals_freekick,30,1,sofascore_season,sofascore__England_EFL_Championship__2023_2024.parquet | sofascore__England_EFL_Championship__2024_2025.parquet | sofascore__England_EFL_Championship__2025_2026.parquet | sofascore__England_Premier_League__2023_2024.parquet | sofascore__England_Premier_League__2024_2025.parquet
goals_headed,30,1,sofascore_season,sofascore__England_EFL_Championship__2023_2024.parquet | sofascore__England_EFL_Championship__2024_2025.parquet | sofascore__England_EFL_Championship__2025_2026.parquet | sofascore__England_Premier_League__2023_2024.parquet | sofascore__England_Premier_League__2024_2025.parquet
goals_inside_box,30,1,sofascore_season,sofascore__England_EFL_Championship__2023_2024.parquet | sofascore__England_EFL_Championship__2024_2025.parquet | sofascore__England_EFL_Championship__2025_2026.parquet | sofascore__England_Premier_League__2023_2024.parquet | sofascore__England_Premier_League__2024_2025.parquet
goals_left_foot,30,1,sofascore_season,sofascore__England_EFL_Championship__2023_2024.parquet | sofascore__England_EFL_Championship__2024_2025.parquet | sofascore__England_EFL_Championship__2025_2026.parquet | sofascore__England_Premier_League__2023_2024.parquet | sofascore__England_Premier_League__2024_2025.parquet
goals_outside_box,30,1,sofascore_season,sofascore__England_EFL_Championship__2023_2024.parquet | sofascore__England_EFL_Championship__2024_2025.parquet | sofascore__England_EFL_Championship__2025_2026.parquet | sofascore__England_Premier_League__2023_2024.parquet | sofascore__England_Premier_League__2024_2025.parquet
goals_penalty,30,1,sofascore_season,sofascore__England_EFL_Championship__2023_2024.parquet | sofascore__England_EFL_Championship__2024_2025.parquet | sofascore__England_EFL_Championship__2025_2026.parquet | sofascore__England_Premier_League__2023_2024.parquet | sofascore__England_Premier_League__2024_2025.parquet
goals_prevented,30,1,sofascore_season,sofascore__England_EFL_Championship__2023_2024.parquet | sofascore__England_EFL_Championship__2024_2025.parquet | sofascore__England_EFL_Championship__2025_2026.parquet | sofascore__England_Premier_League__2023_2024.parquet | sofascore__England_Premier_League__2024_2025.parquet
goals_right_foot,30,1,sofascore_season,sofascore__England_EFL_Championship__2023_2024.parquet | sofascore__England_EFL_Championship__2024_2025.parquet | sofascore__England_EFL_Championship__2025_2026.parquet | sofascore__England_Premier_League__2023_2024.parquet | sofascore__England_Premier_League__2024_2025.parquet
goodHighClaim,30,1,sofascore_match_player_stats,sofascore_match_player_stats__England_EFL_Championship__2023_2024.parquet | sofascore_match_player_stats__England_EFL_Championship__2024_2025.parquet | sofascore_match_player_stats__England_EFL_Championship__2025_2026.parquet | sofascore_match_player_stats__England_Premier_League__2023_2024.parquet | sofascore_match_player_stats__England_Premier_League__2024_2025.parquet
ground_duels_won,30,1,sofascore_season,sofascore__England_EFL_Championship__2023_2024.parquet | sofascore__England_EFL_Championship__2024_2025.parquet | sofascore__England_EFL_Championship__2025_2026.parquet | sofascore__England_Premier_League__2023_2024.parquet | sofascore__England_Premier_League__2024_2025.parquet
ground_duels_won_pct,30,1,sofascore_season,sofascore__England_EFL_Championship__2023_2024.parquet | sofascore__England_EFL_Championship__2024_2025.parquet | sofascore__England_EFL_Championship__2025_2026.parquet | sofascore__England_Premier_League__2023_2024.parquet | sofascore__England_Premier_League__2024_2025.parquet
group,30,1,sofascore_match_team_stats,sofascore_match_team_stats__England_EFL_Championship__2023_2024.parquet | sofascore_match_team_stats__England_EFL_Championship__2024_2025.parquet | sofascore_match_team_stats__England_EFL_Championship__2025_2026.parquet | sofascore_match_team_stats__England_Premier_League__2023_2024.parquet | sofascore_match_team_stats__England_Premier_League__2024_2025.parquet
h_a,30,2,understat_match_shots | understat_rosters,understat_match_shots__England_Premier_League__2023_2024.parquet | understat_match_shots__England_Premier_League__2024_2025.parquet | understat_match_shots__England_Premier_League__2025_2026.parquet | understat_match_shots__France_Ligue_1__2023_2024.parquet | understat_match_shots__France_Ligue_1__2024_2025.parquet
height,30,1,sofascore_match_player_stats,sofascore_match_player_stats__England_EFL_Championship__2023_2024.parquet | sofascore_match_player_stats__England_EFL_Championship__2024_2025.parquet | sofascore_match_player_stats__England_EFL_Championship__2025_2026.parquet | sofascore_match_player_stats__England_Premier_League__2023_2024.parquet | sofascore_match_player_stats__England_Premier_League__2024_2025.parquet
high_claims,30,1,sofascore_season,sofascore__England_EFL_Championship__2023_2024.parquet | sofascore__England_EFL_Championship__2024_2025.parquet | sofascore__England_EFL_Championship__2025_2026.parquet | sofascore__England_Premier_League__2023_2024.parquet | sofascore__England_Premier_League__2024_2025.parquet
hitWoodwork,30,1,sofascore_match_player_stats,sofascore_match_player_stats__England_EFL_Championship__2023_2024.parquet | sofascore_match_player_stats__England_EFL_Championship__2024_2025.parquet | sofascore_match_player_stats__England_EFL_Championship__2025_2026.parquet | sofascore_match_player_stats__England_Premier_League__2023_2024.parquet | sofascore_match_player_stats__England_Premier_League__2024_2025.parquet
hit_woodwork,30,1,sofascore_season,sofascore__England_EFL_Championship__2023_2024.parquet | sofascore__England_EFL_Championship__2024_2025.parquet | sofascore__England_EFL_Championship__2025_2026.parquet | sofascore__England_Premier_League__2023_2024.parquet | sofascore__England_Premier_League__2024_2025.parquet
home,30,1,sofascore_match_team_stats,sofascore_match_team_stats__England_EFL_Championship__2023_2024.parquet | sofascore_match_team_stats__England_EFL_Championship__2024_2025.parquet | sofascore_match_team_stats__England_EFL_Championship__2025_2026.parquet | sofascore_match_team_stats__England_Premier_League__2023_2024.parquet | sofascore_match_team_stats__England_Premier_League__2024_2025.parquet
homeTotal,30,1,sofascore_match_team_stats,sofascore_match_team_stats__England_EFL_Championship__2023_2024.parquet | sofascore_match_team_stats__England_EFL_Championship__2024_2025.parquet | sofascore_match_team_stats__England_EFL_Championship__2025_2026.parquet | sofascore_match_team_stats__England_Premier_League__2023_2024.parquet | sofascore_match_team_stats__England_Premier_League__2024_2025.parquet
homeValue,30,1,sofascore_match_team_stats,sofascore_match_team_stats__England_EFL_Championship__2023_2024.parquet | sofascore_match_team_stats__England_EFL_Championship__2024_2025.parquet | sofascore_match_team_stats__England_EFL_Championship__2025_2026.parquet | sofascore_match_team_stats__England_Premier_League__2023_2024.parquet | sofascore_match_team_stats__England_Premier_League__2024_2025.parquet
home_score,30,1,sofascore_match_info,sofascore_match_info__England_EFL_Championship__2023_2024.parquet | sofascore_match_info__England_EFL_Championship__2024_2025.parquet | sofascore_match_info__England_EFL_Championship__2025_2026.parquet | sofascore_match_info__England_Premier_League__2023_2024.parquet | sofascore_match_info__England_Premier_League__2024_2025.parquet
interceptionWon,30,1,sofascore_match_player_stats,sofascore_match_player_stats__England_EFL_Championship__2023_2024.parquet | sofascore_match_player_stats__England_EFL_Championship__2024_2025.parquet | sofascore_match_player_stats__England_EFL_Championship__2025_2026.parquet | sofascore_match_player_stats__England_Premier_League__2023_2024.parquet | sofascore_match_player_stats__England_Premier_League__2024_2025.parquet
interceptions,30,1,sofascore_season,sofascore__England_EFL_Championship__2023_2024.parquet | sofascore__England_EFL_Championship__2024_2025.parquet | sofascore__England_EFL_Championship__2025_2026.parquet | sofascore__England_Premier_League__2023_2024.parquet | sofascore__England_Premier_League__2024_2025.parquet
jerseyNumber,30,1,sofascore_match_player_stats,sofascore_match_player_stats__England_EFL_Championship__2023_2024.parquet | sofascore_match_player_stats__England_EFL_Championship__2024_2025.parquet | sofascore_match_player_stats__England_EFL_Championship__2025_2026.parquet | sofascore_match_player_stats__England_Premier_League__2023_2024.parquet | sofascore_match_player_stats__England_Premier_League__2024_2025.parquet
key,30,1,sofascore_match_team_stats,sofascore_match_team_stats__England_EFL_Championship__2023_2024.parquet | sofascore_match_team_stats__England_EFL_Championship__2024_2025.parquet | sofascore_match_team_stats__England_EFL_Championship__2025_2026.parquet | sofascore_match_team_stats__England_Premier_League__2023_2024.parquet | sofascore_match_team_stats__England_Premier_League__2024_2025.parquet
keyPass,30,1,sofascore_match_player_stats,sofascore_match_player_stats__England_EFL_Championship__2023_2024.parquet | sofascore_match_player_stats__England_EFL_Championship__2024_2025.parquet | sofascore_match_player_stats__England_EFL_Championship__2025_2026.parquet | sofascore_match_player_stats__England_Premier_League__2023_2024.parquet | sofascore_match_player_stats__England_Premier_League__2024_2025.parquet
lastManTackle,30,1,sofascore_match_player_stats,sofascore_match_player_stats__England_EFL_Championship__2023_2024.parquet | sofascore_match_player_stats__England_EFL_Championship__2024_2025.parquet | sofascore_match_player_stats__England_EFL_Championship__2025_2026.parquet | sofascore_match_player_stats__England_Premier_League__2023_2024.parquet | sofascore_match_player_stats__England_Premier_League__2024_2025.parquet
lastName,30,1,sofascore_match_player_stats,sofascore_match_player_stats__England_EFL_Championship__2023_2024.parquet | sofascore_match_player_stats__England_EFL_Championship__2024_2025.parquet | sofascore_match_player_stats__England_EFL_Championship__2025_2026.parquet | sofascore_match_player_stats__England_Premier_League__2023_2024.parquet | sofascore_match_player_stats__England_Premier_League__2024_2025.parquet
long_balls_completed,30,1,sofascore_season,sofascore__England_EFL_Championship__2023_2024.parquet | sofascore__England_EFL_Championship__2024_2025.parquet | sofascore__England_EFL_Championship__2025_2026.parquet | sofascore__England_Premier_League__2023_2024.parquet | sofascore__England_Premier_League__2024_2025.parquet
long_balls_pct,30,1,sofascore_season,sofascore__England_EFL_Championship__2023_2024.parquet | sofascore__England_EFL_Championship__2024_2025.parquet | sofascore__England_EFL_Championship__2025_2026.parquet | sofascore__England_Premier_League__2023_2024.parquet | sofascore__England_Premier_League__2024_2025.parquet
long_balls_total,30,1,sofascore_season,sofascore__England_EFL_Championship__2023_2024.parquet | sofascore__England_EFL_Championship__2024_2025.parquet | sofascore__England_EFL_Championship__2025_2026.parquet | sofascore__England_Premier_League__2023_2024.parquet | sofascore__England_Premier_League__2024_2025.parquet
marketValueCurrency,30,1,sofascore_match_player_stats,sofascore_match_player_stats__England_EFL_Championship__2023_2024.parquet | sofascore_match_player_stats__England_EFL_Championship__2024_2025.parquet | sofascore_match_player_stats__England_EFL_Championship__2025_2026.parquet | sofascore_match_player_stats__England_Premier_League__2023_2024.parquet | sofascore_match_player_stats__England_Premier_League__2024_2025.parquet
match_date,30,1,sofascore_match_info,sofascore_match_info__England_EFL_Championship__2023_2024.parquet | sofascore_match_info__England_EFL_Championship__2024_2025.parquet | sofascore_match_info__England_EFL_Championship__2025_2026.parquet | sofascore_match_info__England_Premier_League__2023_2024.parquet | sofascore_match_info__England_Premier_League__2024_2025.parquet
minutesPlayed,30,1,sofascore_match_player_stats,sofascore_match_player_stats__England_EFL_Championship__2023_2024.parquet | sofascore_match_player_stats__England_EFL_Championship__2024_2025.parquet | sofascore_match_player_stats__England_EFL_Championship__2025_2026.parquet | sofascore_match_player_stats__England_Premier_League__2023_2024.parquet | sofascore_match_player_stats__England_Premier_League__2024_2025.parquet
name,30,1,sofascore_match_team_stats,sofascore_match_team_stats__England_EFL_Championship__2023_2024.parquet | sofascore_match_team_stats__England_EFL_Championship__2024_2025.parquet | sofascore_match_team_stats__England_EFL_Championship__2025_2026.parquet | sofascore_match_team_stats__England_Premier_League__2023_2024.parquet | sofascore_match_team_stats__England_Premier_League__2024_2025.parquet
offsides,30,1,sofascore_season,sofascore__England_EFL_Championship__2023_2024.parquet | sofascore__England_EFL_Championship__2024_2025.parquet | sofascore__England_EFL_Championship__2025_2026.parquet | sofascore__England_Premier_League__2023_2024.parquet | sofascore__England_Premier_League__2024_2025.parquet
onTargetScoringAttempt,30,1,sofascore_match_player_stats,sofascore_match_player_stats__England_EFL_Championship__2023_2024.parquet | sofascore_match_player_stats__England_EFL_Championship__2024_2025.parquet | sofascore_match_player_stats__England_EFL_Championship__2025_2026.parquet | sofascore_match_player_stats__England_Premier_League__2023_2024.parquet | sofascore_match_player_stats__England_Premier_League__2024_2025.parquet
outfield_blocks,30,1,sofascore_season,sofascore__England_EFL_Championship__2023_2024.parquet | sofascore__England_EFL_Championship__2024_2025.parquet | sofascore__England_EFL_Championship__2025_2026.parquet | sofascore__England_Premier_League__2023_2024.parquet | sofascore__England_Premier_League__2024_2025.parquet
outfielderBlock,30,1,sofascore_match_player_stats,sofascore_match_player_stats__England_EFL_Championship__2023_2024.parquet | sofascore_match_player_stats__England_EFL_Championship__2024_2025.parquet | sofascore_match_player_stats__England_EFL_Championship__2025_2026.parquet | sofascore_match_player_stats__England_Premier_League__2023_2024.parquet | sofascore_match_player_stats__England_Premier_League__2024_2025.parquet
ownGoals,30,1,sofascore_match_player_stats,sofascore_match_player_stats__England_EFL_Championship__2023_2024.parquet | sofascore_match_player_stats__England_EFL_Championship__2024_2025.parquet | sofascore_match_player_stats__England_EFL_Championship__2025_2026.parquet | sofascore_match_player_stats__England_Premier_League__2023_2024.parquet | sofascore_match_player_stats__England_Premier_League__2024_2025.parquet
pass_completion_pct,30,1,sofascore_season,sofascore__England_EFL_Championship__2023_2024.parquet | sofascore__England_EFL_Championship__2024_2025.parquet | sofascore__England_EFL_Championship__2025_2026.parquet | sofascore__England_Premier_League__2023_2024.parquet | sofascore__England_Premier_League__2024_2025.parquet
pass_to_assist,30,1,sofascore_season,sofascore__England_EFL_Championship__2023_2024.parquet | sofascore__England_EFL_Championship__2024_2025.parquet | sofascore__England_EFL_Championship__2025_2026.parquet | sofascore__England_Premier_League__2023_2024.parquet | sofascore__England_Premier_League__2024_2025.parquet
passes_completed,30,1,sofascore_season,sofascore__England_EFL_Championship__2023_2024.parquet | sofascore__England_EFL_Championship__2024_2025.parquet | sofascore__England_EFL_Championship__2025_2026.parquet | sofascore__England_Premier_League__2023_2024.parquet | sofascore__England_Premier_League__2024_2025.parquet
passes_final_third,30,1,sofascore_season,sofascore__England_EFL_Championship__2023_2024.parquet | sofascore__England_EFL_Championship__2024_2025.parquet | sofascore__England_EFL_Championship__2025_2026.parquet | sofascore__England_Premier_League__2023_2024.parquet | sofascore__England_Premier_League__2024_2025.parquet
passes_inaccurate,30,1,sofascore_season,sofascore__England_EFL_Championship__2023_2024.parquet | sofascore__England_EFL_Championship__2024_2025.parquet | sofascore__England_EFL_Championship__2025_2026.parquet | sofascore__England_Premier_League__2023_2024.parquet | sofascore__England_Premier_League__2024_2025.parquet
passes_opp_half,30,1,sofascore_season,sofascore__England_EFL_Championship__2023_2024.parquet | sofascore__England_EFL_Championship__2024_2025.parquet | sofascore__England_EFL_Championship__2025_2026.parquet | sofascore__England_Premier_League__2023_2024.parquet | sofascore__England_Premier_League__2024_2025.parquet
passes_opp_half_total,30,1,sofascore_season,sofascore__England_EFL_Championship__2023_2024.parquet | sofascore__England_EFL_Championship__2024_2025.parquet | sofascore__England_EFL_Championship__2025_2026.parquet | sofascore__England_Premier_League__2023_2024.parquet | sofascore__England_Premier_League__2024_2025.parquet
passes_own_half,30,1,sofascore_season,sofascore__England_EFL_Championship__2023_2024.parquet | sofascore__England_EFL_Championship__2024_2025.parquet | sofascore__England_EFL_Championship__2025_2026.parquet | sofascore__England_Premier_League__2023_2024.parquet | sofascore__England_Premier_League__2024_2025.parquet
passes_own_half_total,30,1,sofascore_season,sofascore__England_EFL_Championship__2023_2024.parquet | sofascore__England_EFL_Championship__2024_2025.parquet | sofascore__England_EFL_Championship__2025_2026.parquet | sofascore__England_Premier_League__2023_2024.parquet | sofascore__England_Premier_League__2024_2025.parquet
passes_total,30,1,sofascore_season,sofascore__England_EFL_Championship__2023_2024.parquet | sofascore__England_EFL_Championship__2024_2025.parquet | sofascore__England_EFL_Championship__2025_2026.parquet | sofascore__England_Premier_League__2023_2024.parquet | sofascore__England_Premier_League__2024_2025.parquet
pen_conversion_pct,30,1,sofascore_season,sofascore__England_EFL_Championship__2023_2024.parquet | sofascore__England_EFL_Championship__2024_2025.parquet | sofascore__England_EFL_Championship__2025_2026.parquet | sofascore__England_Premier_League__2023_2024.parquet | sofascore__England_Premier_League__2024_2025.parquet
pen_miss,30,1,sofascore_season,sofascore__England_EFL_Championship__2023_2024.parquet | sofascore__England_EFL_Championship__2024_2025.parquet | sofascore__England_EFL_Championship__2025_2026.parquet | sofascore__England_Premier_League__2023_2024.parquet | sofascore__England_Premier_League__2024_2025.parquet
pen_on_target,30,1,sofascore_season,sofascore__England_EFL_Championship__2023_2024.parquet | sofascore__England_EFL_Championship__2024_2025.parquet | sofascore__England_EFL_Championship__2025_2026.parquet | sofascore__England_Premier_League__2023_2024.parquet | sofascore__England_Premier_League__2024_2025.parquet
pen_post,30,1,sofascore_season,sofascore__England_EFL_Championship__2023_2024.parquet | sofascore__England_EFL_Championship__2024_2025.parquet | sofascore__England_EFL_Championship__2025_2026.parquet | sofascore__England_Premier_League__2023_2024.parquet | sofascore__England_Premier_League__2024_2025.parquet
penaltyConceded,30,1,sofascore_match_player_stats,sofascore_match_player_stats__England_EFL_Championship__2023_2024.parquet | sofascore_match_player_stats__England_EFL_Championship__2024_2025.parquet | sofascore_match_player_stats__England_EFL_Championship__2025_2026.parquet | sofascore_match_player_stats__England_Premier_League__2023_2024.parquet | sofascore_match_player_stats__England_Premier_League__2024_2025.parquet
penaltyFaced,30,1,sofascore_match_player_stats,sofascore_match_player_stats__England_EFL_Championship__2023_2024.parquet | sofascore_match_player_stats__England_EFL_Championship__2024_2025.parquet | sofascore_match_player_stats__England_EFL_Championship__2025_2026.parquet | sofascore_match_player_stats__England_Premier_League__2023_2024.parquet | sofascore_match_player_stats__England_Premier_League__2024_2025.parquet
penaltyMiss,30,1,sofascore_match_player_stats,sofascore_match_player_stats__England_EFL_Championship__2023_2024.parquet | sofascore_match_player_stats__England_EFL_Championship__2024_2025.parquet | sofascore_match_player_stats__England_EFL_Championship__2025_2026.parquet | sofascore_match_player_stats__England_Premier_League__2023_2024.parquet | sofascore_match_player_stats__England_Premier_League__2024_2025.parquet
penaltySave,30,1,sofascore_match_player_stats,sofascore_match_player_stats__England_EFL_Championship__2023_2024.parquet | sofascore_match_player_stats__England_EFL_Championship__2024_2025.parquet | sofascore_match_player_stats__England_EFL_Championship__2025_2026.parquet | sofascore_match_player_stats__England_Premier_League__2023_2024.parquet | sofascore_match_player_stats__England_Premier_League__2024_2025.parquet
penaltyWon,30,1,sofascore_match_player_stats,sofascore_match_player_stats__England_EFL_Championship__2023_2024.parquet | sofascore_match_player_stats__England_EFL_Championship__2024_2025.parquet | sofascore_match_player_stats__England_EFL_Championship__2025_2026.parquet | sofascore_match_player_stats__England_Premier_League__2023_2024.parquet | sofascore_match_player_stats__England_Premier_League__2024_2025.parquet
pens_conceded,30,1,sofascore_season,sofascore__England_EFL_Championship__2023_2024.parquet | sofascore__England_EFL_Championship__2024_2025.parquet | sofascore__England_EFL_Championship__2025_2026.parquet | sofascore__England_Premier_League__2023_2024.parquet | sofascore__England_Premier_League__2024_2025.parquet
pens_faced,30,1,sofascore_season,sofascore__England_EFL_Championship__2023_2024.parquet | sofascore__England_EFL_Championship__2024_2025.parquet | sofascore__England_EFL_Championship__2025_2026.parquet | sofascore__England_Premier_League__2023_2024.parquet | sofascore__England_Premier_League__2024_2025.parquet
pens_saved,30,1,sofascore_season,sofascore__England_EFL_Championship__2023_2024.parquet | sofascore__England_EFL_Championship__2024_2025.parquet | sofascore__England_EFL_Championship__2025_2026.parquet | sofascore__England_Premier_League__2023_2024.parquet | sofascore__England_Premier_League__2024_2025.parquet
pens_taken,30,1,sofascore_season,sofascore__England_EFL_Championship__2023_2024.parquet | sofascore__England_EFL_Championship__2024_2025.parquet | sofascore__England_EFL_Championship__2025_2026.parquet | sofascore__England_Premier_League__2023_2024.parquet | sofascore__England_Premier_League__2024_2025.parquet
pens_won,30,1,sofascore_season,sofascore__England_EFL_Championship__2023_2024.parquet | sofascore__England_EFL_Championship__2024_2025.parquet | sofascore__England_EFL_Championship__2025_2026.parquet | sofascore__England_Premier_League__2023_2024.parquet | sofascore__England_Premier_League__2024_2025.parquet
period,30,1,sofascore_match_team_stats,sofascore_match_team_stats__England_EFL_Championship__2023_2024.parquet | sofascore_match_team_stats__England_EFL_Championship__2024_2025.parquet | sofascore_match_team_stats__England_EFL_Championship__2025_2026.parquet | sofascore_match_team_stats__England_Premier_League__2023_2024.parquet | sofascore_match_team_stats__England_Premier_League__2024_2025.parquet
player_x,30,1,sofascore_match_shots,sofascore_match_shots__England_EFL_Championship__2023_2024.parquet | sofascore_match_shots__England_EFL_Championship__2024_2025.parquet | sofascore_match_shots__England_EFL_Championship__2025_2026.parquet | sofascore_match_shots__England_Premier_League__2023_2024.parquet | sofascore_match_shots__England_Premier_League__2024_2025.parquet
player_y,30,1,sofascore_match_shots,sofascore_match_shots__England_EFL_Championship__2023_2024.parquet | sofascore_match_shots__England_EFL_Championship__2024_2025.parquet | sofascore_match_shots__England_EFL_Championship__2025_2026.parquet | sofascore_match_shots__England_Premier_League__2023_2024.parquet | sofascore_match_shots__England_Premier_League__2024_2025.parquet
possessionLostCtrl,30,1,sofascore_match_player_stats,sofascore_match_player_stats__England_EFL_Championship__2023_2024.parquet | sofascore_match_player_stats__England_EFL_Championship__2024_2025.parquet | sofascore_match_player_stats__England_EFL_Championship__2025_2026.parquet | sofascore_match_player_stats__England_Premier_League__2023_2024.parquet | sofascore_match_player_stats__England_Premier_League__2024_2025.parquet
possession_lost,30,1,sofascore_season,sofascore__England_EFL_Championship__2023_2024.parquet | sofascore__England_EFL_Championship__2024_2025.parquet | sofascore__England_EFL_Championship__2025_2026.parquet | sofascore__England_Premier_League__2023_2024.parquet | sofascore__England_Premier_League__2024_2025.parquet
possession_won_att_third,30,1,sofascore_season,sofascore__England_EFL_Championship__2023_2024.parquet | sofascore__England_EFL_Championship__2024_2025.parquet | sofascore__England_EFL_Championship__2025_2026.parquet | sofascore__England_Premier_League__2023_2024.parquet | sofascore__England_Premier_League__2024_2025.parquet
proposedMarketValueRaw,30,1,sofascore_match_player_stats,sofascore_match_player_stats__England_EFL_Championship__2023_2024.parquet | sofascore_match_player_stats__England_EFL_Championship__2024_2025.parquet | sofascore_match_player_stats__England_EFL_Championship__2025_2026.parquet | sofascore_match_player_stats__England_Premier_League__2023_2024.parquet | sofascore_match_player_stats__England_Premier_League__2024_2025.parquet
rating,30,1,sofascore_match_player_stats,sofascore_match_player_stats__England_EFL_Championship__2023_2024.parquet | sofascore_match_player_stats__England_EFL_Championship__2024_2025.parquet | sofascore_match_player_stats__England_EFL_Championship__2025_2026.parquet | sofascore_match_player_stats__England_Premier_League__2023_2024.parquet | sofascore_match_player_stats__England_Premier_League__2024_2025.parquet
ratingVersions,30,1,sofascore_match_player_stats,sofascore_match_player_stats__England_EFL_Championship__2023_2024.parquet | sofascore_match_player_stats__England_EFL_Championship__2024_2025.parquet | sofascore_match_player_stats__England_EFL_Championship__2025_2026.parquet | sofascore_match_player_stats__England_Premier_League__2023_2024.parquet | sofascore_match_player_stats__England_Premier_League__2024_2025.parquet
red_cards,30,1,sofascore_season,sofascore__England_EFL_Championship__2023_2024.parquet | sofascore__England_EFL_Championship__2024_2025.parquet | sofascore__England_EFL_Championship__2025_2026.parquet | sofascore__England_Premier_League__2023_2024.parquet | sofascore__England_Premier_League__2024_2025.parquet
renderType,30,1,sofascore_match_team_stats,sofascore_match_team_stats__England_EFL_Championship__2023_2024.parquet | sofascore_match_team_stats__England_EFL_Championship__2024_2025.parquet | sofascore_match_team_stats__England_EFL_Championship__2025_2026.parquet | sofascore_match_team_stats__England_Premier_League__2023_2024.parquet | sofascore_match_team_stats__England_Premier_League__2024_2025.parquet
round,30,1,sofascore_match_info,sofascore_match_info__England_EFL_Championship__2023_2024.parquet | sofascore_match_info__England_EFL_Championship__2024_2025.parquet | sofascore_match_info__England_EFL_Championship__2025_2026.parquet | sofascore_match_info__England_Premier_League__2023_2024.parquet | sofascore_match_info__England_Premier_League__2024_2025.parquet
runs_out,30,1,sofascore_season,sofascore__England_EFL_Championship__2023_2024.parquet | sofascore__England_EFL_Championship__2024_2025.parquet | sofascore__England_EFL_Championship__2025_2026.parquet | sofascore__England_Premier_League__2023_2024.parquet | sofascore__England_Premier_League__2024_2025.parquet
runs_out_successful,30,1,sofascore_season,sofascore__England_EFL_Championship__2023_2024.parquet | sofascore__England_EFL_Championship__2024_2025.parquet | sofascore__England_EFL_Championship__2025_2026.parquet | sofascore__England_Premier_League__2023_2024.parquet | sofascore__England_Premier_League__2024_2025.parquet
savedShotsFromInsideTheBox,30,1,sofascore_match_player_stats,sofascore_match_player_stats__England_EFL_Championship__2023_2024.parquet | sofascore_match_player_stats__England_EFL_Championship__2024_2025.parquet | sofascore_match_player_stats__England_EFL_Championship__2025_2026.parquet | sofascore_match_player_stats__England_Premier_League__2023_2024.parquet | sofascore_match_player_stats__England_Premier_League__2024_2025.parquet
saves_caught,30,1,sofascore_season,sofascore__England_EFL_Championship__2023_2024.parquet | sofascore__England_EFL_Championship__2024_2025.parquet | sofascore__England_EFL_Championship__2025_2026.parquet | sofascore__England_Premier_League__2023_2024.parquet | sofascore__England_Premier_League__2024_2025.parquet
saves_inside_box,30,1,sofascore_season,sofascore__England_EFL_Championship__2023_2024.parquet | sofascore__England_EFL_Championship__2024_2025.parquet | sofascore__England_EFL_Championship__2025_2026.parquet | sofascore__England_Premier_League__2023_2024.parquet | sofascore__England_Premier_League__2024_2025.parquet
saves_outside_box,30,1,sofascore_season,sofascore__England_EFL_Championship__2023_2024.parquet | sofascore__England_EFL_Championship__2024_2025.parquet | sofascore__England_EFL_Championship__2025_2026.parquet | sofascore__England_Premier_League__2023_2024.parquet | sofascore__England_Premier_League__2024_2025.parquet
saves_parried,30,1,sofascore_season,sofascore__England_EFL_Championship__2023_2024.parquet | sofascore__England_EFL_Championship__2024_2025.parquet | sofascore__England_EFL_Championship__2025_2026.parquet | sofascore__England_Premier_League__2023_2024.parquet | sofascore__England_Premier_League__2024_2025.parquet
scoring_frequency,30,1,sofascore_season,sofascore__England_EFL_Championship__2023_2024.parquet | sofascore__England_EFL_Championship__2024_2025.parquet | sofascore__England_EFL_Championship__2025_2026.parquet | sofascore__England_Premier_League__2023_2024.parquet | sofascore__England_Premier_League__2024_2025.parquet
set_piece_conversion,30,1,sofascore_season,sofascore__England_EFL_Championship__2023_2024.parquet | sofascore__England_EFL_Championship__2024_2025.parquet | sofascore__England_EFL_Championship__2025_2026.parquet | sofascore__England_Premier_League__2023_2024.parquet | sofascore__England_Premier_League__2024_2025.parquet
shirtNumber,30,1,sofascore_match_player_stats,sofascore_match_player_stats__England_EFL_Championship__2023_2024.parquet | sofascore_match_player_stats__England_EFL_Championship__2024_2025.parquet | sofascore_match_player_stats__England_EFL_Championship__2025_2026.parquet | sofascore_match_player_stats__England_Premier_League__2023_2024.parquet | sofascore_match_player_stats__England_Premier_League__2024_2025.parquet
shortName,30,1,sofascore_match_player_stats,sofascore_match_player_stats__England_EFL_Championship__2023_2024.parquet | sofascore_match_player_stats__England_EFL_Championship__2024_2025.parquet | sofascore_match_player_stats__England_EFL_Championship__2025_2026.parquet | sofascore_match_player_stats__England_Premier_League__2023_2024.parquet | sofascore_match_player_stats__England_Premier_League__2024_2025.parquet
shotOffTarget,30,1,sofascore_match_player_stats,sofascore_match_player_stats__England_EFL_Championship__2023_2024.parquet | sofascore_match_player_stats__England_EFL_Championship__2024_2025.parquet | sofascore_match_player_stats__England_EFL_Championship__2025_2026.parquet | sofascore_match_player_stats__England_Premier_League__2023_2024.parquet | sofascore_match_player_stats__England_Premier_League__2024_2025.parquet
shots_inside_box,30,1,sofascore_season,sofascore__England_EFL_Championship__2023_2024.parquet | sofascore__England_EFL_Championship__2024_2025.parquet | sofascore__England_EFL_Championship__2025_2026.parquet | sofascore__England_Premier_League__2023_2024.parquet | sofascore__England_Premier_League__2024_2025.parquet
shots_off_target,30,1,sofascore_season,sofascore__England_EFL_Championship__2023_2024.parquet | sofascore__England_EFL_Championship__2024_2025.parquet | sofascore__England_EFL_Championship__2025_2026.parquet | sofascore__England_Premier_League__2023_2024.parquet | sofascore__England_Premier_League__2024_2025.parquet
shots_on_target,30,1,sofascore_season,sofascore__England_EFL_Championship__2023_2024.parquet | sofascore__England_EFL_Championship__2024_2025.parquet | sofascore__England_EFL_Championship__2025_2026.parquet | sofascore__England_Premier_League__2023_2024.parquet | sofascore__England_Premier_League__2024_2025.parquet
shots_outside_box,30,1,sofascore_season,sofascore__England_EFL_Championship__2023_2024.parquet | sofascore__England_EFL_Championship__2024_2025.parquet | sofascore__England_EFL_Championship__2025_2026.parquet | sofascore__England_Premier_League__2023_2024.parquet | sofascore__England_Premier_League__2024_2025.parquet
shots_set_piece,30,1,sofascore_season,sofascore__England_EFL_Championship__2023_2024.parquet | sofascore__England_EFL_Championship__2024_2025.parquet | sofascore__England_EFL_Championship__2025_2026.parquet | sofascore__England_Premier_League__2023_2024.parquet | sofascore__England_Premier_League__2024_2025.parquet
slug,30,1,sofascore_match_player_stats,sofascore_match_player_stats__England_EFL_Championship__2023_2024.parquet | sofascore_match_player_stats__England_EFL_Championship__2024_2025.parquet | sofascore_match_player_stats__England_EFL_Championship__2025_2026.parquet | sofascore_match_player_stats__England_Premier_League__2023_2024.parquet | sofascore_match_player_stats__England_Premier_League__2024_2025.parquet
sofascoreId,30,1,sofascore_match_player_stats,sofascore_match_player_stats__England_EFL_Championship__2023_2024.parquet | sofascore_match_player_stats__England_EFL_Championship__2024_2025.parquet | sofascore_match_player_stats__England_EFL_Championship__2025_2026.parquet | sofascore_match_player_stats__England_Premier_League__2023_2024.parquet | sofascore_match_player_stats__England_Premier_League__2024_2025.parquet
sofascore_id,30,1,sofascore_season,sofascore__England_EFL_Championship__2023_2024.parquet | sofascore__England_EFL_Championship__2024_2025.parquet | sofascore__England_EFL_Championship__2025_2026.parquet | sofascore__England_Premier_League__2023_2024.parquet | sofascore__England_Premier_League__2024_2025.parquet
sofascore_rating,30,1,sofascore_season,sofascore__England_EFL_Championship__2023_2024.parquet | sofascore__England_EFL_Championship__2024_2025.parquet | sofascore__England_EFL_Championship__2025_2026.parquet | sofascore__England_Premier_League__2023_2024.parquet | sofascore__England_Premier_League__2024_2025.parquet
sofascore_rating_count,30,1,sofascore_season,sofascore__England_EFL_Championship__2023_2024.parquet | sofascore__England_EFL_Championship__2024_2025.parquet | sofascore__England_EFL_Championship__2025_2026.parquet | sofascore__England_Premier_League__2023_2024.parquet | sofascore__England_Premier_League__2024_2025.parquet
sofascore_rating_total,30,1,sofascore_season,sofascore__England_EFL_Championship__2023_2024.parquet | sofascore__England_EFL_Championship__2024_2025.parquet | sofascore__England_EFL_Championship__2025_2026.parquet | sofascore__England_Premier_League__2023_2024.parquet | sofascore__England_Premier_League__2024_2025.parquet
sofascore_team_id,30,1,sofascore_season,sofascore__England_EFL_Championship__2023_2024.parquet | sofascore__England_EFL_Championship__2024_2025.parquet | sofascore__England_EFL_Championship__2025_2026.parquet | sofascore__England_Premier_League__2023_2024.parquet | sofascore__England_Premier_League__2024_2025.parquet
starts,30,1,sofascore_season,sofascore__England_EFL_Championship__2023_2024.parquet | sofascore__England_EFL_Championship__2024_2025.parquet | sofascore__England_EFL_Championship__2025_2026.parquet | sofascore__England_Premier_League__2023_2024.parquet | sofascore__England_Premier_League__2024_2025.parquet
substitute,30,1,sofascore_match_player_stats,sofascore_match_player_stats__England_EFL_Championship__2023_2024.parquet | sofascore_match_player_stats__England_EFL_Championship__2024_2025.parquet | sofascore_match_player_stats__England_EFL_Championship__2025_2026.parquet | sofascore_match_player_stats__England_Premier_League__2023_2024.parquet | sofascore_match_player_stats__England_Premier_League__2024_2025.parquet
tackles,30,1,sofascore_season,sofascore__England_EFL_Championship__2023_2024.parquet | sofascore__England_EFL_Championship__2024_2025.parquet | sofascore__England_EFL_Championship__2025_2026.parquet | sofascore__England_Premier_League__2023_2024.parquet | sofascore__England_Premier_League__2024_2025.parquet
tackles_won,30,1,sofascore_season,sofascore__England_EFL_Championship__2023_2024.parquet | sofascore__England_EFL_Championship__2024_2025.parquet | sofascore__England_EFL_Championship__2025_2026.parquet | sofascore__England_Premier_League__2023_2024.parquet | sofascore__England_Premier_League__2024_2025.parquet
tackles_won_pct,30,1,sofascore_season,sofascore__England_EFL_Championship__2023_2024.parquet | sofascore__England_EFL_Championship__2024_2025.parquet | sofascore__England_EFL_Championship__2025_2026.parquet | sofascore__England_Premier_League__2023_2024.parquet | sofascore__England_Premier_League__2024_2025.parquet
teamId,30,1,sofascore_match_player_stats,sofascore_match_player_stats__England_EFL_Championship__2023_2024.parquet | sofascore_match_player_stats__England_EFL_Championship__2024_2025.parquet | sofascore_match_player_stats__England_EFL_Championship__2025_2026.parquet | sofascore_match_player_stats__England_Premier_League__2023_2024.parquet | sofascore_match_player_stats__England_Premier_League__2024_2025.parquet
teamName,30,1,sofascore_match_player_stats,sofascore_match_player_stats__England_EFL_Championship__2023_2024.parquet | sofascore_match_player_stats__England_EFL_Championship__2024_2025.parquet | sofascore_match_player_stats__England_EFL_Championship__2025_2026.parquet | sofascore_match_player_stats__England_Premier_League__2023_2024.parquet | sofascore_match_player_stats__England_Premier_League__2024_2025.parquet
totalClearance,30,1,sofascore_match_player_stats,sofascore_match_player_stats__England_EFL_Championship__2023_2024.parquet | sofascore_match_player_stats__England_EFL_Championship__2024_2025.parquet | sofascore_match_player_stats__England_EFL_Championship__2025_2026.parquet | sofascore_match_player_stats__England_Premier_League__2023_2024.parquet | sofascore_match_player_stats__England_Premier_League__2024_2025.parquet
totalContest,30,1,sofascore_match_player_stats,sofascore_match_player_stats__England_EFL_Championship__2023_2024.parquet | sofascore_match_player_stats__England_EFL_Championship__2024_2025.parquet | sofascore_match_player_stats__England_EFL_Championship__2025_2026.parquet | sofascore_match_player_stats__England_Premier_League__2023_2024.parquet | sofascore_match_player_stats__England_Premier_League__2024_2025.parquet
totalCross,30,1,sofascore_match_player_stats,sofascore_match_player_stats__England_EFL_Championship__2023_2024.parquet | sofascore_match_player_stats__England_EFL_Championship__2024_2025.parquet | sofascore_match_player_stats__England_EFL_Championship__2025_2026.parquet | sofascore_match_player_stats__England_Premier_League__2023_2024.parquet | sofascore_match_player_stats__England_Premier_League__2024_2025.parquet
totalKeeperSweeper,30,1,sofascore_match_player_stats,sofascore_match_player_stats__England_EFL_Championship__2023_2024.parquet | sofascore_match_player_stats__England_EFL_Championship__2024_2025.parquet | sofascore_match_player_stats__England_EFL_Championship__2025_2026.parquet | sofascore_match_player_stats__England_Premier_League__2023_2024.parquet | sofascore_match_player_stats__England_Premier_League__2024_2025.parquet
totalLongBalls,30,1,sofascore_match_player_stats,sofascore_match_player_stats__England_EFL_Championship__2023_2024.parquet | sofascore_match_player_stats__England_EFL_Championship__2024_2025.parquet | sofascore_match_player_stats__England_EFL_Championship__2025_2026.parquet | sofascore_match_player_stats__England_Premier_League__2023_2024.parquet | sofascore_match_player_stats__England_Premier_League__2024_2025.parquet
totalOffside,30,1,sofascore_match_player_stats,sofascore_match_player_stats__England_EFL_Championship__2023_2024.parquet | sofascore_match_player_stats__England_EFL_Championship__2024_2025.parquet | sofascore_match_player_stats__England_EFL_Championship__2025_2026.parquet | sofascore_match_player_stats__England_Premier_League__2023_2024.parquet | sofascore_match_player_stats__England_Premier_League__2024_2025.parquet
totalOppositionHalfPasses,30,1,sofascore_match_player_stats,sofascore_match_player_stats__England_EFL_Championship__2023_2024.parquet | sofascore_match_player_stats__England_EFL_Championship__2024_2025.parquet | sofascore_match_player_stats__England_EFL_Championship__2025_2026.parquet | sofascore_match_player_stats__England_Premier_League__2023_2024.parquet | sofascore_match_player_stats__England_Premier_League__2024_2025.parquet
totalOwnHalfPasses,30,1,sofascore_match_player_stats,sofascore_match_player_stats__England_EFL_Championship__2023_2024.parquet | sofascore_match_player_stats__England_EFL_Championship__2024_2025.parquet | sofascore_match_player_stats__England_EFL_Championship__2025_2026.parquet | sofascore_match_player_stats__England_Premier_League__2023_2024.parquet | sofascore_match_player_stats__England_Premier_League__2024_2025.parquet
totalPass,30,1,sofascore_match_player_stats,sofascore_match_player_stats__England_EFL_Championship__2023_2024.parquet | sofascore_match_player_stats__England_EFL_Championship__2024_2025.parquet | sofascore_match_player_stats__England_EFL_Championship__2025_2026.parquet | sofascore_match_player_stats__England_Premier_League__2023_2024.parquet | sofascore_match_player_stats__England_Premier_League__2024_2025.parquet
totalShots,30,1,sofascore_match_player_stats,sofascore_match_player_stats__England_EFL_Championship__2023_2024.parquet | sofascore_match_player_stats__England_EFL_Championship__2024_2025.parquet | sofascore_match_player_stats__England_EFL_Championship__2025_2026.parquet | sofascore_match_player_stats__England_Premier_League__2023_2024.parquet | sofascore_match_player_stats__England_Premier_League__2024_2025.parquet
totalTackle,30,1,sofascore_match_player_stats,sofascore_match_player_stats__England_EFL_Championship__2023_2024.parquet | sofascore_match_player_stats__England_EFL_Championship__2024_2025.parquet | sofascore_match_player_stats__England_EFL_Championship__2025_2026.parquet | sofascore_match_player_stats__England_Premier_League__2023_2024.parquet | sofascore_match_player_stats__England_Premier_League__2024_2025.parquet
totw_appearances,30,1,sofascore_season,sofascore__England_EFL_Championship__2023_2024.parquet | sofascore__England_EFL_Championship__2024_2025.parquet | sofascore__England_EFL_Championship__2025_2026.parquet | sofascore__England_Premier_League__2023_2024.parquet | sofascore__England_Premier_League__2024_2025.parquet
unsuccessfulTouch,30,1,sofascore_match_player_stats,sofascore_match_player_stats__England_EFL_Championship__2023_2024.parquet | sofascore_match_player_stats__England_EFL_Championship__2024_2025.parquet | sofascore_match_player_stats__England_EFL_Championship__2025_2026.parquet | sofascore_match_player_stats__England_Premier_League__2023_2024.parquet | sofascore_match_player_stats__England_Premier_League__2024_2025.parquet
userCount,30,1,sofascore_match_player_stats,sofascore_match_player_stats__England_EFL_Championship__2023_2024.parquet | sofascore_match_player_stats__England_EFL_Championship__2024_2025.parquet | sofascore_match_player_stats__England_EFL_Championship__2025_2026.parquet | sofascore_match_player_stats__England_Premier_League__2023_2024.parquet | sofascore_match_player_stats__England_Premier_League__2024_2025.parquet
value,30,1,sofascore_match_momentum,sofascore_match_momentum__England_EFL_Championship__2023_2024.parquet | sofascore_match_momentum__England_EFL_Championship__2024_2025.parquet | sofascore_match_momentum__England_EFL_Championship__2025_2026.parquet | sofascore_match_momentum__England_Premier_League__2023_2024.parquet | sofascore_match_momentum__England_Premier_League__2024_2025.parquet
valueType,30,1,sofascore_match_team_stats,sofascore_match_team_stats__England_EFL_Championship__2023_2024.parquet | sofascore_match_team_stats__England_EFL_Championship__2024_2025.parquet | sofascore_match_team_stats__England_EFL_Championship__2025_2026.parquet | sofascore_match_team_stats__England_Premier_League__2023_2024.parquet | sofascore_match_team_stats__England_Premier_League__2024_2025.parquet
wasFouled,30,1,sofascore_match_player_stats,sofascore_match_player_stats__England_EFL_Championship__2023_2024.parquet | sofascore_match_player_stats__England_EFL_Championship__2024_2025.parquet | sofascore_match_player_stats__England_EFL_Championship__2025_2026.parquet | sofascore_match_player_stats__England_Premier_League__2023_2024.parquet | sofascore_match_player_stats__England_Premier_League__2024_2025.parquet
wonContest,30,1,sofascore_match_player_stats,sofascore_match_player_stats__England_EFL_Championship__2023_2024.parquet | sofascore_match_player_stats__England_EFL_Championship__2024_2025.parquet | sofascore_match_player_stats__England_EFL_Championship__2025_2026.parquet | sofascore_match_player_stats__England_Premier_League__2023_2024.parquet | sofascore_match_player_stats__England_Premier_League__2024_2025.parquet
wonTackle,30,1,sofascore_match_player_stats,sofascore_match_player_stats__England_EFL_Championship__2023_2024.parquet | sofascore_match_player_stats__England_EFL_Championship__2024_2025.parquet | sofascore_match_player_stats__England_EFL_Championship__2025_2026.parquet | sofascore_match_player_stats__England_Premier_League__2023_2024.parquet | sofascore_match_player_stats__England_Premier_League__2024_2025.parquet
xgot,30,1,sofascore_match_shots,sofascore_match_shots__England_EFL_Championship__2023_2024.parquet | sofascore_match_shots__England_EFL_Championship__2024_2025.parquet | sofascore_match_shots__England_EFL_Championship__2025_2026.parquet | sofascore_match_shots__England_Premier_League__2023_2024.parquet | sofascore_match_shots__England_Premier_League__2024_2025.parquet
yellow_cards,30,1,sofascore_season,sofascore__England_EFL_Championship__2023_2024.parquet | sofascore__England_EFL_Championship__2024_2025.parquet | sofascore__England_EFL_Championship__2025_2026.parquet | sofascore__England_Premier_League__2023_2024.parquet | sofascore__England_Premier_League__2024_2025.parquet
yellow_red_cards,30,1,sofascore_season,sofascore__England_EFL_Championship__2023_2024.parquet | sofascore__England_EFL_Championship__2024_2025.parquet | sofascore__England_EFL_Championship__2025_2026.parquet | sofascore__England_Premier_League__2023_2024.parquet | sofascore__England_Premier_League__2024_2025.parquet
age,25,1,transfermarkt,transfermarkt__Argentina_Liga_Profesional__2023_2024.parquet | transfermarkt__Argentina_Liga_Profesional__2024_2025.parquet | transfermarkt__Belgium_Pro_League__2023_2024.parquet | transfermarkt__Belgium_Pro_League__2024_2025.parquet | transfermarkt__Belgium_Pro_League__2025_2026.parquet
citizenship,25,1,transfermarkt,transfermarkt__Argentina_Liga_Profesional__2023_2024.parquet | transfermarkt__Argentina_Liga_Profesional__2024_2025.parquet | transfermarkt__Belgium_Pro_League__2023_2024.parquet | transfermarkt__Belgium_Pro_League__2024_2025.parquet | transfermarkt__Belgium_Pro_League__2025_2026.parquet
contract_expiration,25,1,transfermarkt,transfermarkt__Argentina_Liga_Profesional__2023_2024.parquet | transfermarkt__Argentina_Liga_Profesional__2024_2025.parquet | transfermarkt__Belgium_Pro_League__2023_2024.parquet | transfermarkt__Belgium_Pro_League__2024_2025.parquet | transfermarkt__Belgium_Pro_League__2025_2026.parquet
dob,25,1,transfermarkt,transfermarkt__Argentina_Liga_Profesional__2023_2024.parquet | transfermarkt__Argentina_Liga_Profesional__2024_2025.parquet | transfermarkt__Belgium_Pro_League__2023_2024.parquet | transfermarkt__Belgium_Pro_League__2024_2025.parquet | transfermarkt__Belgium_Pro_League__2025_2026.parquet
height_m,25,1,transfermarkt,transfermarkt__Argentina_Liga_Profesional__2023_2024.parquet | transfermarkt__Argentina_Liga_Profesional__2024_2025.parquet | transfermarkt__Belgium_Pro_League__2023_2024.parquet | transfermarkt__Belgium_Pro_League__2024_2025.parquet | transfermarkt__Belgium_Pro_League__2025_2026.parquet
joined,25,1,transfermarkt,transfermarkt__Argentina_Liga_Profesional__2023_2024.parquet | transfermarkt__Argentina_Liga_Profesional__2024_2025.parquet | transfermarkt__Belgium_Pro_League__2023_2024.parquet | transfermarkt__Belgium_Pro_League__2024_2025.parquet | transfermarkt__Belgium_Pro_League__2025_2026.parquet
last_club,25,1,transfermarkt,transfermarkt__Argentina_Liga_Profesional__2023_2024.parquet | transfermarkt__Argentina_Liga_Profesional__2024_2025.parquet | transfermarkt__Belgium_Pro_League__2023_2024.parquet | transfermarkt__Belgium_Pro_League__2024_2025.parquet | transfermarkt__Belgium_Pro_League__2025_2026.parquet
market_value_eur,25,1,transfermarkt,transfermarkt__Argentina_Liga_Profesional__2023_2024.parquet | transfermarkt__Argentina_Liga_Profesional__2024_2025.parquet | transfermarkt__Belgium_Pro_League__2023_2024.parquet | transfermarkt__Belgium_Pro_League__2024_2025.parquet | transfermarkt__Belgium_Pro_League__2025_2026.parquet
market_value_str,25,1,transfermarkt,transfermarkt__Argentina_Liga_Profesional__2023_2024.parquet | transfermarkt__Argentina_Liga_Profesional__2024_2025.parquet | transfermarkt__Belgium_Pro_League__2023_2024.parquet | transfermarkt__Belgium_Pro_League__2024_2025.parquet | transfermarkt__Belgium_Pro_League__2025_2026.parquet
nationality,25,1,transfermarkt,transfermarkt__Argentina_Liga_Profesional__2023_2024.parquet | transfermarkt__Argentina_Liga_Profesional__2024_2025.parquet | transfermarkt__Belgium_Pro_League__2023_2024.parquet | transfermarkt__Belgium_Pro_League__2024_2025.parquet | transfermarkt__Belgium_Pro_League__2025_2026.parquet
since,25,1,transfermarkt,transfermarkt__Argentina_Liga_Profesional__2023_2024.parquet | transfermarkt__Argentina_Liga_Profesional__2024_2025.parquet | transfermarkt__Belgium_Pro_League__2023_2024.parquet | transfermarkt__Belgium_Pro_League__2024_2025.parquet | transfermarkt__Belgium_Pro_League__2025_2026.parquet
tm_id,25,1,transfermarkt,transfermarkt__Argentina_Liga_Profesional__2023_2024.parquet | transfermarkt__Argentina_Liga_Profesional__2024_2025.parquet | transfermarkt__Belgium_Pro_League__2023_2024.parquet | transfermarkt__Belgium_Pro_League__2024_2025.parquet | transfermarkt__Belgium_Pro_League__2025_2026.parquet
tm_name,25,1,transfermarkt,transfermarkt__Argentina_Liga_Profesional__2023_2024.parquet | transfermarkt__Argentina_Liga_Profesional__2024_2025.parquet | transfermarkt__Belgium_Pro_League__2023_2024.parquet | transfermarkt__Belgium_Pro_League__2024_2025.parquet | transfermarkt__Belgium_Pro_League__2025_2026.parquet
tm_position,25,1,transfermarkt,transfermarkt__Argentina_Liga_Profesional__2023_2024.parquet | transfermarkt__Argentina_Liga_Profesional__2024_2025.parquet | transfermarkt__Belgium_Pro_League__2023_2024.parquet | transfermarkt__Belgium_Pro_League__2024_2025.parquet | transfermarkt__Belgium_Pro_League__2025_2026.parquet
kilometersCovered,22,1,sofascore_match_player_stats,sofascore_match_player_stats__England_EFL_Championship__2024_2025.parquet | sofascore_match_player_stats__England_EFL_Championship__2025_2026.parquet | sofascore_match_player_stats__England_Premier_League__2024_2025.parquet | sofascore_match_player_stats__England_Premier_League__2025_2026.parquet | sofascore_match_player_stats__France_Ligue_1__2024_2025.parquet
metersCoveredHighSpeedRunningKm,22,1,sofascore_match_player_stats,sofascore_match_player_stats__England_EFL_Championship__2024_2025.parquet | sofascore_match_player_stats__England_EFL_Championship__2025_2026.parquet | sofascore_match_player_stats__England_Premier_League__2024_2025.parquet | sofascore_match_player_stats__England_Premier_League__2025_2026.parquet | sofascore_match_player_stats__France_Ligue_1__2024_2025.parquet
metersCoveredRunningKm,22,1,sofascore_match_player_stats,sofascore_match_player_stats__England_EFL_Championship__2024_2025.parquet | sofascore_match_player_stats__England_EFL_Championship__2025_2026.parquet | sofascore_match_player_stats__England_Premier_League__2024_2025.parquet | sofascore_match_player_stats__England_Premier_League__2025_2026.parquet | sofascore_match_player_stats__France_Ligue_1__2024_2025.parquet
metersCoveredSprintingKm,22,1,sofascore_match_player_stats,sofascore_match_player_stats__England_EFL_Championship__2024_2025.parquet | sofascore_match_player_stats__England_EFL_Championship__2025_2026.parquet | sofascore_match_player_stats__England_Premier_League__2024_2025.parquet | sofascore_match_player_stats__England_Premier_League__2025_2026.parquet | sofascore_match_player_stats__France_Ligue_1__2024_2025.parquet
numberOfSprints,22,1,sofascore_match_player_stats,sofascore_match_player_stats__England_EFL_Championship__2024_2025.parquet | sofascore_match_player_stats__England_EFL_Championship__2025_2026.parquet | sofascore_match_player_stats__England_Premier_League__2024_2025.parquet | sofascore_match_player_stats__England_Premier_League__2025_2026.parquet | sofascore_match_player_stats__France_Ligue_1__2024_2025.parquet
topSpeed,22,1,sofascore_match_player_stats,sofascore_match_player_stats__England_EFL_Championship__2024_2025.parquet | sofascore_match_player_stats__England_EFL_Championship__2025_2026.parquet | sofascore_match_player_stats__England_Premier_League__2024_2025.parquet | sofascore_match_player_stats__England_Premier_League__2025_2026.parquet | sofascore_match_player_stats__France_Ligue_1__2024_2025.parquet
ballCarriesCount,21,1,sofascore_match_player_stats,sofascore_match_player_stats__England_EFL_Championship__2024_2025.parquet | sofascore_match_player_stats__England_EFL_Championship__2025_2026.parquet | sofascore_match_player_stats__England_Premier_League__2024_2025.parquet | sofascore_match_player_stats__England_Premier_League__2025_2026.parquet | sofascore_match_player_stats__France_Ligue_1__2023_2024.parquet
bestBallCarryProgression,21,1,sofascore_match_player_stats,sofascore_match_player_stats__England_EFL_Championship__2024_2025.parquet | sofascore_match_player_stats__England_EFL_Championship__2025_2026.parquet | sofascore_match_player_stats__England_Premier_League__2024_2025.parquet | sofascore_match_player_stats__England_Premier_League__2025_2026.parquet | sofascore_match_player_stats__France_Ligue_1__2023_2024.parquet
progressiveBallCarriesCount,21,1,sofascore_match_player_stats,sofascore_match_player_stats__England_EFL_Championship__2024_2025.parquet | sofascore_match_player_stats__England_EFL_Championship__2025_2026.parquet | sofascore_match_player_stats__England_Premier_League__2024_2025.parquet | sofascore_match_player_stats__England_Premier_League__2025_2026.parquet | sofascore_match_player_stats__France_Ligue_1__2023_2024.parquet
totalBallCarriesDistance,21,1,sofascore_match_player_stats,sofascore_match_player_stats__England_EFL_Championship__2024_2025.parquet | sofascore_match_player_stats__England_EFL_Championship__2025_2026.parquet | sofascore_match_player_stats__England_Premier_League__2024_2025.parquet | sofascore_match_player_stats__England_Premier_League__2025_2026.parquet | sofascore_match_player_stats__France_Ligue_1__2023_2024.parquet
totalProgression,21,1,sofascore_match_player_stats,sofascore_match_player_stats__England_EFL_Championship__2024_2025.parquet | sofascore_match_player_stats__England_EFL_Championship__2025_2026.parquet | sofascore_match_player_stats__England_Premier_League__2024_2025.parquet | sofascore_match_player_stats__England_Premier_League__2025_2026.parquet | sofascore_match_player_stats__France_Ligue_1__2023_2024.parquet
totalProgressiveBallCarriesDistance,21,1,sofascore_match_player_stats,sofascore_match_player_stats__England_EFL_Championship__2024_2025.parquet | sofascore_match_player_stats__England_EFL_Championship__2025_2026.parquet | sofascore_match_player_stats__England_Premier_League__2024_2025.parquet | sofascore_match_player_stats__England_Premier_League__2025_2026.parquet | sofascore_match_player_stats__France_Ligue_1__2023_2024.parquet
keeperSaveValue,20,1,sofascore_match_player_stats,sofascore_match_player_stats__England_EFL_Championship__2024_2025.parquet | sofascore_match_player_stats__England_EFL_Championship__2025_2026.parquet | sofascore_match_player_stats__England_Premier_League__2024_2025.parquet | sofascore_match_player_stats__England_Premier_League__2025_2026.parquet | sofascore_match_player_stats__France_Ligue_1__2024_2025.parquet
X,15,1,understat_match_shots,understat_match_shots__England_Premier_League__2023_2024.parquet | understat_match_shots__England_Premier_League__2024_2025.parquet | understat_match_shots__England_Premier_League__2025_2026.parquet | understat_match_shots__France_Ligue_1__2023_2024.parquet | understat_match_shots__France_Ligue_1__2024_2025.parquet
Y,15,1,understat_match_shots,understat_match_shots__England_Premier_League__2023_2024.parquet | understat_match_shots__England_Premier_League__2024_2025.parquet | understat_match_shots__England_Premier_League__2025_2026.parquet | understat_match_shots__France_Ligue_1__2023_2024.parquet | understat_match_shots__France_Ligue_1__2024_2025.parquet
away_goals,15,1,understat_match_info,understat_match_info__England_Premier_League__2023_2024.parquet | understat_match_info__England_Premier_League__2024_2025.parquet | understat_match_info__England_Premier_League__2025_2026.parquet | understat_match_info__France_Ligue_1__2023_2024.parquet | understat_match_info__France_Ligue_1__2024_2025.parquet
away_team_id,15,1,understat_match_info,understat_match_info__England_Premier_League__2023_2024.parquet | understat_match_info__England_Premier_League__2024_2025.parquet | understat_match_info__England_Premier_League__2025_2026.parquet | understat_match_info__France_Ligue_1__2023_2024.parquet | understat_match_info__France_Ligue_1__2024_2025.parquet
away_xg,15,1,understat_match_info,understat_match_info__England_Premier_League__2023_2024.parquet | understat_match_info__England_Premier_League__2024_2025.parquet | understat_match_info__England_Premier_League__2025_2026.parquet | understat_match_info__France_Ligue_1__2023_2024.parquet | understat_match_info__France_Ligue_1__2024_2025.parquet
datetime,15,1,understat_match_info,understat_match_info__England_Premier_League__2023_2024.parquet | understat_match_info__England_Premier_League__2024_2025.parquet | understat_match_info__England_Premier_League__2025_2026.parquet | understat_match_info__France_Ligue_1__2023_2024.parquet | understat_match_info__France_Ligue_1__2024_2025.parquet
home_goals,15,1,understat_match_info,understat_match_info__England_Premier_League__2023_2024.parquet | understat_match_info__England_Premier_League__2024_2025.parquet | understat_match_info__England_Premier_League__2025_2026.parquet | understat_match_info__France_Ligue_1__2023_2024.parquet | understat_match_info__France_Ligue_1__2024_2025.parquet
home_team_id,15,1,understat_match_info,understat_match_info__England_Premier_League__2023_2024.parquet | understat_match_info__England_Premier_League__2024_2025.parquet | understat_match_info__England_Premier_League__2025_2026.parquet | understat_match_info__France_Ligue_1__2023_2024.parquet | understat_match_info__France_Ligue_1__2024_2025.parquet
home_xg,15,1,understat_match_info,understat_match_info__England_Premier_League__2023_2024.parquet | understat_match_info__England_Premier_League__2024_2025.parquet | understat_match_info__England_Premier_League__2025_2026.parquet | understat_match_info__France_Ligue_1__2023_2024.parquet | understat_match_info__France_Ligue_1__2024_2025.parquet
id,15,1,understat_season,understat__England_Premier_League__2023_2024.parquet | understat__England_Premier_League__2024_2025.parquet | understat__England_Premier_League__2025_2026.parquet | understat__France_Ligue_1__2023_2024.parquet | understat__France_Ligue_1__2024_2025.parquet
last_action,15,1,understat_match_shots,understat_match_shots__England_Premier_League__2023_2024.parquet | understat_match_shots__England_Premier_League__2024_2025.parquet | understat_match_shots__England_Premier_League__2025_2026.parquet | understat_match_shots__France_Ligue_1__2023_2024.parquet | understat_match_shots__France_Ligue_1__2024_2025.parquet
npxg,15,1,understat_season,understat__England_Premier_League__2023_2024.parquet | understat__England_Premier_League__2024_2025.parquet | understat__England_Premier_League__2025_2026.parquet | understat__France_Ligue_1__2023_2024.parquet | understat__France_Ligue_1__2024_2025.parquet
player_assisted,15,1,understat_match_shots,understat_match_shots__England_Premier_League__2023_2024.parquet | understat_match_shots__England_Premier_League__2024_2025.parquet | understat_match_shots__England_Premier_League__2025_2026.parquet | understat_match_shots__France_Ligue_1__2023_2024.parquet | understat_match_shots__France_Ligue_1__2024_2025.parquet
position_order,15,1,understat_rosters,understat_rosters__England_Premier_League__2023_2024.parquet | understat_rosters__England_Premier_League__2024_2025.parquet | understat_rosters__England_Premier_League__2025_2026.parquet | understat_rosters__France_Ligue_1__2023_2024.parquet | understat_rosters__France_Ligue_1__2024_2025.parquet
red_card,15,1,understat_rosters,understat_rosters__England_Premier_League__2023_2024.parquet | understat_rosters__England_Premier_League__2024_2025.parquet | understat_rosters__England_Premier_League__2025_2026.parquet | understat_rosters__France_Ligue_1__2023_2024.parquet | understat_rosters__France_Ligue_1__2024_2025.parquet
result,15,1,understat_match_shots,understat_match_shots__England_Premier_League__2023_2024.parquet | understat_match_shots__England_Premier_League__2024_2025.parquet | understat_match_shots__England_Premier_League__2025_2026.parquet | understat_match_shots__France_Ligue_1__2023_2024.parquet | understat_match_shots__France_Ligue_1__2024_2025.parquet
roster_entry_id,15,1,understat_rosters,understat_rosters__England_Premier_League__2023_2024.parquet | understat_rosters__England_Premier_League__2024_2025.parquet | understat_rosters__England_Premier_League__2025_2026.parquet | understat_rosters__France_Ligue_1__2023_2024.parquet | understat_rosters__France_Ligue_1__2024_2025.parquet
roster_in,15,1,understat_rosters,understat_rosters__England_Premier_League__2023_2024.parquet | understat_rosters__England_Premier_League__2024_2025.parquet | understat_rosters__England_Premier_League__2025_2026.parquet | understat_rosters__France_Ligue_1__2023_2024.parquet | understat_rosters__France_Ligue_1__2024_2025.parquet
roster_out,15,1,understat_rosters,understat_rosters__England_Premier_League__2023_2024.parquet | understat_rosters__England_Premier_League__2024_2025.parquet | understat_rosters__England_Premier_League__2025_2026.parquet | understat_rosters__France_Ligue_1__2023_2024.parquet | understat_rosters__France_Ligue_1__2024_2025.parquet
us_assists,15,1,understat_season,understat__England_Premier_League__2023_2024.parquet | understat__England_Premier_League__2024_2025.parquet | understat__England_Premier_League__2025_2026.parquet | understat__France_Ligue_1__2023_2024.parquet | understat__France_Ligue_1__2024_2025.parquet
us_games,15,1,understat_season,understat__England_Premier_League__2023_2024.parquet | understat__England_Premier_League__2024_2025.parquet | understat__England_Premier_League__2025_2026.parquet | understat__France_Ligue_1__2023_2024.parquet | understat__France_Ligue_1__2024_2025.parquet
us_goals,15,1,understat_season,understat__England_Premier_League__2023_2024.parquet | understat__England_Premier_League__2024_2025.parquet | understat__England_Premier_League__2025_2026.parquet | understat__France_Ligue_1__2023_2024.parquet | understat__France_Ligue_1__2024_2025.parquet
us_key_passes,15,1,understat_season,understat__England_Premier_League__2023_2024.parquet | understat__England_Premier_League__2024_2025.parquet | understat__England_Premier_League__2025_2026.parquet | understat__France_Ligue_1__2023_2024.parquet | understat__France_Ligue_1__2024_2025.parquet
us_minutes,15,1,understat_season,understat__England_Premier_League__2023_2024.parquet | understat__England_Premier_League__2024_2025.parquet | understat__England_Premier_League__2025_2026.parquet | understat__France_Ligue_1__2023_2024.parquet | understat__France_Ligue_1__2024_2025.parquet
us_npg,15,1,understat_season,understat__England_Premier_League__2023_2024.parquet | understat__England_Premier_League__2024_2025.parquet | understat__England_Premier_League__2025_2026.parquet | understat__France_Ligue_1__2023_2024.parquet | understat__France_Ligue_1__2024_2025.parquet
us_pos,15,1,understat_season,understat__England_Premier_League__2023_2024.parquet | understat__England_Premier_League__2024_2025.parquet | understat__England_Premier_League__2025_2026.parquet | understat__France_Ligue_1__2023_2024.parquet | understat__France_Ligue_1__2024_2025.parquet
us_red_cards,15,1,understat_season,understat__England_Premier_League__2023_2024.parquet | understat__England_Premier_League__2024_2025.parquet | understat__England_Premier_League__2025_2026.parquet | understat__France_Ligue_1__2023_2024.parquet | understat__France_Ligue_1__2024_2025.parquet
us_shots,15,1,understat_season,understat__England_Premier_League__2023_2024.parquet | understat__England_Premier_League__2024_2025.parquet | understat__England_Premier_League__2025_2026.parquet | understat__France_Ligue_1__2023_2024.parquet | understat__France_Ligue_1__2024_2025.parquet
us_team,15,1,understat_season,understat__England_Premier_League__2023_2024.parquet | understat__England_Premier_League__2024_2025.parquet | understat__England_Premier_League__2025_2026.parquet | understat__France_Ligue_1__2023_2024.parquet | understat__France_Ligue_1__2024_2025.parquet
us_yellow_cards,15,1,understat_season,understat__England_Premier_League__2023_2024.parquet | understat__England_Premier_League__2024_2025.parquet | understat__England_Premier_League__2025_2026.parquet | understat__France_Ligue_1__2023_2024.parquet | understat__France_Ligue_1__2024_2025.parquet
xA,15,1,understat_rosters,understat_rosters__England_Premier_League__2023_2024.parquet | understat_rosters__England_Premier_League__2024_2025.parquet | understat_rosters__England_Premier_League__2025_2026.parquet | understat_rosters__France_Ligue_1__2023_2024.parquet | understat_rosters__France_Ligue_1__2024_2025.parquet
xGBuildup,15,1,understat_rosters,understat_rosters__England_Premier_League__2023_2024.parquet | understat_rosters__England_Premier_League__2024_2025.parquet | understat_rosters__England_Premier_League__2025_2026.parquet | understat_rosters__France_Ligue_1__2023_2024.parquet | understat_rosters__France_Ligue_1__2024_2025.parquet
xGChain,15,1,understat_rosters,understat_rosters__England_Premier_League__2023_2024.parquet | understat_rosters__England_Premier_League__2024_2025.parquet | understat_rosters__England_Premier_League__2025_2026.parquet | understat_rosters__France_Ligue_1__2023_2024.parquet | understat_rosters__France_Ligue_1__2024_2025.parquet
xg_buildup,15,1,understat_season,understat__England_Premier_League__2023_2024.parquet | understat__England_Premier_League__2024_2025.parquet | understat__England_Premier_League__2025_2026.parquet | understat__France_Ligue_1__2023_2024.parquet | understat__France_Ligue_1__2024_2025.parquet
xg_chain,15,1,understat_season,understat__England_Premier_League__2023_2024.parquet | understat__England_Premier_League__2024_2025.parquet | understat__England_Premier_League__2025_2026.parquet | understat__France_Ligue_1__2023_2024.parquet | understat__France_Ligue_1__2024_2025.parquet
yellow_card,15,1,understat_rosters,understat_rosters__England_Premier_League__2023_2024.parquet | understat_rosters__England_Premier_League__2024_2025.parquet | understat_rosters__England_Premier_League__2025_2026.parquet | understat_rosters__France_Ligue_1__2023_2024.parquet | understat_rosters__France_Ligue_1__2024_2025.parquet
penaltyShootoutGoal,11,1,sofascore_match_player_stats,sofascore_match_player_stats__France_Ligue_1__2023_2024.parquet | sofascore_match_player_stats__France_Ligue_1__2025_2026.parquet | sofascore_match_player_stats__Germany_Bundesliga__2023_2024.parquet | sofascore_match_player_stats__Netherlands_Eredivisie__2024_2025.parquet | sofascore_match_player_stats__Netherlands_Eredivisie__2025_2026.parquet
penaltyShootoutMiss,11,1,sofascore_match_player_stats,sofascore_match_player_stats__France_Ligue_1__2023_2024.parquet | sofascore_match_player_stats__France_Ligue_1__2025_2026.parquet | sofascore_match_player_stats__Germany_Bundesliga__2023_2024.parquet | sofascore_match_player_stats__Netherlands_Eredivisie__2024_2025.parquet | sofascore_match_player_stats__Netherlands_Eredivisie__2025_2026.parquet
defensiveValueNormalized,10,1,sofascore_match_player_stats,sofascore_match_player_stats__England_EFL_Championship__2025_2026.parquet | sofascore_match_player_stats__England_Premier_League__2025_2026.parquet | sofascore_match_player_stats__France_Ligue_1__2025_2026.parquet | sofascore_match_player_stats__Germany_Bundesliga__2025_2026.parquet | sofascore_match_player_stats__Italy_Serie_A__2025_2026.parquet
dribbleValueNormalized,10,1,sofascore_match_player_stats,sofascore_match_player_stats__England_EFL_Championship__2025_2026.parquet | sofascore_match_player_stats__England_Premier_League__2025_2026.parquet | sofascore_match_player_stats__France_Ligue_1__2025_2026.parquet | sofascore_match_player_stats__Germany_Bundesliga__2025_2026.parquet | sofascore_match_player_stats__Italy_Serie_A__2025_2026.parquet
goalkeeperValueNormalized,10,1,sofascore_match_player_stats,sofascore_match_player_stats__England_EFL_Championship__2025_2026.parquet | sofascore_match_player_stats__England_Premier_League__2025_2026.parquet | sofascore_match_player_stats__France_Ligue_1__2025_2026.parquet | sofascore_match_player_stats__Germany_Bundesliga__2025_2026.parquet | sofascore_match_player_stats__Italy_Serie_A__2025_2026.parquet
passValueNormalized,10,1,sofascore_match_player_stats,sofascore_match_player_stats__England_EFL_Championship__2025_2026.parquet | sofascore_match_player_stats__England_Premier_League__2025_2026.parquet | sofascore_match_player_stats__France_Ligue_1__2025_2026.parquet | sofascore_match_player_stats__Germany_Bundesliga__2025_2026.parquet | sofascore_match_player_stats__Italy_Serie_A__2025_2026.parquet
penaltyShootoutSave,10,1,sofascore_match_player_stats,sofascore_match_player_stats__France_Ligue_1__2023_2024.parquet | sofascore_match_player_stats__France_Ligue_1__2025_2026.parquet | sofascore_match_player_stats__Germany_Bundesliga__2023_2024.parquet | sofascore_match_player_stats__Netherlands_Eredivisie__2025_2026.parquet | sofascore_match_player_stats__UEFA_Champions_League__2023_2024.parquet
shotValueNormalized,10,1,sofascore_match_player_stats,sofascore_match_player_stats__England_EFL_Championship__2025_2026.parquet | sofascore_match_player_stats__England_Premier_League__2025_2026.parquet | sofascore_match_player_stats__France_Ligue_1__2025_2026.parquet | sofascore_match_player_stats__Germany_Bundesliga__2025_2026.parquet | sofascore_match_player_stats__Italy_Serie_A__2025_2026.parquet
0,2,1,sofascore_match_player_stats,sofascore_match_player_stats__UEFA_Champions_League__2023_2024.parquet | sofascore_match_player_stats__UEFA_Europa_League__2024_2025.parquet
metersCoveredJoggingKm,2,1,sofascore_match_player_stats,sofascore_match_player_stats__England_Premier_League__2025_2026.parquet | sofascore_match_player_stats__UEFA_Champions_League__2025_2026.parquet
metersCoveredWalkingKm,2,1,sofascore_match_player_stats,sofascore_match_player_stats__England_Premier_League__2025_2026.parquet | sofascore_match_player_stats__UEFA_Champions_League__2025_2026.parquet
snapshot_date,2,1,clubelo,clubelo__fixtures__2026_07_31.parquet | clubelo__global__2026_07_31.parquet
away_win_prob,1,1,clubelo,clubelo__fixtures__2026_07_31.parquet
club,1,1,clubelo,clubelo__global__2026_07_31.parquet
date,1,1,clubelo,clubelo__fixtures__2026_07_31.parquet
draw_prob,1,1,clubelo,clubelo__fixtures__2026_07_31.parquet
elo,1,1,clubelo,clubelo__global__2026_07_31.parquet
home_win_prob,1,1,clubelo,clubelo__fixtures__2026_07_31.parquet
level,1,1,clubelo,clubelo__global__2026_07_31.parquet
rank,1,1,clubelo,clubelo__global__2026_07_31.parquet
valid_from,1,1,clubelo,clubelo__global__2026_07_31.parquet
valid_to,1,1,clubelo,clubelo__global__2026_07_31.parquet
