filename,full_path,source_type,competition,season,rows,columns,row_groups,size_mb,modified_utc,sha256,status,error
clubelo__fixtures__2026_07_31.parquet,C:\Users\calum\AppData\Local\Python\pythoncore-3.14-64\Lib\site-packages\data\raw\clubelo__fixtures__2026_07_31.parquet,clubelo,fixtures 2026 07 31,,77,8,1,0.009,2026-07-31T14:09:31.107747793+00:00,7cb8aea949ebb5887afecf984de4bdbd4ae94f665015bad7c2ceb9da2b9c7f58,ok,
clubelo__global__2026_07_31.parquet,C:\Users\calum\AppData\Local\Python\pythoncore-3.14-64\Lib\site-packages\data\raw\clubelo__global__2026_07_31.parquet,clubelo,global 2026 07 31,,589,8,1,0.018,2026-07-31T14:09:30.370664120+00:00,2686c52f75eee5d587e266c5d00703a1031f94d69a91bf078a115eb25cd9df85,ok,
sofascore__England_EFL_Championship__2023_2024.parquet,C:\Users\calum\AppData\Local\Python\pythoncore-3.14-64\Lib\site-packages\data\raw\sofascore__England_EFL_Championship__2023_2024.parquet,sofascore_season,England EFL Championship,2023-2024,706,117,1,0.209,2026-07-28T04:55:02.478949070+00:00,f63f9c0adaa610af26babe2cf69aa52dc10770c7733e4f5f9eab06cef8c9c99a,ok,
sofascore__England_EFL_Championship__2024_2025.parquet,C:\Users\calum\AppData\Local\Python\pythoncore-3.14-64\Lib\site-packages\data\raw\sofascore__England_EFL_Championship__2024_2025.parquet,sofascore_season,England EFL Championship,2024-2025,737,117,1,0.212,2026-07-28T04:54:48.484709501+00:00,4e98bd6d453037181b4c515c5bc7d6be397af17fd478f4eb6c64504fb1296a3f,ok,
sofascore__England_EFL_Championship__2025_2026.parquet,C:\Users\calum\AppData\Local\Python\pythoncore-3.14-64\Lib\site-packages\data\raw\sofascore__England_EFL_Championship__2025_2026.parquet,sofascore_season,England EFL Championship,2025-2026,748,117,1,0.216,2026-07-28T04:54:34.274895191+00:00,52f95d1f207ab8e8699e92d6236ad70a1bdcceec8581fb9b0cff3eb20e2c5358,ok,
sofascore__England_Premier_League__2023_2024.parquet,C:\Users\calum\AppData\Local\Python\pythoncore-3.14-64\Lib\site-packages\data\raw\sofascore__England_Premier_League__2023_2024.parquet,sofascore_season,England Premier League,2023-2024,570,117,1,0.186,2026-07-28T04:49:15.371072769+00:00,131473ba53d7fc2c1247027c6ce6a0c01d91ac5adc65378cbb0e6e25404e8322,ok,
sofascore__England_Premier_League__2024_2025.parquet,C:\Users\calum\AppData\Local\Python\pythoncore-3.14-64\Lib\site-packages\data\raw\sofascore__England_Premier_League__2024_2025.parquet,sofascore_season,England Premier League,2024-2025,562,117,1,0.183,2026-07-28T04:49:04.357026100+00:00,274baaedf7d7ed431895e1a2f7911cb99067748ac5f56388b8b2e17488836e19,ok,
sofascore__England_Premier_League__2025_2026.parquet,C:\Users\calum\AppData\Local\Python\pythoncore-3.14-64\Lib\site-packages\data\raw\sofascore__England_Premier_League__2025_2026.parquet,sofascore_season,England Premier League,2025-2026,537,117,1,0.181,2026-07-28T04:48:53.252634048+00:00,558126b64cb1da89d7be72f262a434a3853a3683a3c34d91592e69f29d50494a,ok,
sofascore__France_Ligue_1__2023_2024.parquet,C:\Users\calum\AppData\Local\Python\pythoncore-3.14-64\Lib\site-packages\data\raw\sofascore__France_Ligue_1__2023_2024.parquet,sofascore_season,France Ligue 1,2023-2024,525,117,1,0.174,2026-07-28T04:51:31.393549919+00:00,701f4ec02f75c8135270a0a6da06e4f9aafb26fd1fdc41e92b04fba479d85d91,ok,
sofascore__France_Ligue_1__2024_2025.parquet,C:\Users\calum\AppData\Local\Python\pythoncore-3.14-64\Lib\site-packages\data\raw\sofascore__France_Ligue_1__2024_2025.parquet,sofascore_season,France Ligue 1,2024-2025,542,117,1,0.175,2026-07-28T04:51:20.299431324+00:00,7a2e588cfbf857bede7a4c44c712f0b6a91ee5797d588871657aa1d2861708cf,ok,
sofascore__France_Ligue_1__2025_2026.parquet,C:\Users\calum\AppData\Local\Python\pythoncore-3.14-64\Lib\site-packages\data\raw\sofascore__France_Ligue_1__2025_2026.parquet,sofascore_season,France Ligue 1,2025-2026,551,117,1,0.177,2026-07-28T04:51:09.220881701+00:00,99ff60896474347b53bd9e5a2b6122f46adff1f0ba3180a128c69ded6365e573,ok,
sofascore__Germany_Bundesliga__2023_2024.parquet,C:\Users\calum\AppData\Local\Python\pythoncore-3.14-64\Lib\site-packages\data\raw\sofascore__Germany_Bundesliga__2023_2024.parquet,sofascore_season,Germany Bundesliga,2023-2024,494,117,1,0.171,2026-07-28T04:50:20.440720797+00:00,e9afdc46e2d6fca50bd83e42dbe67813334570b0762b6a15dd0501ded9c309d6,ok,
sofascore__Germany_Bundesliga__2024_2025.parquet,C:\Users\calum\AppData\Local\Python\pythoncore-3.14-64\Lib\site-packages\data\raw\sofascore__Germany_Bundesliga__2024_2025.parquet,sofascore_season,Germany Bundesliga,2024-2025,481,117,1,0.169,2026-07-28T04:50:10.831727982+00:00,ad24d7cf72628d1e328f41be3d1bc29b0428ccba7050a8c88874bc466283089b,ok,
sofascore__Germany_Bundesliga__2025_2026.parquet,C:\Users\calum\AppData\Local\Python\pythoncore-3.14-64\Lib\site-packages\data\raw\sofascore__Germany_Bundesliga__2025_2026.parquet,sofascore_season,Germany Bundesliga,2025-2026,499,117,1,0.172,2026-07-28T04:50:01.226495743+00:00,ee1624d951517f0d59dbabb706384fdc36f35f146e9431fbd9dde7a5eed83411,ok,
sofascore__Italy_Serie_A__2023_2024.parquet,C:\Users\calum\AppData\Local\Python\pythoncore-3.14-64\Lib\site-packages\data\raw\sofascore__Italy_Serie_A__2023_2024.parquet,sofascore_season,Italy Serie A,2023-2024,591,117,1,0.185,2026-07-28T04:50:56.940863371+00:00,6c39b4826a373a455a680d1d150ece8c0126d459e623b7a4b17ab70becf270e8,ok,
sofascore__Italy_Serie_A__2024_2025.parquet,C:\Users\calum\AppData\Local\Python\pythoncore-3.14-64\Lib\site-packages\data\raw\sofascore__Italy_Serie_A__2024_2025.parquet,sofascore_season,Italy Serie A,2024-2025,600,117,1,0.186,2026-07-28T04:50:43.713398218+00:00,9e4eab419ce504dcef8ea0d505eac34b252198259522d423e2b5a70becf7665b,ok,
sofascore__Italy_Serie_A__2025_2026.parquet,C:\Users\calum\AppData\Local\Python\pythoncore-3.14-64\Lib\site-packages\data\raw\sofascore__Italy_Serie_A__2025_2026.parquet,sofascore_season,Italy Serie A,2025-2026,586,117,1,0.186,2026-07-28T04:50:32.596423388+00:00,3686597de60eb25913988f7b41ab41dbbb202273ef55449fd2ef20db1eb161ae,ok,
sofascore__Netherlands_Eredivisie__2023_2024.parquet,C:\Users\calum\AppData\Local\Python\pythoncore-3.14-64\Lib\site-packages\data\raw\sofascore__Netherlands_Eredivisie__2023_2024.parquet,sofascore_season,Netherlands Eredivisie,2023-2024,516,117,1,0.174,2026-07-28T04:52:05.597031593+00:00,7d03dda97467dd64f89e1fc4ed6202285aa1952a8d790e164c78d440992e1266,ok,
sofascore__Netherlands_Eredivisie__2024_2025.parquet,C:\Users\calum\AppData\Local\Python\pythoncore-3.14-64\Lib\site-packages\data\raw\sofascore__Netherlands_Eredivisie__2024_2025.parquet,sofascore_season,Netherlands Eredivisie,2024-2025,520,117,1,0.173,2026-07-28T04:51:54.620924950+00:00,4482063688bbbf42151451e4ace06d289e8c78a105a43ee623d736c211cfe819,ok,
sofascore__Netherlands_Eredivisie__2025_2026.parquet,C:\Users\calum\AppData\Local\Python\pythoncore-3.14-64\Lib\site-packages\data\raw\sofascore__Netherlands_Eredivisie__2025_2026.parquet,sofascore_season,Netherlands Eredivisie,2025-2026,531,117,1,0.176,2026-07-28T04:51:43.618961573+00:00,12df8e446b69b87f914f47db6eb508a83f483d2e988b4d6157b449638ec985dd,ok,
sofascore__Portugal_Primeira_Liga__2023_2024.parquet,C:\Users\calum\AppData\Local\Python\pythoncore-3.14-64\Lib\site-packages\data\raw\sofascore__Portugal_Primeira_Liga__2023_2024.parquet,sofascore_season,Portugal Primeira Liga,2023-2024,526,117,1,0.173,2026-07-28T04:52:39.971736908+00:00,dba4a7f96ee09ff7ee182e3a594bf31a27fad44598759cfbd449c8522695c2f9,ok,
sofascore__Portugal_Primeira_Liga__2024_2025.parquet,C:\Users\calum\AppData\Local\Python\pythoncore-3.14-64\Lib\site-packages\data\raw\sofascore__Portugal_Primeira_Liga__2024_2025.parquet,sofascore_season,Portugal Primeira Liga,2024-2025,568,117,1,0.175,2026-07-28T04:52:29.018902779+00:00,7494255c0638971958f3baf3e82798e9e63e471e046f83254f60dde1d43b1ee2,ok,
sofascore__Portugal_Primeira_Liga__2025_2026.parquet,C:\Users\calum\AppData\Local\Python\pythoncore-3.14-64\Lib\site-packages\data\raw\sofascore__Portugal_Primeira_Liga__2025_2026.parquet,sofascore_season,Portugal Primeira Liga,2025-2026,574,117,1,0.178,2026-07-28T04:52:17.939641714+00:00,c0d0d20de2f81807553a1dc255245756bc038124b2221d526552abae476197d3,ok,
sofascore__Spain_La_Liga__2023_2024.parquet,C:\Users\calum\AppData\Local\Python\pythoncore-3.14-64\Lib\site-packages\data\raw\sofascore__Spain_La_Liga__2023_2024.parquet,sofascore_season,Spain La Liga,2023-2024,598,117,1,0.186,2026-07-28T04:49:50.270277262+00:00,743f111f1cb423bb1e0bf5ca76fdf4920e339364a887efd059b5fc890b0e46f0,ok,
sofascore__Spain_La_Liga__2024_2025.parquet,C:\Users\calum\AppData\Local\Python\pythoncore-3.14-64\Lib\site-packages\data\raw\sofascore__Spain_La_Liga__2024_2025.parquet,sofascore_season,Spain La Liga,2024-2025,589,117,1,0.184,2026-07-28T04:49:39.096960783+00:00,13173fc1b3cb23af34189bc3cb03373057b975b5e4171422ca0a6154842c89b9,ok,
sofascore__Spain_La_Liga__2025_2026.parquet,C:\Users\calum\AppData\Local\Python\pythoncore-3.14-64\Lib\site-packages\data\raw\sofascore__Spain_La_Liga__2025_2026.parquet,sofascore_season,Spain La Liga,2025-2026,600,117,1,0.186,2026-07-28T04:49:27.799516201+00:00,a988fc748a3544d396ee9ee98e6bbcf038181719e87e006787ff218fe31e50ed,ok,
sofascore__UEFA_Champions_League__2023_2024.parquet,C:\Users\calum\AppData\Local\Python\pythoncore-3.14-64\Lib\site-packages\data\raw\sofascore__UEFA_Champions_League__2023_2024.parquet,sofascore_season,UEFA Champions League,2023-2024,724,117,1,0.171,2026-07-28T04:53:26.611982346+00:00,fe22c2427b6d9790ee1309a25b0e83a3b040e5477923ce1d0a542f5fa00e55a0,ok,
sofascore__UEFA_Champions_League__2024_2025.parquet,C:\Users\calum\AppData\Local\Python\pythoncore-3.14-64\Lib\site-packages\data\raw\sofascore__UEFA_Champions_League__2024_2025.parquet,sofascore_season,UEFA Champions League,2024-2025,879,117,1,0.196,2026-07-28T04:53:12.596438885+00:00,cec13a0cba61299e9d6f579cbd96cacc8f0e85b7a26f93782617523f8c76aa6a,ok,
sofascore__UEFA_Champions_League__2025_2026.parquet,C:\Users\calum\AppData\Local\Python\pythoncore-3.14-64\Lib\site-packages\data\raw\sofascore__UEFA_Champions_League__2025_2026.parquet,sofascore_season,UEFA Champions League,2025-2026,878,117,1,0.198,2026-07-28T04:52:56.928850889+00:00,bc2edef929486a4dad6100dd51e41e2520def2e1e088ed3fefe799458d50826d,ok,
sofascore__UEFA_Europa_League__2023_2024.parquet,C:\Users\calum\AppData\Local\Python\pythoncore-3.14-64\Lib\site-packages\data\raw\sofascore__UEFA_Europa_League__2023_2024.parquet,sofascore_season,UEFA Europa League,2023-2024,909,117,1,0.189,2026-07-28T04:54:19.053074598+00:00,53ca32dc404ecc42f6da9c7639a7b6410a31af7c1976e66d364687511880e3a7,ok,
sofascore__UEFA_Europa_League__2024_2025.parquet,C:\Users\calum\AppData\Local\Python\pythoncore-3.14-64\Lib\site-packages\data\raw\sofascore__UEFA_Europa_League__2024_2025.parquet,sofascore_season,UEFA Europa League,2024-2025,912,117,1,0.199,2026-07-28T04:54:01.915036917+00:00,ce64823a895a8dd3ee6f53768d11bb71b0677a425e3f6047ff86dbec32c25005,ok,
sofascore__UEFA_Europa_League__2025_2026.parquet,C:\Users\calum\AppData\Local\Python\pythoncore-3.14-64\Lib\site-packages\data\raw\sofascore__UEFA_Europa_League__2025_2026.parquet,sofascore_season,UEFA Europa League,2025-2026,920,117,1,0.198,2026-07-28T04:53:44.882056952+00:00,56ae8da7ac551f3a6d20f4491ff82ceaa9a9750a767d7d73a6c9f1d791c9d055,ok,
sofascore_match_info__England_EFL_Championship__2023_2024.parquet,C:\Users\calum\AppData\Local\Python\pythoncore-3.14-64\Lib\site-packages\data\raw\sofascore_match_info__England_EFL_Championship__2023_2024.parquet,sofascore_match_info,England EFL Championship,2023-2024,557,9,1,0.013,2026-07-28T05:03:54.339251995+00:00,1c13be93be1487f0c6aec10379e33a80e2647faf18c74af0dc5caead59323ded,ok,
sofascore_match_info__England_EFL_Championship__2024_2025.parquet,C:\Users\calum\AppData\Local\Python\pythoncore-3.14-64\Lib\site-packages\data\raw\sofascore_match_info__England_EFL_Championship__2024_2025.parquet,sofascore_match_info,England EFL Championship,2024-2025,557,9,1,0.013,2026-07-28T05:03:28.223159313+00:00,03f96ec466ab31df2028da5752b22d9f2ea1506ffe4838fff6a9ea2b8a87c628,ok,
sofascore_match_info__England_EFL_Championship__2025_2026.parquet,C:\Users\calum\AppData\Local\Python\pythoncore-3.14-64\Lib\site-packages\data\raw\sofascore_match_info__England_EFL_Championship__2025_2026.parquet,sofascore_match_info,England EFL Championship,2025-2026,557,9,1,0.013,2026-07-28T05:03:01.956580400+00:00,73ab3f19a27f76106e44c4eb74a0b57c9afcf117bb7c6ceef60fd15d132069e3,ok,
sofascore_match_info__England_Premier_League__2023_2024.parquet,C:\Users\calum\AppData\Local\Python\pythoncore-3.14-64\Lib\site-packages\data\raw\sofascore_match_info__England_Premier_League__2023_2024.parquet,sofascore_match_info,England Premier League,2023-2024,380,9,1,0.011,2026-07-28T04:56:00.120797157+00:00,8ab75cdf617fb4f2d493beff06d3d518d0b06d5e4896a66dcc73177fce8ec631,ok,
sofascore_match_info__England_Premier_League__2024_2025.parquet,C:\Users\calum\AppData\Local\Python\pythoncore-3.14-64\Lib\site-packages\data\raw\sofascore_match_info__England_Premier_League__2024_2025.parquet,sofascore_match_info,England Premier League,2024-2025,380,9,1,0.011,2026-07-28T04:55:41.549405575+00:00,2206c673dda40f272bd8e00446cb2ba8c640df3917e5f1ac3ce98c591000dc23,ok,
sofascore_match_info__England_Premier_League__2025_2026.parquet,C:\Users\calum\AppData\Local\Python\pythoncore-3.14-64\Lib\site-packages\data\raw\sofascore_match_info__England_Premier_League__2025_2026.parquet,sofascore_match_info,England Premier League,2025-2026,380,9,1,0.011,2026-07-28T04:55:23.252305508+00:00,bda5884c754c09c316e60d0b17318ead5d07514995db64074cd5c1574a896321,ok,
sofascore_match_info__France_Ligue_1__2023_2024.parquet,C:\Users\calum\AppData\Local\Python\pythoncore-3.14-64\Lib\site-packages\data\raw\sofascore_match_info__France_Ligue_1__2023_2024.parquet,sofascore_match_info,France Ligue 1,2023-2024,310,9,1,0.01,2026-07-28T04:59:32.036108732+00:00,324b358d2e6342084d576798020206847f22bb2c374254044dcf6203360bcdcd,ok,
sofascore_match_info__France_Ligue_1__2024_2025.parquet,C:\Users\calum\AppData\Local\Python\pythoncore-3.14-64\Lib\site-packages\data\raw\sofascore_match_info__France_Ligue_1__2024_2025.parquet,sofascore_match_info,France Ligue 1,2024-2025,310,9,1,0.011,2026-07-28T04:59:16.095773220+00:00,9fb2daf93f1173b98610630fe36fe6fc31857bdb7a1ef3441277a5a92f6eb9f0,ok,
sofascore_match_info__France_Ligue_1__2025_2026.parquet,C:\Users\calum\AppData\Local\Python\pythoncore-3.14-64\Lib\site-packages\data\raw\sofascore_match_info__France_Ligue_1__2025_2026.parquet,sofascore_match_info,France Ligue 1,2025-2026,309,9,1,0.01,2026-07-28T04:59:00.290004015+00:00,1cd9912e406c1037a0ac37e6daf06730ddbb29a8509834acf5d678cbeb0bd8c0,ok,
sofascore_match_info__Germany_Bundesliga__2023_2024.parquet,C:\Users\calum\AppData\Local\Python\pythoncore-3.14-64\Lib\site-packages\data\raw\sofascore_match_info__Germany_Bundesliga__2023_2024.parquet,sofascore_match_info,Germany Bundesliga,2023-2024,308,9,1,0.01,2026-07-28T04:57:46.534340382+00:00,15b9387d858587c3fca9291b9bffeed7ae224e91807051535e80f03b7951423c,ok,
sofascore_match_info__Germany_Bundesliga__2024_2025.parquet,C:\Users\calum\AppData\Local\Python\pythoncore-3.14-64\Lib\site-packages\data\raw\sofascore_match_info__Germany_Bundesliga__2024_2025.parquet,sofascore_match_info,Germany Bundesliga,2024-2025,308,9,1,0.01,2026-07-28T04:57:30.317014933+00:00,7c4faa046c5d6325835bfcb33ee486f39be8dd48309f828a24e4c1922216a3c3,ok,
sofascore_match_info__Germany_Bundesliga__2025_2026.parquet,C:\Users\calum\AppData\Local\Python\pythoncore-3.14-64\Lib\site-packages\data\raw\sofascore_match_info__Germany_Bundesliga__2025_2026.parquet,sofascore_match_info,Germany Bundesliga,2025-2026,308,9,1,0.01,2026-07-28T04:57:14.434267521+00:00,cd524c9b6ebc5a877c7dffa292bd0fd5a21b17f66d95bb7a579154cccc78f65b,ok,
sofascore_match_info__Italy_Serie_A__2023_2024.parquet,C:\Users\calum\AppData\Local\Python\pythoncore-3.14-64\Lib\site-packages\data\raw\sofascore_match_info__Italy_Serie_A__2023_2024.parquet,sofascore_match_info,Italy Serie A,2023-2024,380,9,1,0.011,2026-07-28T04:58:43.049011469+00:00,9b607208e5a002f58857f09a56f0ccc325de21bdd550e9a3a55e43d2fde76692,ok,
sofascore_match_info__Italy_Serie_A__2024_2025.parquet,C:\Users\calum\AppData\Local\Python\pythoncore-3.14-64\Lib\site-packages\data\raw\sofascore_match_info__Italy_Serie_A__2024_2025.parquet,sofascore_match_info,Italy Serie A,2024-2025,380,9,1,0.011,2026-07-28T04:58:24.692735910+00:00,ac603788fd7109a289811d75bc3eec684e47d6f4e4bce89cdd6a45e240bbbfe8,ok,
sofascore_match_info__Italy_Serie_A__2025_2026.parquet,C:\Users\calum\AppData\Local\Python\pythoncore-3.14-64\Lib\site-packages\data\raw\sofascore_match_info__Italy_Serie_A__2025_2026.parquet,sofascore_match_info,Italy Serie A,2025-2026,380,9,1,0.011,2026-07-28T04:58:06.394295692+00:00,de7eff731183641f14584b88fb7fd6a7ba2941a1299d1eeee80e9e85ce5bc042,ok,
sofascore_match_info__Netherlands_Eredivisie__2023_2024.parquet,C:\Users\calum\AppData\Local\Python\pythoncore-3.14-64\Lib\site-packages\data\raw\sofascore_match_info__Netherlands_Eredivisie__2023_2024.parquet,sofascore_match_info,Netherlands Eredivisie,2023-2024,321,9,1,0.011,2026-07-28T05:00:21.425277472+00:00,c4fd5ae4f6ff9f222e3b885c90934012111a48589e2884a366665e1a83ef2abd,ok,
sofascore_match_info__Netherlands_Eredivisie__2024_2025.parquet,C:\Users\calum\AppData\Local\Python\pythoncore-3.14-64\Lib\site-packages\data\raw\sofascore_match_info__Netherlands_Eredivisie__2024_2025.parquet,sofascore_match_info,Netherlands Eredivisie,2024-2025,321,9,1,0.011,2026-07-28T05:00:05.440112591+00:00,a1345d7d3daf153e63c7bfc2f16a9afe32b1c217b0ceb74d8124930a8ef49454,ok,
sofascore_match_info__Netherlands_Eredivisie__2025_2026.parquet,C:\Users\calum\AppData\Local\Python\pythoncore-3.14-64\Lib\site-packages\data\raw\sofascore_match_info__Netherlands_Eredivisie__2025_2026.parquet,sofascore_match_info,Netherlands Eredivisie,2025-2026,321,9,1,0.011,2026-07-28T04:59:49.383935452+00:00,d0b515c60380b2cca3e391d9e00f069dfef1a787c3b53c0d83314b49343bf3c2,ok,
sofascore_match_info__Portugal_Primeira_Liga__2023_2024.parquet,C:\Users\calum\AppData\Local\Python\pythoncore-3.14-64\Lib\site-packages\data\raw\sofascore_match_info__Portugal_Primeira_Liga__2023_2024.parquet,sofascore_match_info,Portugal Primeira Liga,2023-2024,308,9,1,0.011,2026-07-28T05:01:11.346691132+00:00,6f467c9e93fb550d49731fc59f4a0b452153034b0a36d3265d8f5390e7b221eb,ok,
sofascore_match_info__Portugal_Primeira_Liga__2024_2025.parquet,C:\Users\calum\AppData\Local\Python\pythoncore-3.14-64\Lib\site-packages\data\raw\sofascore_match_info__Portugal_Primeira_Liga__2024_2025.parquet,sofascore_match_info,Portugal Primeira Liga,2024-2025,308,9,1,0.011,2026-07-28T05:00:54.800328255+00:00,4564be7e070c8e74a8b48c88f8342d38e399a6be9d70cea375ede9069df41e5c,ok,
sofascore_match_info__Portugal_Primeira_Liga__2025_2026.parquet,C:\Users\calum\AppData\Local\Python\pythoncore-3.14-64\Lib\site-packages\data\raw\sofascore_match_info__Portugal_Primeira_Liga__2025_2026.parquet,sofascore_match_info,Portugal Primeira Liga,2025-2026,308,9,1,0.011,2026-07-28T05:00:38.569951773+00:00,2c3147c78d1afc95aa5ef1fab652cfa8f00c5f309837dd3af92508075b11a077,ok,
sofascore_match_info__Spain_La_Liga__2023_2024.parquet,C:\Users\calum\AppData\Local\Python\pythoncore-3.14-64\Lib\site-packages\data\raw\sofascore_match_info__Spain_La_Liga__2023_2024.parquet,sofascore_match_info,Spain La Liga,2023-2024,380,9,1,0.012,2026-07-28T04:56:57.159610748+00:00,66c886a253869121448862d45035ebd9737cdc0335a72b0a348be2a61ead00fc,ok,
sofascore_match_info__Spain_La_Liga__2024_2025.parquet,C:\Users\calum\AppData\Local\Python\pythoncore-3.14-64\Lib\site-packages\data\raw\sofascore_match_info__Spain_La_Liga__2024_2025.parquet,sofascore_match_info,Spain La Liga,2024-2025,380,9,1,0.012,2026-07-28T04:56:38.391323328+00:00,9244d9f404fbacb7bd479285fa9678ab61293a5fbe765d3c6af9f9a252b9c024,ok,
sofascore_match_info__Spain_La_Liga__2025_2026.parquet,C:\Users\calum\AppData\Local\Python\pythoncore-3.14-64\Lib\site-packages\data\raw\sofascore_match_info__Spain_La_Liga__2025_2026.parquet,sofascore_match_info,Spain La Liga,2025-2026,380,9,1,0.012,2026-07-28T04:56:19.908049583+00:00,c6d650d90f67b2acfcfe41d219716f0ac24228309aad81a3bc7d30565f4f70a8,ok,
sofascore_match_info__UEFA_Champions_League__2023_2024.parquet,C:\Users\calum\AppData\Local\Python\pythoncore-3.14-64\Lib\site-packages\data\raw\sofascore_match_info__UEFA_Champions_League__2023_2024.parquet,sofascore_match_info,UEFA Champions League,2023-2024,214,9,1,0.011,2026-07-28T05:01:54.473030806+00:00,3b82f46aef50ac681602d3a9ac76485dbb7a059be065487231465932716848e0,ok,
sofascore_match_info__UEFA_Champions_League__2024_2025.parquet,C:\Users\calum\AppData\Local\Python\pythoncore-3.14-64\Lib\site-packages\data\raw\sofascore_match_info__UEFA_Champions_League__2024_2025.parquet,sofascore_match_info,UEFA Champions League,2024-2025,279,9,1,0.012,2026-07-28T05:01:42.174549103+00:00,49f276c276d811afa09b5bcfb78512dff743b2a1b8389e2083d6148d9de39bac,ok,
sofascore_match_info__UEFA_Champions_League__2025_2026.parquet,C:\Users\calum\AppData\Local\Python\pythoncore-3.14-64\Lib\site-packages\data\raw\sofascore_match_info__UEFA_Champions_League__2025_2026.parquet,sofascore_match_info,UEFA Champions League,2025-2026,281,9,1,0.012,2026-07-28T05:01:27.287389994+00:00,96638bec86f95675a02e4ffadee91b0c11abbc400f686c02875ad542bb9f9694,ok,
sofascore_match_info__UEFA_Europa_League__2023_2024.parquet,C:\Users\calum\AppData\Local\Python\pythoncore-3.14-64\Lib\site-packages\data\raw\sofascore_match_info__UEFA_Europa_League__2023_2024.parquet,sofascore_match_info,UEFA Europa League,2023-2024,175,9,1,0.009,2026-07-28T05:02:33.831131697+00:00,4aaa53985acc01525af5a31bb8b22fec6c2b4d698df0906eee6d5a5008744877,ok,
sofascore_match_info__UEFA_Europa_League__2024_2025.parquet,C:\Users\calum\AppData\Local\Python\pythoncore-3.14-64\Lib\site-packages\data\raw\sofascore_match_info__UEFA_Europa_League__2024_2025.parquet,sofascore_match_info,UEFA Europa League,2024-2025,269,9,1,0.011,2026-07-28T05:02:23.964724064+00:00,75998df9ea1934803da45201123ce1d2aa17574757fc6d4e11aded43113636cd,ok,
sofascore_match_info__UEFA_Europa_League__2025_2026.parquet,C:\Users\calum\AppData\Local\Python\pythoncore-3.14-64\Lib\site-packages\data\raw\sofascore_match_info__UEFA_Europa_League__2025_2026.parquet,sofascore_match_info,UEFA Europa League,2025-2026,271,9,1,0.011,2026-07-28T05:02:10.429968357+00:00,82c3d478d51dbbf259fcc55c27d8d56906cb73dae150a34758ec3fce0e7e34c6,ok,
sofascore_match_momentum__England_EFL_Championship__2023_2024.parquet,C:\Users\calum\AppData\Local\Python\pythoncore-3.14-64\Lib\site-packages\data\raw\sofascore_match_momentum__England_EFL_Championship__2023_2024.parquet,sofascore_match_momentum,England EFL Championship,2023-2024,50313,5,1,0.064,2026-07-31T14:09:27.222013712+00:00,0d550de19c41d9cdb035f82c2b4db99248ce7eb4255bdd9223f5044de1b2e1cd,ok,
sofascore_match_momentum__England_EFL_Championship__2024_2025.parquet,C:\Users\calum\AppData\Local\Python\pythoncore-3.14-64\Lib\site-packages\data\raw\sofascore_match_momentum__England_EFL_Championship__2024_2025.parquet,sofascore_match_momentum,England EFL Championship,2024-2025,51170,5,1,0.066,2026-07-31T12:46:00.530680656+00:00,4d811e919e93537743b9c537e9b6956f77e2a8d3657000d5d07e12ff8bb0776b,ok,
sofascore_match_momentum__England_EFL_Championship__2025_2026.parquet,C:\Users\calum\AppData\Local\Python\pythoncore-3.14-64\Lib\site-packages\data\raw\sofascore_match_momentum__England_EFL_Championship__2025_2026.parquet,sofascore_match_momentum,England EFL Championship,2025-2026,51179,5,1,0.065,2026-07-31T11:26:24.358606100+00:00,cd482f6ad7fdbd302e814df31e81dc16147da366d5a0cd12c2879208f35cdb6f,ok,
sofascore_match_momentum__England_Premier_League__2023_2024.parquet,C:\Users\calum\AppData\Local\Python\pythoncore-3.14-64\Lib\site-packages\data\raw\sofascore_match_momentum__England_Premier_League__2023_2024.parquet,sofascore_match_momentum,England Premier League,2023-2024,34865,5,1,0.046,2026-07-28T07:42:57.205195189+00:00,ac735daa43ab2281a8310f185421db85801a2f1bbe6a98418b1837f6766e9066,ok,
sofascore_match_momentum__England_Premier_League__2024_2025.parquet,C:\Users\calum\AppData\Local\Python\pythoncore-3.14-64\Lib\site-packages\data\raw\sofascore_match_momentum__England_Premier_League__2024_2025.parquet,sofascore_match_momentum,England Premier League,2024-2025,34861,5,1,0.046,2026-07-28T06:49:24.338821888+00:00,950a001570c17fd94c2522f88b3da7076b3546bbfb4929a8b6becb8153dc2908,ok,
sofascore_match_momentum__England_Premier_League__2025_2026.parquet,C:\Users\calum\AppData\Local\Python\pythoncore-3.14-64\Lib\site-packages\data\raw\sofascore_match_momentum__England_Premier_League__2025_2026.parquet,sofascore_match_momentum,England Premier League,2025-2026,34954,5,1,0.046,2026-07-28T05:56:06.112051725+00:00,d5e6d9ed10c4963a4812ddc4be7da2eddf399f108ec7a80044664e8906408234,ok,
sofascore_match_momentum__France_Ligue_1__2023_2024.parquet,C:\Users\calum\AppData\Local\Python\pythoncore-3.14-64\Lib\site-packages\data\raw\sofascore_match_momentum__France_Ligue_1__2023_2024.parquet,sofascore_match_momentum,France Ligue 1,2023-2024,28444,5,1,0.039,2026-07-30T20:32:48.172776937+00:00,3c08d81b6a834a47267f6e339edd6ed7e12be425b3a2e2edfec7b62ee4484042,ok,
sofascore_match_momentum__France_Ligue_1__2024_2025.parquet,C:\Users\calum\AppData\Local\Python\pythoncore-3.14-64\Lib\site-packages\data\raw\sofascore_match_momentum__France_Ligue_1__2024_2025.parquet,sofascore_match_momentum,France Ligue 1,2024-2025,28331,5,1,0.038,2026-07-30T19:48:39.554332733+00:00,d31a0f1a5ee36189f20d411660d87cc8e44713f73848c3c2846f11d54f315e98,ok,
sofascore_match_momentum__France_Ligue_1__2025_2026.parquet,C:\Users\calum\AppData\Local\Python\pythoncore-3.14-64\Lib\site-packages\data\raw\sofascore_match_momentum__France_Ligue_1__2025_2026.parquet,sofascore_match_momentum,France Ligue 1,2025-2026,28418,5,1,0.039,2026-07-30T19:03:57.357923269+00:00,89fbf3ac2cbddfec058d3a507c12faaf3688d8bcc5532dda7c0d70b09bc7f381,ok,
sofascore_match_momentum__Germany_Bundesliga__2023_2024.parquet,C:\Users\calum\AppData\Local\Python\pythoncore-3.14-64\Lib\site-packages\data\raw\sofascore_match_momentum__Germany_Bundesliga__2023_2024.parquet,sofascore_match_momentum,Germany Bundesliga,2023-2024,28268,5,1,0.038,2026-07-30T15:37:05.348191500+00:00,da567b0e81f1be742be320c1dde6d51e92a091fda78018edb6eb256c3e6de7c1,ok,
sofascore_match_momentum__Germany_Bundesliga__2024_2025.parquet,C:\Users\calum\AppData\Local\Python\pythoncore-3.14-64\Lib\site-packages\data\raw\sofascore_match_momentum__Germany_Bundesliga__2024_2025.parquet,sofascore_match_momentum,Germany Bundesliga,2024-2025,28234,5,1,0.038,2026-07-30T14:53:04.487231016+00:00,053c63a1c41202881a59f71357035707d10337c1d5d5e49a364bde2535a2842c,ok,
sofascore_match_momentum__Germany_Bundesliga__2025_2026.parquet,C:\Users\calum\AppData\Local\Python\pythoncore-3.14-64\Lib\site-packages\data\raw\sofascore_match_momentum__Germany_Bundesliga__2025_2026.parquet,sofascore_match_momentum,Germany Bundesliga,2025-2026,28357,5,1,0.038,2026-07-30T14:07:28.800223351+00:00,e6c3e190e15a52ed14686cb0d8b75c3538f2b441a4bcd48d01f0ab1bfc082994,ok,
sofascore_match_momentum__Italy_Serie_A__2023_2024.parquet,C:\Users\calum\AppData\Local\Python\pythoncore-3.14-64\Lib\site-packages\data\raw\sofascore_match_momentum__Italy_Serie_A__2023_2024.parquet,sofascore_match_momentum,Italy Serie A,2023-2024,34654,5,1,0.046,2026-07-30T18:20:59.099761963+00:00,c57bb8bd973b2bd19a5a6394953143a2be3f09445c82fec2c3f24ad03ce54432,ok,
sofascore_match_momentum__Italy_Serie_A__2024_2025.parquet,C:\Users\calum\AppData\Local\Python\pythoncore-3.14-64\Lib\site-packages\data\raw\sofascore_match_momentum__Italy_Serie_A__2024_2025.parquet,sofascore_match_momentum,Italy Serie A,2024-2025,34477,5,1,0.046,2026-07-30T17:26:17.120045900+00:00,f3e5a60385cfa4cac5e339a065d4b6a04ff5cb60c8979fe72f764f7250d33bcb,ok,
sofascore_match_momentum__Italy_Serie_A__2025_2026.parquet,C:\Users\calum\AppData\Local\Python\pythoncore-3.14-64\Lib\site-packages\data\raw\sofascore_match_momentum__Italy_Serie_A__2025_2026.parquet,sofascore_match_momentum,Italy Serie A,2025-2026,34951,5,1,0.046,2026-07-30T16:30:09.441904306+00:00,bc031a3bb55c65acf85a7c0c3d13d54c0f0ff9cd2993ce893b2327025932d9af,ok,
sofascore_match_momentum__Netherlands_Eredivisie__2023_2024.parquet,C:\Users\calum\AppData\Local\Python\pythoncore-3.14-64\Lib\site-packages\data\raw\sofascore_match_momentum__Netherlands_Eredivisie__2023_2024.parquet,sofascore_match_momentum,Netherlands Eredivisie,2023-2024,29353,5,1,0.04,2026-07-30T22:50:15.638112307+00:00,dfc51a4cc5f6ee055c1c52d25f7cd9845877817a15401981184005fdce07b764,ok,
sofascore_match_momentum__Netherlands_Eredivisie__2024_2025.parquet,C:\Users\calum\AppData\Local\Python\pythoncore-3.14-64\Lib\site-packages\data\raw\sofascore_match_momentum__Netherlands_Eredivisie__2024_2025.parquet,sofascore_match_momentum,Netherlands Eredivisie,2024-2025,29622,5,1,0.04,2026-07-30T22:04:19.344848156+00:00,6793103bc759db2d9a77c83e9462fec1181a15963cffad15ea629b67f45952ea,ok,
sofascore_match_momentum__Netherlands_Eredivisie__2025_2026.parquet,C:\Users\calum\AppData\Local\Python\pythoncore-3.14-64\Lib\site-packages\data\raw\sofascore_match_momentum__Netherlands_Eredivisie__2025_2026.parquet,sofascore_match_momentum,Netherlands Eredivisie,2025-2026,29330,5,1,0.04,2026-07-30T21:19:13.060875893+00:00,f3bcffb3bf22015ecb7273d7dd0cc9fabe09b892ecbf87c04395f3306cb8527f,ok,
sofascore_match_momentum__Portugal_Primeira_Liga__2023_2024.parquet,C:\Users\calum\AppData\Local\Python\pythoncore-3.14-64\Lib\site-packages\data\raw\sofascore_match_momentum__Portugal_Primeira_Liga__2023_2024.parquet,sofascore_match_momentum,Portugal Primeira Liga,2023-2024,28234,5,1,0.038,2026-07-31T01:01:47.485511541+00:00,8b64001ce0ca37e6ef5b454efa64df2aba6a388c8994bbb1e1f24854ad89a312,ok,
sofascore_match_momentum__Portugal_Primeira_Liga__2024_2025.parquet,C:\Users\calum\AppData\Local\Python\pythoncore-3.14-64\Lib\site-packages\data\raw\sofascore_match_momentum__Portugal_Primeira_Liga__2024_2025.parquet,sofascore_match_momentum,Portugal Primeira Liga,2024-2025,28044,5,1,0.038,2026-07-31T00:17:57.594069242+00:00,2827753cfdaae20bc7e5fe63871bdb61f1b26628005ac607d424c3c62cd93452,ok,
sofascore_match_momentum__Portugal_Primeira_Liga__2025_2026.parquet,C:\Users\calum\AppData\Local\Python\pythoncore-3.14-64\Lib\site-packages\data\raw\sofascore_match_momentum__Portugal_Primeira_Liga__2025_2026.parquet,sofascore_match_momentum,Portugal Primeira Liga,2025-2026,28328,5,1,0.038,2026-07-30T23:33:19.563385725+00:00,2b078e0da8827a657daa3ccb789ecf2819e164aa6e2dd9865b5a09865ed7993e,ok,
sofascore_match_momentum__Spain_La_Liga__2023_2024.parquet,C:\Users\calum\AppData\Local\Python\pythoncore-3.14-64\Lib\site-packages\data\raw\sofascore_match_momentum__Spain_La_Liga__2023_2024.parquet,sofascore_match_momentum,Spain La Liga,2023-2024,34576,5,1,0.046,2026-07-30T13:24:13.042671919+00:00,c954634c80dd8285b9b30d15310d708f00b831a4a1bc3b5ffdbe6e634ef67f27,ok,
sofascore_match_momentum__Spain_La_Liga__2024_2025.parquet,C:\Users\calum\AppData\Local\Python\pythoncore-3.14-64\Lib\site-packages\data\raw\sofascore_match_momentum__Spain_La_Liga__2024_2025.parquet,sofascore_match_momentum,Spain La Liga,2024-2025,34753,5,1,0.046,2026-07-30T12:23:02.317765951+00:00,1071bd9f5e49a91e0ea334a6e2591ea19391b60e2aa39e9ac619d7a861768ff7,ok,
sofascore_match_momentum__Spain_La_Liga__2025_2026.parquet,C:\Users\calum\AppData\Local\Python\pythoncore-3.14-64\Lib\site-packages\data\raw\sofascore_match_momentum__Spain_La_Liga__2025_2026.parquet,sofascore_match_momentum,Spain La Liga,2025-2026,34937,5,1,0.046,2026-07-28T08:36:05.806186438+00:00,8e407466063be45465f53af72801b3cba20fa70f2752e352f2ff4f7d5f69ea10,ok,
sofascore_match_momentum__UEFA_Champions_League__2023_2024.parquet,C:\Users\calum\AppData\Local\Python\pythoncore-3.14-64\Lib\site-packages\data\raw\sofascore_match_momentum__UEFA_Champions_League__2023_2024.parquet,sofascore_match_momentum,UEFA Champions League,2023-2024,14931,5,1,0.023,2026-07-31T06:03:46.157611370+00:00,ea2c20d68dac7eb0db6b813719416542957a2c5dcf68cf130e36ef0a3d3b5acf,ok,
sofascore_match_momentum__UEFA_Champions_League__2024_2025.parquet,C:\Users\calum\AppData\Local\Python\pythoncore-3.14-64\Lib\site-packages\data\raw\sofascore_match_momentum__UEFA_Champions_League__2024_2025.parquet,sofascore_match_momentum,UEFA Champions League,2024-2025,19919,5,1,0.029,2026-07-31T04:52:38.327623844+00:00,4ccb25a55c2baf0530650e522b27c283fe152ec8558cacf78f7aa2afaee75c06,ok,
sofascore_match_momentum__UEFA_Champions_League__2025_2026.parquet,C:\Users\calum\AppData\Local\Python\pythoncore-3.14-64\Lib\site-packages\data\raw\sofascore_match_momentum__UEFA_Champions_League__2025_2026.parquet,sofascore_match_momentum,UEFA Champions League,2025-2026,20933,5,1,0.03,2026-07-31T02:53:04.625290871+00:00,18a7fcd5e5f240c20ff8376d9e931e1250905603f48afff81c93807839efaf46,ok,
sofascore_match_momentum__UEFA_Europa_League__2023_2024.parquet,C:\Users\calum\AppData\Local\Python\pythoncore-3.14-64\Lib\site-packages\data\raw\sofascore_match_momentum__UEFA_Europa_League__2023_2024.parquet,sofascore_match_momentum,UEFA Europa League,2023-2024,16034,5,1,0.024,2026-07-31T10:07:37.470851898+00:00,0961d734d468a3694707de0a6b1357d4912fe9eaeca0435ebdf9067c43a82608,ok,
sofascore_match_momentum__UEFA_Europa_League__2024_2025.parquet,C:\Users\calum\AppData\Local\Python\pythoncore-3.14-64\Lib\site-packages\data\raw\sofascore_match_momentum__UEFA_Europa_League__2024_2025.parquet,sofascore_match_momentum,UEFA Europa League,2024-2025,18614,5,1,0.027,2026-07-31T09:27:02.545048714+00:00,d7a72bc6064ad24ee90f1fe056645d828d5d1a48554e24baa697a1c5edb656cc,ok,
sofascore_match_momentum__UEFA_Europa_League__2025_2026.parquet,C:\Users\calum\AppData\Local\Python\pythoncore-3.14-64\Lib\site-packages\data\raw\sofascore_match_momentum__UEFA_Europa_League__2025_2026.parquet,sofascore_match_momentum,UEFA Europa League,2025-2026,19758,5,1,0.028,2026-07-31T07:43:33.915785551+00:00,d6f78a8e4d86b9eb2e1976921d75eb37a6b03d1d3d98e721273220b5b4b20d76,ok,
sofascore_match_player_stats__England_EFL_Championship__2023_2024.parquet,C:\Users\calum\AppData\Local\Python\pythoncore-3.14-64\Lib\site-packages\data\raw\sofascore_match_player_stats__England_EFL_Championship__2023_2024.parquet,sofascore_match_player_stats,England EFL Championship,2023-2024,22196,91,1,1.216,2026-07-31T14:09:27.201819897+00:00,5e6c6695272d5000eecb46204056abbdcb9828a70adeaa62e3647da1cf35f882,ok,
sofascore_match_player_stats__England_EFL_Championship__2024_2025.parquet,C:\Users\calum\AppData\Local\Python\pythoncore-3.14-64\Lib\site-packages\data\raw\sofascore_match_player_stats__England_EFL_Championship__2024_2025.parquet,sofascore_match_player_stats,England EFL Championship,2024-2025,22269,104,1,1.362,2026-07-31T12:46:00.514845609+00:00,a209921bace8093c3c1c054bcf6c0bb0f9a6e02b5e76123608eef4242b1f3633,ok,
sofascore_match_player_stats__England_EFL_Championship__2025_2026.parquet,C:\Users\calum\AppData\Local\Python\pythoncore-3.14-64\Lib\site-packages\data\raw\sofascore_match_player_stats__England_EFL_Championship__2025_2026.parquet,sofascore_match_player_stats,England EFL Championship,2025-2026,22272,109,1,1.741,2026-07-31T11:26:24.326921701+00:00,9e7ffea15ef9fd4c59108c46282879b8f3f2d75b87f571aceff5aa2811b47fec,ok,
sofascore_match_player_stats__England_Premier_League__2023_2024.parquet,C:\Users\calum\AppData\Local\Python\pythoncore-3.14-64\Lib\site-packages\data\raw\sofascore_match_player_stats__England_Premier_League__2023_2024.parquet,sofascore_match_player_stats,England Premier League,2023-2024,15180,91,1,0.91,2026-07-28T07:42:57.202947855+00:00,36e2aa2cb7e90e7d7c0ac1c1c10c3d1487e5b9a89ad347bacb8f8e2c007d1860,ok,
sofascore_match_player_stats__England_Premier_League__2024_2025.parquet,C:\Users\calum\AppData\Local\Python\pythoncore-3.14-64\Lib\site-packages\data\raw\sofascore_match_player_stats__England_Premier_League__2024_2025.parquet,sofascore_match_player_stats,England Premier League,2024-2025,15188,104,1,1.005,2026-07-28T06:49:24.314376116+00:00,ba84f3f80add7c2be1fd37b37bc46785c64b9501e9de2cc720452a14d9e6e506,ok,
sofascore_match_player_stats__England_Premier_League__2025_2026.parquet,C:\Users\calum\AppData\Local\Python\pythoncore-3.14-64\Lib\site-packages\data\raw\sofascore_match_player_stats__England_Premier_League__2025_2026.parquet,sofascore_match_player_stats,England Premier League,2025-2026,15189,111,1,1.272,2026-07-28T05:56:06.102051735+00:00,cafaa6acd49951dd321b138a4defe301b6827b445449e5b7edc77e36df266000,ok,
sofascore_match_player_stats__France_Ligue_1__2023_2024.parquet,C:\Users\calum\AppData\Local\Python\pythoncore-3.14-64\Lib\site-packages\data\raw\sofascore_match_player_stats__France_Ligue_1__2023_2024.parquet,sofascore_match_player_stats,France Ligue 1,2023-2024,12377,100,1,0.781,2026-07-30T20:32:48.155444384+00:00,8382c9a20bbd14e8241950b4d16c060cd0013321f02ef0e518fc71d36eb29738,ok,
sofascore_match_player_stats__France_Ligue_1__2024_2025.parquet,C:\Users\calum\AppData\Local\Python\pythoncore-3.14-64\Lib\site-packages\data\raw\sofascore_match_player_stats__France_Ligue_1__2024_2025.parquet,sofascore_match_player_stats,France Ligue 1,2024-2025,12367,104,1,0.864,2026-07-30T19:48:39.532904147+00:00,ce0e773065294c72f58ce7095eec1946dcb7a733690d6779bde6f95a1b9e74df,ok,
sofascore_match_player_stats__France_Ligue_1__2025_2026.parquet,C:\Users\calum\AppData\Local\Python\pythoncore-3.14-64\Lib\site-packages\data\raw\sofascore_match_player_stats__France_Ligue_1__2025_2026.parquet,sofascore_match_player_stats,France Ligue 1,2025-2026,12311,112,1,1.081,2026-07-30T19:03:57.344544649+00:00,670c51f654dd701f855dee6aec2561d9f45686292b1409489544a264e8111458,ok,
sofascore_match_player_stats__Germany_Bundesliga__2023_2024.parquet,C:\Users\calum\AppData\Local\Python\pythoncore-3.14-64\Lib\site-packages\data\raw\sofascore_match_player_stats__Germany_Bundesliga__2023_2024.parquet,sofascore_match_player_stats,Germany Bundesliga,2023-2024,12232,94,1,0.755,2026-07-30T15:37:05.332099915+00:00,7d080a3004aef91ed664afe3cce3fcb2c5307a478c1d684ee79e11525f168a45,ok,
sofascore_match_player_stats__Germany_Bundesliga__2024_2025.parquet,C:\Users\calum\AppData\Local\Python\pythoncore-3.14-64\Lib\site-packages\data\raw\sofascore_match_player_stats__Germany_Bundesliga__2024_2025.parquet,sofascore_match_player_stats,Germany Bundesliga,2024-2025,12248,104,1,0.838,2026-07-30T14:53:04.487231016+00:00,9f3b6afbd7635ef953f6c23fcca1f509693ec01606d543ea27db8339e0c4ae86,ok,
sofascore_match_player_stats__Germany_Bundesliga__2025_2026.parquet,C:\Users\calum\AppData\Local\Python\pythoncore-3.14-64\Lib\site-packages\data\raw\sofascore_match_player_stats__Germany_Bundesliga__2025_2026.parquet,sofascore_match_player_stats,Germany Bundesliga,2025-2026,12299,109,1,1.064,2026-07-30T14:07:28.787150383+00:00,6922572b642c6279fa27262e50474e7bfe676358dcf4c2f47afd53888f587941,ok,
sofascore_match_player_stats__Italy_Serie_A__2023_2024.parquet,C:\Users\calum\AppData\Local\Python\pythoncore-3.14-64\Lib\site-packages\data\raw\sofascore_match_player_stats__Italy_Serie_A__2023_2024.parquet,sofascore_match_player_stats,Italy Serie A,2023-2024,17698,97,1,0.987,2026-07-30T18:20:59.077311993+00:00,eaefbe797e78a2b39c092d6ec8869765fb142b41ceb2d4d011f9e0efca023372,ok,
sofascore_match_player_stats__Italy_Serie_A__2024_2025.parquet,C:\Users\calum\AppData\Local\Python\pythoncore-3.14-64\Lib\site-packages\data\raw\sofascore_match_player_stats__Italy_Serie_A__2024_2025.parquet,sofascore_match_player_stats,Italy Serie A,2024-2025,17704,104,1,1.086,2026-07-30T17:26:17.097713947+00:00,e871de6969a90f82078b808d12d26731025ae5d0eed83f434767125076c43d28,ok,
sofascore_match_player_stats__Italy_Serie_A__2025_2026.parquet,C:\Users\calum\AppData\Local\Python\pythoncore-3.14-64\Lib\site-packages\data\raw\sofascore_match_player_stats__Italy_Serie_A__2025_2026.parquet,sofascore_match_player_stats,Italy Serie A,2025-2026,17773,109,1,1.365,2026-07-30T16:30:09.425506353+00:00,761975e8cf8f7685d8f9f779ba82d7694e36c07afb9b1459a610be791ec0525a,ok,
sofascore_match_player_stats__Netherlands_Eredivisie__2023_2024.parquet,C:\Users\calum\AppData\Local\Python\pythoncore-3.14-64\Lib\site-packages\data\raw\sofascore_match_player_stats__Netherlands_Eredivisie__2023_2024.parquet,sofascore_match_player_stats,Netherlands Eredivisie,2023-2024,13881,91,1,0.806,2026-07-30T22:50:15.625494480+00:00,845d82a5a9bd91fdea0a29857dcc175fef9e3713c35bf2544794203d37f56896,ok,
sofascore_match_player_stats__Netherlands_Eredivisie__2024_2025.parquet,C:\Users\calum\AppData\Local\Python\pythoncore-3.14-64\Lib\site-packages\data\raw\sofascore_match_player_stats__Netherlands_Eredivisie__2024_2025.parquet,sofascore_match_player_stats,Netherlands Eredivisie,2024-2025,14140,106,1,0.905,2026-07-30T22:04:19.328896999+00:00,55ce00073821f2b613770f2da2751c69ee181e1e2bbe33a7354984c8ff3f8eb5,ok,
sofascore_match_player_stats__Netherlands_Eredivisie__2025_2026.parquet,C:\Users\calum\AppData\Local\Python\pythoncore-3.14-64\Lib\site-packages\data\raw\sofascore_match_player_stats__Netherlands_Eredivisie__2025_2026.parquet,sofascore_match_player_stats,Netherlands Eredivisie,2025-2026,14135,112,1,1.138,2026-07-30T21:19:13.047108889+00:00,3998ea384dfb2f8185fa46caf97762315f99abc9d09b34d56e4f4722ee8396da,ok,
sofascore_match_player_stats__Portugal_Primeira_Liga__2023_2024.parquet,C:\Users\calum\AppData\Local\Python\pythoncore-3.14-64\Lib\site-packages\data\raw\sofascore_match_player_stats__Portugal_Primeira_Liga__2023_2024.parquet,sofascore_match_player_stats,Portugal Primeira Liga,2023-2024,12304,97,1,0.737,2026-07-31T01:01:47.469462395+00:00,e8f4323e05e65de96c1e84a8d4f2f69143e7064bf3845369dc280d11ae931bf7,ok,
sofascore_match_player_stats__Portugal_Primeira_Liga__2024_2025.parquet,C:\Users\calum\AppData\Local\Python\pythoncore-3.14-64\Lib\site-packages\data\raw\sofascore_match_player_stats__Portugal_Primeira_Liga__2024_2025.parquet,sofascore_match_player_stats,Portugal Primeira Liga,2024-2025,12297,104,1,0.798,2026-07-31T00:17:57.577719212+00:00,4e6f0796932222856a17a2a0b3cdc220e72d77a81904ec25f1b5a49015e30b26,ok,
sofascore_match_player_stats__Portugal_Primeira_Liga__2025_2026.parquet,C:\Users\calum\AppData\Local\Python\pythoncore-3.14-64\Lib\site-packages\data\raw\sofascore_match_player_stats__Portugal_Primeira_Liga__2025_2026.parquet,sofascore_match_player_stats,Portugal Primeira Liga,2025-2026,12301,109,1,1.029,2026-07-30T23:33:19.547619343+00:00,4a541857fa5beb775c8a95586bf1d2dd4af9a785b79cb9f58fc5b6d12ce0f4ac,ok,
sofascore_match_player_stats__Spain_La_Liga__2023_2024.parquet,C:\Users\calum\AppData\Local\Python\pythoncore-3.14-64\Lib\site-packages\data\raw\sofascore_match_player_stats__Spain_La_Liga__2023_2024.parquet,sofascore_match_player_stats,Spain La Liga,2023-2024,16688,91,1,0.932,2026-07-30T13:24:13.019026518+00:00,7bc2fb6956b953d6b5a3d2093a84a95b3cc8f4783e5c1b702f2bf9cd8bf107a7,ok,
sofascore_match_player_stats__Spain_La_Liga__2024_2025.parquet,C:\Users\calum\AppData\Local\Python\pythoncore-3.14-64\Lib\site-packages\data\raw\sofascore_match_player_stats__Spain_La_Liga__2024_2025.parquet,sofascore_match_player_stats,Spain La Liga,2024-2025,16925,104,1,1.046,2026-07-30T12:23:02.291269064+00:00,5d89cc14c975c5c8b3d3fac9feb2c20ebb00ef1c7df72669da83e941a5f5440d,ok,
sofascore_match_player_stats__Spain_La_Liga__2025_2026.parquet,C:\Users\calum\AppData\Local\Python\pythoncore-3.14-64\Lib\site-packages\data\raw\sofascore_match_player_stats__Spain_La_Liga__2025_2026.parquet,sofascore_match_player_stats,Spain La Liga,2025-2026,16939,109,1,1.315,2026-07-28T08:36:05.781448126+00:00,3bfe39a8f2f7adf4b0d662e3927d64212f2d0b6b1bdb3fc389ad393787743a98,ok,
sofascore_match_player_stats__UEFA_Champions_League__2023_2024.parquet,C:\Users\calum\AppData\Local\Python\pythoncore-3.14-64\Lib\site-packages\data\raw\sofascore_match_player_stats__UEFA_Champions_League__2023_2024.parquet,sofascore_match_player_stats,UEFA Champions League,2023-2024,9342,101,1,0.825,2026-07-31T06:03:46.141399384+00:00,166e46174a9229761c31bf14207ca399c80fe241e530d9f899c5cd65d010cc1e,ok,
sofascore_match_player_stats__UEFA_Champions_League__2024_2025.parquet,C:\Users\calum\AppData\Local\Python\pythoncore-3.14-64\Lib\site-packages\data\raw\sofascore_match_player_stats__UEFA_Champions_League__2024_2025.parquet,sofascore_match_player_stats,UEFA Champions League,2024-2025,12204,101,1,1.011,2026-07-31T04:52:38.327623844+00:00,44d13fb5fce1f055e1b9a27b7a3540ebb9fd96ae01979a347a574f6a425aecec,ok,
sofascore_match_player_stats__UEFA_Champions_League__2025_2026.parquet,C:\Users\calum\AppData\Local\Python\pythoncore-3.14-64\Lib\site-packages\data\raw\sofascore_match_player_stats__UEFA_Champions_League__2025_2026.parquet,sofascore_match_player_stats,UEFA Champions League,2025-2026,12327,114,1,1.215,2026-07-31T02:53:04.609419584+00:00,684d450d615c1bc52a63663f57f05f8746890235acf8479fb187fe0b82d8db92,ok,
sofascore_match_player_stats__UEFA_Europa_League__2023_2024.parquet,C:\Users\calum\AppData\Local\Python\pythoncore-3.14-64\Lib\site-packages\data\raw\sofascore_match_player_stats__UEFA_Europa_League__2023_2024.parquet,sofascore_match_player_stats,UEFA Europa League,2023-2024,7643,94,1,0.68,2026-07-31T10:07:37.450301409+00:00,55c011f1c44d35e579989bec9b9ed8d5c3ec535bc481f360fb2fc0350939c055,ok,
sofascore_match_player_stats__UEFA_Europa_League__2024_2025.parquet,C:\Users\calum\AppData\Local\Python\pythoncore-3.14-64\Lib\site-packages\data\raw\sofascore_match_player_stats__UEFA_Europa_League__2024_2025.parquet,sofascore_match_player_stats,UEFA Europa League,2024-2025,11837,108,1,0.953,2026-07-31T09:27:02.529051065+00:00,94a2a135561e1400ebb89eacfecb469a42628ffde4de112a65142e58d826713f,ok,
sofascore_match_player_stats__UEFA_Europa_League__2025_2026.parquet,C:\Users\calum\AppData\Local\Python\pythoncore-3.14-64\Lib\site-packages\data\raw\sofascore_match_player_stats__UEFA_Europa_League__2025_2026.parquet,sofascore_match_player_stats,UEFA Europa League,2025-2026,11993,112,1,1.077,2026-07-31T07:43:33.890874863+00:00,1f77f6d5d28a254bfd3738efcd546a2893f3782ba7e3adb49fa691ea2925d467,ok,
sofascore_match_shots__England_EFL_Championship__2023_2024.parquet,C:\Users\calum\AppData\Local\Python\pythoncore-3.14-64\Lib\site-packages\data\raw\sofascore_match_shots__England_EFL_Championship__2023_2024.parquet,sofascore_match_shots,England EFL Championship,2023-2024,13983,17,1,0.296,2026-07-31T14:09:26.654526472+00:00,a6bcfe188c3c7cfc45914c04f5f042f3d98238426f87f8fbe727951048aee93f,ok,
sofascore_match_shots__England_EFL_Championship__2024_2025.parquet,C:\Users\calum\AppData\Local\Python\pythoncore-3.14-64\Lib\site-packages\data\raw\sofascore_match_shots__England_EFL_Championship__2024_2025.parquet,sofascore_match_shots,England EFL Championship,2024-2025,13266,17,1,0.313,2026-07-31T12:45:59.954142570+00:00,5bd7bb7eb1342efc668b93e5216a307e0aa2cf2496e1e7186cd99956da2f0956,ok,
sofascore_match_shots__England_EFL_Championship__2025_2026.parquet,C:\Users\calum\AppData\Local\Python\pythoncore-3.14-64\Lib\site-packages\data\raw\sofascore_match_shots__England_EFL_Championship__2025_2026.parquet,sofascore_match_shots,England EFL Championship,2025-2026,14105,17,1,0.322,2026-07-31T11:26:23.781373024+00:00,ca65e008624c2d75bafa6623235ff5efb8c6958f0d0370b22addd00f17c544ec,ok,
sofascore_match_shots__England_Premier_League__2023_2024.parquet,C:\Users\calum\AppData\Local\Python\pythoncore-3.14-64\Lib\site-packages\data\raw\sofascore_match_shots__England_Premier_League__2023_2024.parquet,sofascore_match_shots,England Premier League,2023-2024,10496,17,1,0.226,2026-07-28T07:42:56.830982924+00:00,e26242e0cb2ee7f0c8362fc29a942cd072ecdf89e15b7bdede1e4aa5b41dcb6f,ok,
sofascore_match_shots__England_Premier_League__2024_2025.parquet,C:\Users\calum\AppData\Local\Python\pythoncore-3.14-64\Lib\site-packages\data\raw\sofascore_match_shots__England_Premier_League__2024_2025.parquet,sofascore_match_shots,England Premier League,2024-2025,9883,17,1,0.231,2026-07-28T06:49:23.940130949+00:00,455ccae490443bb0f77a515229483ebeb5fc84d91d8cb132af6a6594c183b8cc,ok,
sofascore_match_shots__England_Premier_League__2025_2026.parquet,C:\Users\calum\AppData\Local\Python\pythoncore-3.14-64\Lib\site-packages\data\raw\sofascore_match_shots__England_Premier_League__2025_2026.parquet,sofascore_match_shots,England Premier League,2025-2026,9543,17,1,0.226,2026-07-28T05:56:05.722305059+00:00,26c02080dd25fedf48df403387ca1907955ee9c35f74e2990b91cb1809fbcdcb,ok,
sofascore_match_shots__France_Ligue_1__2023_2024.parquet,C:\Users\calum\AppData\Local\Python\pythoncore-3.14-64\Lib\site-packages\data\raw\sofascore_match_shots__France_Ligue_1__2023_2024.parquet,sofascore_match_shots,France Ligue 1,2023-2024,7972,17,1,0.179,2026-07-30T20:32:47.860157728+00:00,0f9160a6f6957181ffe2240a522ea41d432ec7658ff8cfb576e2015c69c9554c,ok,
sofascore_match_shots__France_Ligue_1__2024_2025.parquet,C:\Users\calum\AppData\Local\Python\pythoncore-3.14-64\Lib\site-packages\data\raw\sofascore_match_shots__France_Ligue_1__2024_2025.parquet,sofascore_match_shots,France Ligue 1,2024-2025,7751,17,1,0.186,2026-07-30T19:48:39.234361410+00:00,621f4cb357761e27d89ea96d4b9b1713b60791bc1870bb8bb616a9c854c5569c,ok,
sofascore_match_shots__France_Ligue_1__2025_2026.parquet,C:\Users\calum\AppData\Local\Python\pythoncore-3.14-64\Lib\site-packages\data\raw\sofascore_match_shots__France_Ligue_1__2025_2026.parquet,sofascore_match_shots,France Ligue 1,2025-2026,7724,17,1,0.184,2026-07-30T19:03:57.045586348+00:00,8be6ae80a86047cf9b1a2f72bd907dd6e5f52e59c568455391d3607829f5a356,ok,
sofascore_match_shots__Germany_Bundesliga__2023_2024.parquet,C:\Users\calum\AppData\Local\Python\pythoncore-3.14-64\Lib\site-packages\data\raw\sofascore_match_shots__Germany_Bundesliga__2023_2024.parquet,sofascore_match_shots,Germany Bundesliga,2023-2024,8616,17,1,0.194,2026-07-30T15:37:04.839840412+00:00,409785f6bab257ecc7bcdcb0e8e2eb8cbfb23bd608680f3f5c15499ba873df17,ok,
sofascore_match_shots__Germany_Bundesliga__2024_2025.parquet,C:\Users\calum\AppData\Local\Python\pythoncore-3.14-64\Lib\site-packages\data\raw\sofascore_match_shots__Germany_Bundesliga__2024_2025.parquet,sofascore_match_shots,Germany Bundesliga,2024-2025,8008,17,1,0.195,2026-07-30T14:53:04.191969633+00:00,618e2f307d9be3e985b1f345d319e3e92d386616a0541e4ed562bb3c365496b3,ok,
sofascore_match_shots__Germany_Bundesliga__2025_2026.parquet,C:\Users\calum\AppData\Local\Python\pythoncore-3.14-64\Lib\site-packages\data\raw\sofascore_match_shots__Germany_Bundesliga__2025_2026.parquet,sofascore_match_shots,Germany Bundesliga,2025-2026,8196,17,1,0.197,2026-07-30T14:07:28.471684217+00:00,49d230e979f02da123118886c943a3fb47c06a2a79b6d910629d7b4f26008490,ok,
sofascore_match_shots__Italy_Serie_A__2023_2024.parquet,C:\Users\calum\AppData\Local\Python\pythoncore-3.14-64\Lib\site-packages\data\raw\sofascore_match_shots__Italy_Serie_A__2023_2024.parquet,sofascore_match_shots,Italy Serie A,2023-2024,9702,17,1,0.212,2026-07-30T18:20:58.728409052+00:00,a8a0c939ce06504bb593214b8a3de3a511958a8e672d004d1fe7732ca5070fc2,ok,
sofascore_match_shots__Italy_Serie_A__2024_2025.parquet,C:\Users\calum\AppData\Local\Python\pythoncore-3.14-64\Lib\site-packages\data\raw\sofascore_match_shots__Italy_Serie_A__2024_2025.parquet,sofascore_match_shots,Italy Serie A,2024-2025,9250,17,1,0.222,2026-07-30T17:26:16.744214296+00:00,161ba7704260f6842a12af5ee61155549abf1a6ff9c411911e534d8409afb5a6,ok,
sofascore_match_shots__Italy_Serie_A__2025_2026.parquet,C:\Users\calum\AppData\Local\Python\pythoncore-3.14-64\Lib\site-packages\data\raw\sofascore_match_shots__Italy_Serie_A__2025_2026.parquet,sofascore_match_shots,Italy Serie A,2025-2026,9381,17,1,0.219,2026-07-30T16:30:09.055165052+00:00,3eee7d18e0c314d663b8109c05e3a87d50859f11937605c852fcee9d2ad6aa1c,ok,
sofascore_match_shots__Netherlands_Eredivisie__2023_2024.parquet,C:\Users\calum\AppData\Local\Python\pythoncore-3.14-64\Lib\site-packages\data\raw\sofascore_match_shots__Netherlands_Eredivisie__2023_2024.parquet,sofascore_match_shots,Netherlands Eredivisie,2023-2024,9101,17,1,0.197,2026-07-30T22:50:15.311881542+00:00,8ac2ce1a8569683f608665b4cfadb8a647a75476831147c3c543d975331e7c72,ok,
sofascore_match_shots__Netherlands_Eredivisie__2024_2025.parquet,C:\Users\calum\AppData\Local\Python\pythoncore-3.14-64\Lib\site-packages\data\raw\sofascore_match_shots__Netherlands_Eredivisie__2024_2025.parquet,sofascore_match_shots,Netherlands Eredivisie,2024-2025,8480,17,1,0.201,2026-07-30T22:04:19.016332150+00:00,77899e76948d7180783335cd192ea46dee4f95635dd61a114e85ace965888d54,ok,
sofascore_match_shots__Netherlands_Eredivisie__2025_2026.parquet,C:\Users\calum\AppData\Local\Python\pythoncore-3.14-64\Lib\site-packages\data\raw\sofascore_match_shots__Netherlands_Eredivisie__2025_2026.parquet,sofascore_match_shots,Netherlands Eredivisie,2025-2026,9107,17,1,0.212,2026-07-30T21:19:12.730640411+00:00,f6f3261c785a6d41e127c0c1626ca48ca02e17590a0a445cdc1651311a21b6df,ok,
sofascore_match_shots__Portugal_Primeira_Liga__2023_2024.parquet,C:\Users\calum\AppData\Local\Python\pythoncore-3.14-64\Lib\site-packages\data\raw\sofascore_match_shots__Portugal_Primeira_Liga__2023_2024.parquet,sofascore_match_shots,Portugal Primeira Liga,2023-2024,7883,17,1,0.177,2026-07-31T01:01:47.157550573+00:00,cd29dafd05641bec5b71c17cb2d9c012ec863599af3ef9a45076c114669504b2,ok,
sofascore_match_shots__Portugal_Primeira_Liga__2024_2025.parquet,C:\Users\calum\AppData\Local\Python\pythoncore-3.14-64\Lib\site-packages\data\raw\sofascore_match_shots__Portugal_Primeira_Liga__2024_2025.parquet,sofascore_match_shots,Portugal Primeira Liga,2024-2025,7419,17,1,0.177,2026-07-31T00:17:57.280749321+00:00,476c4f5c8bb9a9d174b6bd5495c947b0a8c3ab587e5eb695f506888f92b8ea4f,ok,
sofascore_match_shots__Portugal_Primeira_Liga__2025_2026.parquet,C:\Users\calum\AppData\Local\Python\pythoncore-3.14-64\Lib\site-packages\data\raw\sofascore_match_shots__Portugal_Primeira_Liga__2025_2026.parquet,sofascore_match_shots,Portugal Primeira Liga,2025-2026,7471,17,1,0.178,2026-07-30T23:33:19.234291792+00:00,12c6361e45723f03dc9f1d3dbe4369b4eb626c0a09f59495c1939d72377c89a6,ok,
sofascore_match_shots__Spain_La_Liga__2023_2024.parquet,C:\Users\calum\AppData\Local\Python\pythoncore-3.14-64\Lib\site-packages\data\raw\sofascore_match_shots__Spain_La_Liga__2023_2024.parquet,sofascore_match_shots,Spain La Liga,2023-2024,9332,17,1,0.204,2026-07-30T13:24:12.659429312+00:00,cbb911ebc92afa408dc8bde69cdd071052bb22e9a8b4f196bf8ed70d4000d25f,ok,
sofascore_match_shots__Spain_La_Liga__2024_2025.parquet,C:\Users\calum\AppData\Local\Python\pythoncore-3.14-64\Lib\site-packages\data\raw\sofascore_match_shots__Spain_La_Liga__2024_2025.parquet,sofascore_match_shots,Spain La Liga,2024-2025,9063,17,1,0.212,2026-07-30T12:23:01.390110493+00:00,4a9a76093511cdf1894f14de3b34c5d3b60cb295368218682c81f6aa67ba9199,ok,
sofascore_match_shots__Spain_La_Liga__2025_2026.parquet,C:\Users\calum\AppData\Local\Python\pythoncore-3.14-64\Lib\site-packages\data\raw\sofascore_match_shots__Spain_La_Liga__2025_2026.parquet,sofascore_match_shots,Spain La Liga,2025-2026,9510,17,1,0.222,2026-07-28T08:36:05.406584024+00:00,c448e52672e3141b340948fb12c60b843f5857b9a5be0709ffb0fb07398a3e90,ok,
sofascore_match_shots__UEFA_Champions_League__2023_2024.parquet,C:\Users\calum\AppData\Local\Python\pythoncore-3.14-64\Lib\site-packages\data\raw\sofascore_match_shots__UEFA_Champions_League__2023_2024.parquet,sofascore_match_shots,UEFA Champions League,2023-2024,4811,17,1,0.116,2026-07-31T06:03:45.969348669+00:00,e2d53cbfb23b16aa06daf2a8380da56e6ead74dfc984acd55c395ebe135f731c,ok,
sofascore_match_shots__UEFA_Champions_League__2024_2025.parquet,C:\Users\calum\AppData\Local\Python\pythoncore-3.14-64\Lib\site-packages\data\raw\sofascore_match_shots__UEFA_Champions_League__2024_2025.parquet,sofascore_match_shots,UEFA Champions League,2024-2025,5740,17,1,0.149,2026-07-31T04:52:38.093510151+00:00,292246d2d7d23f36d04e9cf87438fd8e34a34668dcde067c29e9df348932d75b,ok,
sofascore_match_shots__UEFA_Champions_League__2025_2026.parquet,C:\Users\calum\AppData\Local\Python\pythoncore-3.14-64\Lib\site-packages\data\raw\sofascore_match_shots__UEFA_Champions_League__2025_2026.parquet,sofascore_match_shots,UEFA Champions League,2025-2026,6189,17,1,0.153,2026-07-31T02:53:04.375270367+00:00,b0e72d5ba73746fec80b3ac3969404eed29fc981e76f2a6a9451163b90d43b75,ok,
sofascore_match_shots__UEFA_Europa_League__2023_2024.parquet,C:\Users\calum\AppData\Local\Python\pythoncore-3.14-64\Lib\site-packages\data\raw\sofascore_match_shots__UEFA_Europa_League__2023_2024.parquet,sofascore_match_shots,UEFA Europa League,2023-2024,3635,17,1,0.102,2026-07-31T10:07:37.311665535+00:00,08ffcdcb354cc96264bce141f3b20a418e7c270242586899ee9effd7d5f7e5d3,ok,
sofascore_match_shots__UEFA_Europa_League__2024_2025.parquet,C:\Users\calum\AppData\Local\Python\pythoncore-3.14-64\Lib\site-packages\data\raw\sofascore_match_shots__UEFA_Europa_League__2024_2025.parquet,sofascore_match_shots,UEFA Europa League,2024-2025,5052,17,1,0.137,2026-07-31T09:27:02.311326504+00:00,31b101c357af5dee50e222182a5c9b7ac97cc4ad81687d6feaf8cf226879334b,ok,
sofascore_match_shots__UEFA_Europa_League__2025_2026.parquet,C:\Users\calum\AppData\Local\Python\pythoncore-3.14-64\Lib\site-packages\data\raw\sofascore_match_shots__UEFA_Europa_League__2025_2026.parquet,sofascore_match_shots,UEFA Europa League,2025-2026,4785,17,1,0.133,2026-07-31T07:43:33.693720818+00:00,11db9da216e1f751fd198d8b71a76634dd99863f739193df5a6eedc8f6e96749,ok,
sofascore_match_team_stats__England_EFL_Championship__2023_2024.parquet,C:\Users\calum\AppData\Local\Python\pythoncore-3.14-64\Lib\site-packages\data\raw\sofascore_match_team_stats__England_EFL_Championship__2023_2024.parquet,sofascore_match_team_stats,England EFL Championship,2023-2024,65214,19,1,0.486,2026-07-31T14:09:27.096777201+00:00,1f72580dc7f57f9641660a16d645a5bd8a70eb4a4508777ded9a1d45deb4a30b,ok,
sofascore_match_team_stats__England_EFL_Championship__2024_2025.parquet,C:\Users\calum\AppData\Local\Python\pythoncore-3.14-64\Lib\site-packages\data\raw\sofascore_match_team_stats__England_EFL_Championship__2024_2025.parquet,sofascore_match_team_stats,England EFL Championship,2024-2025,68640,19,1,0.537,2026-07-31T12:46:00.414521456+00:00,90945c81da2c902a12c164bc33b0cb408f21d514eced7f8b6938f2c2e1d6e7d3,ok,
sofascore_match_team_stats__England_EFL_Championship__2025_2026.parquet,C:\Users\calum\AppData\Local\Python\pythoncore-3.14-64\Lib\site-packages\data\raw\sofascore_match_team_stats__England_EFL_Championship__2025_2026.parquet,sofascore_match_team_stats,England EFL Championship,2025-2026,69618,19,1,0.544,2026-07-31T11:26:24.217458725+00:00,741549e54f63dc115c645b9b0a6b5055d8333437650cb33d20b8d10c4297ce80,ok,
sofascore_match_team_stats__England_Premier_League__2023_2024.parquet,C:\Users\calum\AppData\Local\Python\pythoncore-3.14-64\Lib\site-packages\data\raw\sofascore_match_team_stats__England_Premier_League__2023_2024.parquet,sofascore_match_team_stats,England Premier League,2023-2024,44872,19,1,0.346,2026-07-28T07:42:57.111809254+00:00,6e5e7faf1b1e6e64a4c207443d5ee0b111607434719fcc6eb27f655d92f81e54,ok,
sofascore_match_team_stats__England_Premier_League__2024_2025.parquet,C:\Users\calum\AppData\Local\Python\pythoncore-3.14-64\Lib\site-packages\data\raw\sofascore_match_team_stats__England_Premier_League__2024_2025.parquet,sofascore_match_team_stats,England Premier League,2024-2025,47393,19,1,0.382,2026-07-28T06:49:24.236587048+00:00,12fe2423b71aae1cb03bf4be7fd5426b216b62a3f8be31a28600bdb3b5b30d3e,ok,
sofascore_match_team_stats__England_Premier_League__2025_2026.parquet,C:\Users\calum\AppData\Local\Python\pythoncore-3.14-64\Lib\site-packages\data\raw\sofascore_match_team_stats__England_Premier_League__2025_2026.parquet,sofascore_match_team_stats,England Premier League,2025-2026,47938,19,1,0.385,2026-07-28T05:56:06.002758503+00:00,4d68168470a5c3453ac736a6b317fb9bb7c2d17c6871633f44ef6094dc67a906,ok,
sofascore_match_team_stats__France_Ligue_1__2023_2024.parquet,C:\Users\calum\AppData\Local\Python\pythoncore-3.14-64\Lib\site-packages\data\raw\sofascore_match_team_stats__France_Ligue_1__2023_2024.parquet,sofascore_match_team_stats,France Ligue 1,2023-2024,36587,19,1,0.288,2026-07-30T20:32:48.077504635+00:00,bd77fa7900ba348cf8d689b0bd3331ccb41338a1affefeded0d4fa523f0ce560,ok,
sofascore_match_team_stats__France_Ligue_1__2024_2025.parquet,C:\Users\calum\AppData\Local\Python\pythoncore-3.14-64\Lib\site-packages\data\raw\sofascore_match_team_stats__France_Ligue_1__2024_2025.parquet,sofascore_match_team_stats,France Ligue 1,2024-2025,38582,19,1,0.32,2026-07-30T19:48:39.468657017+00:00,c730633a048fcff87c85e351ecf515cea029d32450d9f2612ba6a6d92da24efa,ok,
sofascore_match_team_stats__France_Ligue_1__2025_2026.parquet,C:\Users\calum\AppData\Local\Python\pythoncore-3.14-64\Lib\site-packages\data\raw\sofascore_match_team_stats__France_Ligue_1__2025_2026.parquet,sofascore_match_team_stats,France Ligue 1,2025-2026,38935,19,1,0.317,2026-07-30T19:03:57.268597841+00:00,dcdc90a3e82da6e758cd5f01d257790b290a2b4766d3daabaefa2e09e8507ee0,ok,
sofascore_match_team_stats__Germany_Bundesliga__2023_2024.parquet,C:\Users\calum\AppData\Local\Python\pythoncore-3.14-64\Lib\site-packages\data\raw\sofascore_match_team_stats__Germany_Bundesliga__2023_2024.parquet,sofascore_match_team_stats,Germany Bundesliga,2023-2024,36377,19,1,0.285,2026-07-30T15:37:05.076382160+00:00,03cbdeb53943aff44f87423fa136e4948848a9b08016a1be6241f739d60b2efd,ok,
sofascore_match_team_stats__Germany_Bundesliga__2024_2025.parquet,C:\Users\calum\AppData\Local\Python\pythoncore-3.14-64\Lib\site-packages\data\raw\sofascore_match_team_stats__Germany_Bundesliga__2024_2025.parquet,sofascore_match_team_stats,Germany Bundesliga,2024-2025,38211,19,1,0.316,2026-07-30T14:53:04.408837318+00:00,5bbe34e3a299bc48bd79b4342def65afd14c9116ae86fb38a797fa9957586cd1,ok,
sofascore_match_team_stats__Germany_Bundesliga__2025_2026.parquet,C:\Users\calum\AppData\Local\Python\pythoncore-3.14-64\Lib\site-packages\data\raw\sofascore_match_team_stats__Germany_Bundesliga__2025_2026.parquet,sofascore_match_team_stats,Germany Bundesliga,2025-2026,38927,19,1,0.32,2026-07-30T14:07:28.705820560+00:00,79a4a5d75a572ce1bf171672d392733d6036347b53612937004b7e7a53ae3bfc,ok,
sofascore_match_team_stats__Italy_Serie_A__2023_2024.parquet,C:\Users\calum\AppData\Local\Python\pythoncore-3.14-64\Lib\site-packages\data\raw\sofascore_match_team_stats__Italy_Serie_A__2023_2024.parquet,sofascore_match_team_stats,Italy Serie A,2023-2024,44688,19,1,0.347,2026-07-30T18:20:58.999444962+00:00,8451878107e185d25a310f37054e21d263a1b49eb858d0320797a4d9e7beb5c2,ok,
sofascore_match_team_stats__Italy_Serie_A__2024_2025.parquet,C:\Users\calum\AppData\Local\Python\pythoncore-3.14-64\Lib\site-packages\data\raw\sofascore_match_team_stats__Italy_Serie_A__2024_2025.parquet,sofascore_match_team_stats,Italy Serie A,2024-2025,47037,19,1,0.38,2026-07-30T17:26:17.020042658+00:00,e03d4e4946d1c11d93a9df1a41fe1e3a853bfcb6c72ad5ce3c85e5119f5db18d,ok,
sofascore_match_team_stats__Italy_Serie_A__2025_2026.parquet,C:\Users\calum\AppData\Local\Python\pythoncore-3.14-64\Lib\site-packages\data\raw\sofascore_match_team_stats__Italy_Serie_A__2025_2026.parquet,sofascore_match_team_stats,Italy Serie A,2025-2026,47649,19,1,0.383,2026-07-30T16:30:09.331528187+00:00,3a21f83363b97e62ddacafdd4bd6b064f85c4cbe74efc92c9f475e0f20a0d152,ok,
sofascore_match_team_stats__Netherlands_Eredivisie__2023_2024.parquet,C:\Users\calum\AppData\Local\Python\pythoncore-3.14-64\Lib\site-packages\data\raw\sofascore_match_team_stats__Netherlands_Eredivisie__2023_2024.parquet,sofascore_match_team_stats,Netherlands Eredivisie,2023-2024,37886,19,1,0.301,2026-07-30T22:50:15.546376228+00:00,67666dcfd0025e621a5d85ab6b99ff173382bd81c9c1ed0bb1581fcc89e22ddd,ok,
sofascore_match_team_stats__Netherlands_Eredivisie__2024_2025.parquet,C:\Users\calum\AppData\Local\Python\pythoncore-3.14-64\Lib\site-packages\data\raw\sofascore_match_team_stats__Netherlands_Eredivisie__2024_2025.parquet,sofascore_match_team_stats,Netherlands Eredivisie,2024-2025,39824,19,1,0.327,2026-07-30T22:04:19.256451368+00:00,3ce24178f9cd3822fba5faf59de21832730cae99cdaf6b3da29a05d4b89514fc,ok,
sofascore_match_team_stats__Netherlands_Eredivisie__2025_2026.parquet,C:\Users\calum\AppData\Local\Python\pythoncore-3.14-64\Lib\site-packages\data\raw\sofascore_match_team_stats__Netherlands_Eredivisie__2025_2026.parquet,sofascore_match_team_stats,Netherlands Eredivisie,2025-2026,40568,19,1,0.333,2026-07-30T21:19:12.951730728+00:00,df499e5a1dbd3cd38260718ee073fa122807e83a0b0f74d2f7796d6f607679c2,ok,
sofascore_match_team_stats__Portugal_Primeira_Liga__2023_2024.parquet,C:\Users\calum\AppData\Local\Python\pythoncore-3.14-64\Lib\site-packages\data\raw\sofascore_match_team_stats__Portugal_Primeira_Liga__2023_2024.parquet,sofascore_match_team_stats,Portugal Primeira Liga,2023-2024,36479,19,1,0.288,2026-07-31T01:01:47.405143023+00:00,77c214ce60307e5f676b733af9a5ea81c5cdbeb645512f51906a35b5ee7858bc,ok,
sofascore_match_team_stats__Portugal_Primeira_Liga__2024_2025.parquet,C:\Users\calum\AppData\Local\Python\pythoncore-3.14-64\Lib\site-packages\data\raw\sofascore_match_team_stats__Portugal_Primeira_Liga__2024_2025.parquet,sofascore_match_team_stats,Portugal Primeira Liga,2024-2025,38155,19,1,0.311,2026-07-31T00:17:57.499988556+00:00,fed183d925e323ce25b76db5038c94e68d278e75c0b9b62a6ccd522177d02699,ok,
sofascore_match_team_stats__Portugal_Primeira_Liga__2025_2026.parquet,C:\Users\calum\AppData\Local\Python\pythoncore-3.14-64\Lib\site-packages\data\raw\sofascore_match_team_stats__Portugal_Primeira_Liga__2025_2026.parquet,sofascore_match_team_stats,Portugal Primeira Liga,2025-2026,38628,19,1,0.315,2026-07-30T23:33:19.477442503+00:00,491ed14ddd6df645ea1aac432b9ec9b8e48b172591a5b1ad8b0d0a84bc736490,ok,
sofascore_match_team_stats__Spain_La_Liga__2023_2024.parquet,C:\Users\calum\AppData\Local\Python\pythoncore-3.14-64\Lib\site-packages\data\raw\sofascore_match_team_stats__Spain_La_Liga__2023_2024.parquet,sofascore_match_team_stats,Spain La Liga,2023-2024,44777,19,1,0.345,2026-07-30T13:24:12.940191507+00:00,373922e99d273ae554f870e21a57a675ed779d31f262d39d60b686df582a7f58,ok,
sofascore_match_team_stats__Spain_La_Liga__2024_2025.parquet,C:\Users\calum\AppData\Local\Python\pythoncore-3.14-64\Lib\site-packages\data\raw\sofascore_match_team_stats__Spain_La_Liga__2024_2025.parquet,sofascore_match_team_stats,Spain La Liga,2024-2025,47236,19,1,0.383,2026-07-30T12:23:02.139249325+00:00,1997a0fa5e3e5dd2b8b247dd15a43d96ba01c2e22117bd32cc39f25e3b3a3e72,ok,
sofascore_match_team_stats__Spain_La_Liga__2025_2026.parquet,C:\Users\calum\AppData\Local\Python\pythoncore-3.14-64\Lib\site-packages\data\raw\sofascore_match_team_stats__Spain_La_Liga__2025_2026.parquet,sofascore_match_team_stats,Spain La Liga,2025-2026,47963,19,1,0.386,2026-07-28T08:36:05.687632084+00:00,b3bdca58ab745dc8026256faaf0c97304ba2ebfd5ca3b516d33734ce477da954,ok,
sofascore_match_team_stats__UEFA_Champions_League__2023_2024.parquet,C:\Users\calum\AppData\Local\Python\pythoncore-3.14-64\Lib\site-packages\data\raw\sofascore_match_team_stats__UEFA_Champions_League__2023_2024.parquet,sofascore_match_team_stats,UEFA Champions League,2023-2024,20971,19,1,0.179,2026-07-31T06:03:46.101970673+00:00,414828f9b973b75377cadf6a81180323fe1e9ff17611f34bbc0add593770cfa1,ok,
sofascore_match_team_stats__UEFA_Champions_League__2024_2025.parquet,C:\Users\calum\AppData\Local\Python\pythoncore-3.14-64\Lib\site-packages\data\raw\sofascore_match_team_stats__UEFA_Champions_League__2024_2025.parquet,sofascore_match_team_stats,UEFA Champions League,2024-2025,27103,19,1,0.237,2026-07-31T04:52:38.249373436+00:00,e1bb5697217744cf8c103a9113f051e2b09bc91f0dcc6eca6c782fbd576db5a2,ok,
sofascore_match_team_stats__UEFA_Champions_League__2025_2026.parquet,C:\Users\calum\AppData\Local\Python\pythoncore-3.14-64\Lib\site-packages\data\raw\sofascore_match_team_stats__UEFA_Champions_League__2025_2026.parquet,sofascore_match_team_stats,UEFA Champions League,2025-2026,29078,19,1,0.252,2026-07-31T02:53:04.545745611+00:00,ccfb957dc1214cde624ac11f1fa23add574508e3ac99df1a2ae66204867f1078,ok,
sofascore_match_team_stats__UEFA_Europa_League__2023_2024.parquet,C:\Users\calum\AppData\Local\Python\pythoncore-3.14-64\Lib\site-packages\data\raw\sofascore_match_team_stats__UEFA_Europa_League__2023_2024.parquet,sofascore_match_team_stats,UEFA Europa League,2023-2024,17417,19,1,0.151,2026-07-31T10:07:37.404316425+00:00,844e234db07b25246bd7bb05a912d2942985025bfd04957a5ec68bbe59721b93,ok,
sofascore_match_team_stats__UEFA_Europa_League__2024_2025.parquet,C:\Users\calum\AppData\Local\Python\pythoncore-3.14-64\Lib\site-packages\data\raw\sofascore_match_team_stats__UEFA_Europa_League__2024_2025.parquet,sofascore_match_team_stats,UEFA Europa League,2024-2025,24496,19,1,0.217,2026-07-31T09:27:02.466413975+00:00,7cbba979c193c50407b0977f737381bf71266a4be7f93f2e71361346be444d09,ok,
sofascore_match_team_stats__UEFA_Europa_League__2025_2026.parquet,C:\Users\calum\AppData\Local\Python\pythoncore-3.14-64\Lib\site-packages\data\raw\sofascore_match_team_stats__UEFA_Europa_League__2025_2026.parquet,sofascore_match_team_stats,UEFA Europa League,2025-2026,24878,19,1,0.219,2026-07-31T07:43:33.827447414+00:00,84faa178052da080cb40e6f145887b7ac5de6b13ef7b61c20bde6e3b1b4f428d,ok,
transfermarkt__Argentina_Liga_Profesional__2023_2024.parquet,C:\Users\calum\AppData\Local\Python\pythoncore-3.14-64\Lib\site-packages\data\raw\transfermarkt__Argentina_Liga_Profesional__2023_2024.parquet,transfermarkt,Argentina Liga Profesional,2023-2024,1922,18,1,0.084,2026-07-31T15:43:09.181984186+00:00,a4710f7fb0e0d6ff74057f27983659de40cfc7865bec12df516e9385c6a3d91f,ok,
transfermarkt__Argentina_Liga_Profesional__2024_2025.parquet,C:\Users\calum\AppData\Local\Python\pythoncore-3.14-64\Lib\site-packages\data\raw\transfermarkt__Argentina_Liga_Profesional__2024_2025.parquet,transfermarkt,Argentina Liga Profesional,2024-2025,2401,18,1,0.097,2026-07-31T15:01:53.758356094+00:00,e7667638099f166b7703cc5c529fea72be1c024957363d44961134e83141b681,ok,
transfermarkt__Belgium_Pro_League__2023_2024.parquet,C:\Users\calum\AppData\Local\Python\pythoncore-3.14-64\Lib\site-packages\data\raw\transfermarkt__Belgium_Pro_League__2023_2024.parquet,transfermarkt,Belgium Pro League,2023-2024,1153,18,1,0.061,2026-07-31T16:55:09.216118813+00:00,eb358568f7c32b27731533d33c26f292397cfbd877fcad23c959ad4f4c23d500,ok,
transfermarkt__Belgium_Pro_League__2024_2025.parquet,C:\Users\calum\AppData\Local\Python\pythoncore-3.14-64\Lib\site-packages\data\raw\transfermarkt__Belgium_Pro_League__2024_2025.parquet,transfermarkt,Belgium Pro League,2024-2025,1159,18,1,0.061,2026-07-31T16:30:49.605889797+00:00,b409af61c65a451be581170cad123025fc9bfc797039af68d5d55768bf3c9353,ok,
transfermarkt__Belgium_Pro_League__2025_2026.parquet,C:\Users\calum\AppData\Local\Python\pythoncore-3.14-64\Lib\site-packages\data\raw\transfermarkt__Belgium_Pro_League__2025_2026.parquet,transfermarkt,Belgium Pro League,2025-2026,1134,18,1,0.057,2026-07-31T16:07:00.424408436+00:00,4e20d4fb8fda036205588afbb2861df0c073eef43f9335b0881e8515ef0f5cdc,ok,
transfermarkt__Brazil_Serie_A__2023_2024.parquet,C:\Users\calum\AppData\Local\Python\pythoncore-3.14-64\Lib\site-packages\data\raw\transfermarkt__Brazil_Serie_A__2023_2024.parquet,transfermarkt,Brazil Serie A,2023-2024,1692,18,1,0.074,2026-07-31T18:46:31.824490070+00:00,439870ffa17222259aad6c078fab244c5f9ef341be63bdb493433dd68694d62d,ok,
transfermarkt__Brazil_Serie_A__2024_2025.parquet,C:\Users\calum\AppData\Local\Python\pythoncore-3.14-64\Lib\site-packages\data\raw\transfermarkt__Brazil_Serie_A__2024_2025.parquet,transfermarkt,Brazil Serie A,2024-2025,1735,18,1,0.074,2026-07-31T18:10:47.201505423+00:00,51e6914d4d80b642b1fbc658612a9b4d2d3f9388c42b08686e2e6ef03bdb1d2d,ok,
transfermarkt__Brazil_Serie_A__2025_2026.parquet,C:\Users\calum\AppData\Local\Python\pythoncore-3.14-64\Lib\site-packages\data\raw\transfermarkt__Brazil_Serie_A__2025_2026.parquet,transfermarkt,Brazil Serie A,2025-2026,1875,18,1,0.079,2026-07-31T17:34:24.218094826+00:00,86be2bcb169accbdd76d20cbb4cd4d7c34ac90a2d178b52cd8ae82e6d74ca460,ok,
transfermarkt__England_EFL_Championship__2023_2024.parquet,C:\Users\calum\AppData\Local\Python\pythoncore-3.14-64\Lib\site-packages\data\raw\transfermarkt__England_EFL_Championship__2023_2024.parquet,transfermarkt,England EFL Championship,2023-2024,1762,18,1,0.082,2026-07-31T22:43:11.404728889+00:00,29c90eb9f12a8f96005abec0df981f371e89f9e4901c2f9dc43750f18190d4e3,ok,
transfermarkt__England_EFL_Championship__2024_2025.parquet,C:\Users\calum\AppData\Local\Python\pythoncore-3.14-64\Lib\site-packages\data\raw\transfermarkt__England_EFL_Championship__2024_2025.parquet,transfermarkt,England EFL Championship,2024-2025,1851,18,1,0.083,2026-07-31T21:56:15.321652412+00:00,4499dab10c5214e495aef0f66b53b74ce2d8a16f347e01b1a8d33511666525d9,ok,
transfermarkt__England_EFL_Championship__2025_2026.parquet,C:\Users\calum\AppData\Local\Python\pythoncore-3.14-64\Lib\site-packages\data\raw\transfermarkt__England_EFL_Championship__2025_2026.parquet,transfermarkt,England EFL Championship,2025-2026,1837,18,1,0.081,2026-07-31T21:09:25.688265562+00:00,5a4da16ade6f5e79f43b94c459525b783b46cf6321032721233dfc7c76e26e62,ok,
transfermarkt__England_EFL_League_1__2023_2024.parquet,C:\Users\calum\AppData\Local\Python\pythoncore-3.14-64\Lib\site-packages\data\raw\transfermarkt__England_EFL_League_1__2023_2024.parquet,transfermarkt,England EFL League 1,2023-2024,1787,18,1,0.079,2026-08-01T00:31:59.357437372+00:00,e8b9b684c149a87ee22fb084b24709742f71f2eecd95cf3ec68108bf575593dc,ok,
transfermarkt__England_EFL_League_1__2024_2025.parquet,C:\Users\calum\AppData\Local\Python\pythoncore-3.14-64\Lib\site-packages\data\raw\transfermarkt__England_EFL_League_1__2024_2025.parquet,transfermarkt,England EFL League 1,2024-2025,1741,18,1,0.078,2026-07-31T23:58:14.311474085+00:00,76dc3fc50d09061f0d5957190f58f28ebd0dc6873ccebdee3f479017bd70c15e,ok,
transfermarkt__England_EFL_League_1__2025_2026.parquet,C:\Users\calum\AppData\Local\Python\pythoncore-3.14-64\Lib\site-packages\data\raw\transfermarkt__England_EFL_League_1__2025_2026.parquet,transfermarkt,England EFL League 1,2025-2026,1751,18,1,0.077,2026-07-31T23:24:13.673011303+00:00,a69c7ba889b4a0c2b0ecb4c2fb0f4b56b699b6108e966d4b9e8c4337384f7411,ok,
transfermarkt__England_EFL_League_2__2023_2024.parquet,C:\Users\calum\AppData\Local\Python\pythoncore-3.14-64\Lib\site-packages\data\raw\transfermarkt__England_EFL_League_2__2023_2024.parquet,transfermarkt,England EFL League 2,2023-2024,1696,18,1,0.074,2026-08-01T02:06:32.084710121+00:00,15b371c6fd55e8912d4a5d732062d7323ea4cf96226f4c399a9496e970bdfdf4,ok,
transfermarkt__England_EFL_League_2__2024_2025.parquet,C:\Users\calum\AppData\Local\Python\pythoncore-3.14-64\Lib\site-packages\data\raw\transfermarkt__England_EFL_League_2__2024_2025.parquet,transfermarkt,England EFL League 2,2024-2025,1624,18,1,0.072,2026-08-01T01:35:02.355371714+00:00,b3a14894ec92282850663036ba6a96743a69061d2c87d9c3c56202b0aba2ddca,ok,
transfermarkt__England_EFL_League_2__2025_2026.parquet,C:\Users\calum\AppData\Local\Python\pythoncore-3.14-64\Lib\site-packages\data\raw\transfermarkt__England_EFL_League_2__2025_2026.parquet,transfermarkt,England EFL League 2,2025-2026,1620,18,1,0.071,2026-08-01T01:05:03.024665833+00:00,14bab8fa4f5f168abb3688f9d874723752f3422ac1e74adda9c79359b05e668a,ok,
transfermarkt__England_Premier_League__2023_2024.parquet,C:\Users\calum\AppData\Local\Python\pythoncore-3.14-64\Lib\site-packages\data\raw\transfermarkt__England_Premier_League__2023_2024.parquet,transfermarkt,England Premier League,2023-2024,1619,18,1,0.076,2026-07-31T20:27:38.733383894+00:00,6c6d2c628646fc6d28a6fa0e413807463849d8bbcecd3809f7f380eef5063df3,ok,
transfermarkt__England_Premier_League__2024_2025.parquet,C:\Users\calum\AppData\Local\Python\pythoncore-3.14-64\Lib\site-packages\data\raw\transfermarkt__England_Premier_League__2024_2025.parquet,transfermarkt,England Premier League,2024-2025,1470,18,1,0.07,2026-07-31T19:51:51.785702705+00:00,a3c108c09615d3fd9b8ea54aa7edbbf22363ac6c792d2e2f9494a4e96741c3fa,ok,
transfermarkt__England_Premier_League__2025_2026.parquet,C:\Users\calum\AppData\Local\Python\pythoncore-3.14-64\Lib\site-packages\data\raw\transfermarkt__England_Premier_League__2025_2026.parquet,transfermarkt,England Premier League,2025-2026,1464,18,1,0.069,2026-07-31T19:19:20.545041323+00:00,4601ecbb0095632c5a6520def7da5e3dac519a194f3886600323df9aaa165903,ok,
transfermarkt__France_Ligue_1__2023_2024.parquet,C:\Users\calum\AppData\Local\Python\pythoncore-3.14-64\Lib\site-packages\data\raw\transfermarkt__France_Ligue_1__2023_2024.parquet,transfermarkt,France Ligue 1,2023-2024,1299,18,1,0.065,2026-08-01T03:19:32.639615774+00:00,3f5e259ced19faeac3bcc7c5eba19e0e8d5d381e36b3f86caf15d4d83b2bd9b7,ok,
transfermarkt__France_Ligue_1__2024_2025.parquet,C:\Users\calum\AppData\Local\Python\pythoncore-3.14-64\Lib\site-packages\data\raw\transfermarkt__France_Ligue_1__2024_2025.parquet,transfermarkt,France Ligue 1,2024-2025,1291,18,1,0.065,2026-08-01T02:55:14.494942188+00:00,44a36f7667a68660824b24c655eeabdea5ef6fea81fa4f056869467ed24e4f6b,ok,
transfermarkt__France_Ligue_1__2025_2026.parquet,C:\Users\calum\AppData\Local\Python\pythoncore-3.14-64\Lib\site-packages\data\raw\transfermarkt__France_Ligue_1__2025_2026.parquet,transfermarkt,France Ligue 1,2025-2026,1308,18,1,0.064,2026-08-01T02:31:04.278496981+00:00,f2fcc8a2b2f9b0763e167153e6111d35ccde95f492b82ea8449edd48ae3b549b,ok,
transfermarkt__France_Ligue_2__2024_2025.parquet,C:\Users\calum\AppData\Local\Python\pythoncore-3.14-64\Lib\site-packages\data\raw\transfermarkt__France_Ligue_2__2024_2025.parquet,transfermarkt,France Ligue 2,2024-2025,1132,18,1,0.057,2026-08-01T04:07:52.646849394+00:00,d585ee6e3e21e4a1bfff6a07d9e6f315aab4015eb6606b7c7ee264eed464a9eb,ok,
transfermarkt__France_Ligue_2__2025_2026.parquet,C:\Users\calum\AppData\Local\Python\pythoncore-3.14-64\Lib\site-packages\data\raw\transfermarkt__France_Ligue_2__2025_2026.parquet,transfermarkt,France Ligue 2,2025-2026,1177,18,1,0.057,2026-08-01T03:44:14.124606609+00:00,15b92753631e82f1a02805f30a066ee99aef891f56d2eb1dd6d2ff5f7adc2bf0,ok,
understat__England_Premier_League__2023_2024.parquet,C:\Users\calum\AppData\Local\Python\pythoncore-3.14-64\Lib\site-packages\data\raw\understat__England_Premier_League__2023_2024.parquet,understat_season,England Premier League,2023-2024,570,21,1,0.061,2026-07-28T03:11:45.151461363+00:00,50014f1e67ca8aa0cd93573ce9460c50f67b9078edcbda182fc899eaf41a9314,ok,
understat__England_Premier_League__2024_2025.parquet,C:\Users\calum\AppData\Local\Python\pythoncore-3.14-64\Lib\site-packages\data\raw\understat__England_Premier_League__2024_2025.parquet,understat_season,England Premier League,2024-2025,562,21,1,0.06,2026-07-28T03:11:42.060049534+00:00,16ebfa9031e78686c06c902bd859694584a01031e5081bf1f2bec9733ccdcf28,ok,
understat__England_Premier_League__2025_2026.parquet,C:\Users\calum\AppData\Local\Python\pythoncore-3.14-64\Lib\site-packages\data\raw\understat__England_Premier_League__2025_2026.parquet,understat_season,England Premier League,2025-2026,537,21,1,0.059,2026-07-28T03:11:38.964331388+00:00,25169aa91d393f423e79f68349abf5c8305fe8cd3f75315f9cf77a1f2629ffff,ok,
understat__France_Ligue_1__2023_2024.parquet,C:\Users\calum\AppData\Local\Python\pythoncore-3.14-64\Lib\site-packages\data\raw\understat__France_Ligue_1__2023_2024.parquet,understat_season,France Ligue 1,2023-2024,525,21,1,0.058,2026-07-28T03:12:22.306419849+00:00,bdc0d650f1cb46a7d9284927d3a8bc16a49c4543db70a0cf7574ac56e533559a,ok,
understat__France_Ligue_1__2024_2025.parquet,C:\Users\calum\AppData\Local\Python\pythoncore-3.14-64\Lib\site-packages\data\raw\understat__France_Ligue_1__2024_2025.parquet,understat_season,France Ligue 1,2024-2025,542,21,1,0.059,2026-07-28T03:12:19.253090857+00:00,3b44ff8f2a72a46f9fb62df0203f7b3d562dd9b3fcafd79571b743e9962a4fdd,ok,
understat__France_Ligue_1__2025_2026.parquet,C:\Users\calum\AppData\Local\Python\pythoncore-3.14-64\Lib\site-packages\data\raw\understat__France_Ligue_1__2025_2026.parquet,understat_season,France Ligue 1,2025-2026,553,21,1,0.06,2026-07-28T03:12:16.083372831+00:00,4d3524fbbe5e1c5f2582e72b05e5dd3129c42bc04f9b1f16bd5d984c7b9e8401,ok,
understat__Germany_Bundesliga__2023_2024.parquet,C:\Users\calum\AppData\Local\Python\pythoncore-3.14-64\Lib\site-packages\data\raw\understat__Germany_Bundesliga__2023_2024.parquet,understat_season,Germany Bundesliga,2023-2024,494,21,1,0.055,2026-07-28T03:12:03.652016878+00:00,2df2cf70ec49f2a3d655bcd5064af322e8770d0f5f66aed6d2f97c5f37e6ef34,ok,
understat__Germany_Bundesliga__2024_2025.parquet,C:\Users\calum\AppData\Local\Python\pythoncore-3.14-64\Lib\site-packages\data\raw\understat__Germany_Bundesliga__2024_2025.parquet,understat_season,Germany Bundesliga,2024-2025,481,21,1,0.054,2026-07-28T03:12:00.613903999+00:00,1223eb67c339f870493ea5d8cef2dc3fba3cc9f9e47f2140216205e7af34c6d6,ok,
understat__Germany_Bundesliga__2025_2026.parquet,C:\Users\calum\AppData\Local\Python\pythoncore-3.14-64\Lib\site-packages\data\raw\understat__Germany_Bundesliga__2025_2026.parquet,understat_season,Germany Bundesliga,2025-2026,499,21,1,0.056,2026-07-28T03:11:57.601590395+00:00,972f0deecf180c19b6ab3d152c0fb3f38dc3ed1fd10415c77c0255e37672de3f,ok,
understat__Italy_Serie_A__2023_2024.parquet,C:\Users\calum\AppData\Local\Python\pythoncore-3.14-64\Lib\site-packages\data\raw\understat__Italy_Serie_A__2023_2024.parquet,understat_season,Italy Serie A,2023-2024,590,21,1,0.063,2026-07-28T03:12:12.988570690+00:00,3533d1982faa0a5614da0896a50e97ae02b9472d0a3a613c8a7eee6d2e3c1184,ok,
understat__Italy_Serie_A__2024_2025.parquet,C:\Users\calum\AppData\Local\Python\pythoncore-3.14-64\Lib\site-packages\data\raw\understat__Italy_Serie_A__2024_2025.parquet,understat_season,Italy Serie A,2024-2025,599,21,1,0.064,2026-07-28T03:12:09.859052658+00:00,772c7be7e9c96fac940b7ad2fcf62095f014f760800da08ae0be3f7d9a028f9e,ok,
understat__Italy_Serie_A__2025_2026.parquet,C:\Users\calum\AppData\Local\Python\pythoncore-3.14-64\Lib\site-packages\data\raw\understat__Italy_Serie_A__2025_2026.parquet,understat_season,Italy Serie A,2025-2026,586,21,1,0.063,2026-07-28T03:12:06.778050184+00:00,742db1d69034f59120f99baba8be3636d9d207ce16c42c390349d76ca923d0b2,ok,
understat__Spain_La_Liga__2023_2024.parquet,C:\Users\calum\AppData\Local\Python\pythoncore-3.14-64\Lib\site-packages\data\raw\understat__Spain_La_Liga__2023_2024.parquet,understat_season,Spain La Liga,2023-2024,598,21,1,0.062,2026-07-28T03:11:54.503765821+00:00,cdb76f61702da96f292118808cbd4b832cf4ea880cf5b0a9f65f8b2c4368d0b8,ok,
understat__Spain_La_Liga__2024_2025.parquet,C:\Users\calum\AppData\Local\Python\pythoncore-3.14-64\Lib\site-packages\data\raw\understat__Spain_La_Liga__2024_2025.parquet,understat_season,Spain La Liga,2024-2025,590,21,1,0.061,2026-07-28T03:11:51.379069805+00:00,2859aff8bd053b320a2aeba1932f9c5f0341bb12035a9ae6dcf6314a23b5f41b,ok,
understat__Spain_La_Liga__2025_2026.parquet,C:\Users\calum\AppData\Local\Python\pythoncore-3.14-64\Lib\site-packages\data\raw\understat__Spain_La_Liga__2025_2026.parquet,understat_season,Spain La Liga,2025-2026,600,21,1,0.062,2026-07-28T03:11:48.259549140+00:00,a94a8997d1a524e6c9f6699e10f9aa544519b2ce79f7af6335b1d00e742ccf68,ok,
understat_league_table__England_Premier_League__2023_2024__away.parquet,C:\Users\calum\AppData\Local\Python\pythoncore-3.14-64\Lib\site-packages\data\raw\understat_league_table__England_Premier_League__2023_2024__away.parquet,understat_league_table,England Premier League,2023-2024,20,21,1,0.014,2026-07-28T03:12:29.955945253+00:00,f2f22d482e60f9a6101acbcba44431170f073e12f768239270a0f763d4ded92f,ok,
understat_league_table__England_Premier_League__2023_2024__home.parquet,C:\Users\calum\AppData\Local\Python\pythoncore-3.14-64\Lib\site-packages\data\raw\understat_league_table__England_Premier_League__2023_2024__home.parquet,understat_league_table,England Premier League,2023-2024,20,21,1,0.014,2026-07-28T03:12:29.919409513+00:00,ee1960e113446f9ebb644db878a869af008df85ec42250aeac4ebadbcfbab103,ok,
understat_league_table__England_Premier_League__2023_2024__overall.parquet,C:\Users\calum\AppData\Local\Python\pythoncore-3.14-64\Lib\site-packages\data\raw\understat_league_table__England_Premier_League__2023_2024__overall.parquet,understat_league_table,England Premier League,2023-2024,20,21,1,0.014,2026-07-28T03:12:29.879257917+00:00,a5adbe1991d34312a8a2f9b049918211dcc2f0c3eb813c74da297a55c8f81a13,ok,
understat_league_table__England_Premier_League__2024_2025__away.parquet,C:\Users\calum\AppData\Local\Python\pythoncore-3.14-64\Lib\site-packages\data\raw\understat_league_table__England_Premier_League__2024_2025__away.parquet,understat_league_table,England Premier League,2024-2025,20,21,1,0.014,2026-07-28T03:12:27.746901751+00:00,216e03cac9e5f77299d7309c63dd2239686215f6ccc68b7ba32af17ef441305b,ok,
understat_league_table__England_Premier_League__2024_2025__home.parquet,C:\Users\calum\AppData\Local\Python\pythoncore-3.14-64\Lib\site-packages\data\raw\understat_league_table__England_Premier_League__2024_2025__home.parquet,understat_league_table,England Premier League,2024-2025,20,21,1,0.014,2026-07-28T03:12:27.710799217+00:00,ea7fb53ed704c43361b8820db861abd5a854bcf4f1c92f3c625e5df31ef8fd77,ok,
understat_league_table__England_Premier_League__2024_2025__overall.parquet,C:\Users\calum\AppData\Local\Python\pythoncore-3.14-64\Lib\site-packages\data\raw\understat_league_table__England_Premier_League__2024_2025__overall.parquet,understat_league_table,England Premier League,2024-2025,20,21,1,0.014,2026-07-28T03:12:27.673780918+00:00,3311fb7dc92509d30eee3bd773eeb42e58ceaf388356d631298cfac68ef93cee,ok,
understat_league_table__England_Premier_League__2025_2026__away.parquet,C:\Users\calum\AppData\Local\Python\pythoncore-3.14-64\Lib\site-packages\data\raw\understat_league_table__England_Premier_League__2025_2026__away.parquet,understat_league_table,England Premier League,2025-2026,20,21,1,0.014,2026-07-28T03:12:25.534842253+00:00,7c6dd9192c276397b425d6280730abbf4ef7d0e2bc7d5d617d81edc17ead05e0,ok,
understat_league_table__England_Premier_League__2025_2026__home.parquet,C:\Users\calum\AppData\Local\Python\pythoncore-3.14-64\Lib\site-packages\data\raw\understat_league_table__England_Premier_League__2025_2026__home.parquet,understat_league_table,England Premier League,2025-2026,20,21,1,0.014,2026-07-28T03:12:25.498925209+00:00,51121ad1140a753f3e0146ca889d24128a8014b84dba382c309df610a621a156,ok,
understat_league_table__England_Premier_League__2025_2026__overall.parquet,C:\Users\calum\AppData\Local\Python\pythoncore-3.14-64\Lib\site-packages\data\raw\understat_league_table__England_Premier_League__2025_2026__overall.parquet,understat_league_table,England Premier League,2025-2026,20,21,1,0.014,2026-07-28T03:12:25.462365150+00:00,4b7d6b2b2b2fdba11743a6bb9007c4310e00e5444ec6e284fd24b8ccf91ad12e,ok,
understat_league_table__France_Ligue_1__2023_2024__away.parquet,C:\Users\calum\AppData\Local\Python\pythoncore-3.14-64\Lib\site-packages\data\raw\understat_league_table__France_Ligue_1__2023_2024__away.parquet,understat_league_table,France Ligue 1,2023-2024,18,21,1,0.014,2026-07-28T03:12:55.326287508+00:00,c7099d5c9f0145c92145847a7fff4e55bd129a1c1301f5ad1b0aae8dd31a7655,ok,
understat_league_table__France_Ligue_1__2023_2024__home.parquet,C:\Users\calum\AppData\Local\Python\pythoncore-3.14-64\Lib\site-packages\data\raw\understat_league_table__France_Ligue_1__2023_2024__home.parquet,understat_league_table,France Ligue 1,2023-2024,18,21,1,0.014,2026-07-28T03:12:55.295035839+00:00,5de2cd6f18f6abada1ac127b1d8e1097d9d2303e6f92c84aacc127cf40605ebd,ok,
understat_league_table__France_Ligue_1__2023_2024__overall.parquet,C:\Users\calum\AppData\Local\Python\pythoncore-3.14-64\Lib\site-packages\data\raw\understat_league_table__France_Ligue_1__2023_2024__overall.parquet,understat_league_table,France Ligue 1,2023-2024,18,21,1,0.014,2026-07-28T03:12:55.266999005+00:00,fef868ca87a08e778b5afb6ce524ce05e49353a0bbd29ec61c364e9727ce75e3,ok,
understat_league_table__France_Ligue_1__2024_2025__away.parquet,C:\Users\calum\AppData\Local\Python\pythoncore-3.14-64\Lib\site-packages\data\raw\understat_league_table__France_Ligue_1__2024_2025__away.parquet,understat_league_table,France Ligue 1,2024-2025,18,21,1,0.014,2026-07-28T03:12:53.327650547+00:00,5b779217c22bdc01d4fe0db3e676994c958b8717bbe4dad140128c1148608bf0,ok,
understat_league_table__France_Ligue_1__2024_2025__home.parquet,C:\Users\calum\AppData\Local\Python\pythoncore-3.14-64\Lib\site-packages\data\raw\understat_league_table__France_Ligue_1__2024_2025__home.parquet,understat_league_table,France Ligue 1,2024-2025,18,21,1,0.014,2026-07-28T03:12:53.297744989+00:00,8bdb8fbe599f214086c6ad86c4a5425875b0d65c36eeb1d3c5a110013a332339,ok,
understat_league_table__France_Ligue_1__2024_2025__overall.parquet,C:\Users\calum\AppData\Local\Python\pythoncore-3.14-64\Lib\site-packages\data\raw\understat_league_table__France_Ligue_1__2024_2025__overall.parquet,understat_league_table,France Ligue 1,2024-2025,18,21,1,0.014,2026-07-28T03:12:53.268490314+00:00,db84a00e9a943f66e51ad33a7cdea24ff619499873f24b23b9569f3d2c54343d,ok,
understat_league_table__France_Ligue_1__2025_2026__away.parquet,C:\Users\calum\AppData\Local\Python\pythoncore-3.14-64\Lib\site-packages\data\raw\understat_league_table__France_Ligue_1__2025_2026__away.parquet,understat_league_table,France Ligue 1,2025-2026,18,21,1,0.014,2026-07-28T03:12:51.342527866+00:00,073ddf00900ebda86d5a43b69c74aa99d50289ffe46397dcecfd6a40d524f0a7,ok,
understat_league_table__France_Ligue_1__2025_2026__home.parquet,C:\Users\calum\AppData\Local\Python\pythoncore-3.14-64\Lib\site-packages\data\raw\understat_league_table__France_Ligue_1__2025_2026__home.parquet,understat_league_table,France Ligue 1,2025-2026,18,21,1,0.014,2026-07-28T03:12:51.313116312+00:00,42d65e4b711605d77742d5a04308d32bc04f48d843bd65afb4e9e7595bf0635b,ok,
understat_league_table__France_Ligue_1__2025_2026__overall.parquet,C:\Users\calum\AppData\Local\Python\pythoncore-3.14-64\Lib\site-packages\data\raw\understat_league_table__France_Ligue_1__2025_2026__overall.parquet,understat_league_table,France Ligue 1,2025-2026,18,21,1,0.014,2026-07-28T03:12:51.284023285+00:00,d76d24f2abd79ae69021ceae87ecb10fd2e301575c19bcde83b1a23dcbc18908,ok,
understat_league_table__Germany_Bundesliga__2023_2024__away.parquet,C:\Users\calum\AppData\Local\Python\pythoncore-3.14-64\Lib\site-packages\data\raw\understat_league_table__Germany_Bundesliga__2023_2024__away.parquet,understat_league_table,Germany Bundesliga,2023-2024,18,21,1,0.014,2026-07-28T03:12:43.199143410+00:00,c303a6d241788fc38071f880adfbe3ab33eec94d65ef9eb34ee7e843f07acf39,ok,
understat_league_table__Germany_Bundesliga__2023_2024__home.parquet,C:\Users\calum\AppData\Local\Python\pythoncore-3.14-64\Lib\site-packages\data\raw\understat_league_table__Germany_Bundesliga__2023_2024__home.parquet,understat_league_table,Germany Bundesliga,2023-2024,18,21,1,0.014,2026-07-28T03:12:43.165876150+00:00,81b70213587ced861de205ee923bb3ab594ada976502960e7dd229449b71d622,ok,
understat_league_table__Germany_Bundesliga__2023_2024__overall.parquet,C:\Users\calum\AppData\Local\Python\pythoncore-3.14-64\Lib\site-packages\data\raw\understat_league_table__Germany_Bundesliga__2023_2024__overall.parquet,understat_league_table,Germany Bundesliga,2023-2024,18,21,1,0.014,2026-07-28T03:12:43.131404400+00:00,150a1d7182d86c3f2957a04bec64a74eec38dc8c6d1ede47058b39bc6cb0e893,ok,
understat_league_table__Germany_Bundesliga__2024_2025__away.parquet,C:\Users\calum\AppData\Local\Python\pythoncore-3.14-64\Lib\site-packages\data\raw\understat_league_table__Germany_Bundesliga__2024_2025__away.parquet,understat_league_table,Germany Bundesliga,2024-2025,18,21,1,0.014,2026-07-28T03:12:41.048112631+00:00,01861c91b9fdef83baa6e8996578a929f65d359fa8f9b7a002ccc7347f4c5178,ok,
understat_league_table__Germany_Bundesliga__2024_2025__home.parquet,C:\Users\calum\AppData\Local\Python\pythoncore-3.14-64\Lib\site-packages\data\raw\understat_league_table__Germany_Bundesliga__2024_2025__home.parquet,understat_league_table,Germany Bundesliga,2024-2025,18,21,1,0.014,2026-07-28T03:12:41.008574009+00:00,c78fb7070b677b624747e03aa76f7a8a6c6b1377f80c8a4ee1d7654f4a82b291,ok,
understat_league_table__Germany_Bundesliga__2024_2025__overall.parquet,C:\Users\calum\AppData\Local\Python\pythoncore-3.14-64\Lib\site-packages\data\raw\understat_league_table__Germany_Bundesliga__2024_2025__overall.parquet,understat_league_table,Germany Bundesliga,2024-2025,18,21,1,0.014,2026-07-28T03:12:40.974259377+00:00,a75d278d424bbf3ac80809f309952fa06703df40437c7ce7a9b6d1c541498a32,ok,
understat_league_table__Germany_Bundesliga__2025_2026__away.parquet,C:\Users\calum\AppData\Local\Python\pythoncore-3.14-64\Lib\site-packages\data\raw\understat_league_table__Germany_Bundesliga__2025_2026__away.parquet,understat_league_table,Germany Bundesliga,2025-2026,18,21,1,0.014,2026-07-28T03:12:38.765557289+00:00,3e4f61270be59696de90e955fe67f5d285557c16b6119d102a8c3c860452b46f,ok,
understat_league_table__Germany_Bundesliga__2025_2026__home.parquet,C:\Users\calum\AppData\Local\Python\pythoncore-3.14-64\Lib\site-packages\data\raw\understat_league_table__Germany_Bundesliga__2025_2026__home.parquet,understat_league_table,Germany Bundesliga,2025-2026,18,21,1,0.014,2026-07-28T03:12:38.726087809+00:00,30c2eb7a6758b53e95310f207976b5717fef05ab07ada80ed5a59d7284485027,ok,
understat_league_table__Germany_Bundesliga__2025_2026__overall.parquet,C:\Users\calum\AppData\Local\Python\pythoncore-3.14-64\Lib\site-packages\data\raw\understat_league_table__Germany_Bundesliga__2025_2026__overall.parquet,understat_league_table,Germany Bundesliga,2025-2026,18,21,1,0.014,2026-07-28T03:12:38.683960199+00:00,5d922ec57ee60845f73ac5375c42bb6c22546633450c96bce8d48cf37861e2d6,ok,
understat_league_table__Italy_Serie_A__2023_2024__away.parquet,C:\Users\calum\AppData\Local\Python\pythoncore-3.14-64\Lib\site-packages\data\raw\understat_league_table__Italy_Serie_A__2023_2024__away.parquet,understat_league_table,Italy Serie A,2023-2024,20,21,1,0.014,2026-07-28T03:12:49.374372482+00:00,ffa69a5a2e432028e405abd4333535c94dcfed6cd41e85adea225c483c95866f,ok,
understat_league_table__Italy_Serie_A__2023_2024__home.parquet,C:\Users\calum\AppData\Local\Python\pythoncore-3.14-64\Lib\site-packages\data\raw\understat_league_table__Italy_Serie_A__2023_2024__home.parquet,understat_league_table,Italy Serie A,2023-2024,20,21,1,0.014,2026-07-28T03:12:49.345885515+00:00,6bc1160a9d26aa724aae585f5d6681b6c86e2f71189465ae79bbbee16670a7bc,ok,
understat_league_table__Italy_Serie_A__2023_2024__overall.parquet,C:\Users\calum\AppData\Local\Python\pythoncore-3.14-64\Lib\site-packages\data\raw\understat_league_table__Italy_Serie_A__2023_2024__overall.parquet,understat_league_table,Italy Serie A,2023-2024,20,21,1,0.014,2026-07-28T03:12:49.319515705+00:00,fe0fcc9037ec141bbe3f7bf9a6dad30a9556f504e94ae08f2b3701c3e14365f9,ok,
understat_league_table__Italy_Serie_A__2024_2025__away.parquet,C:\Users\calum\AppData\Local\Python\pythoncore-3.14-64\Lib\site-packages\data\raw\understat_league_table__Italy_Serie_A__2024_2025__away.parquet,understat_league_table,Italy Serie A,2024-2025,20,21,1,0.014,2026-07-28T03:12:47.326124907+00:00,dde0cfd96370eabda24cab9ebdb890bc5b4c4734361e5bed8f99daebead2a2e9,ok,
understat_league_table__Italy_Serie_A__2024_2025__home.parquet,C:\Users\calum\AppData\Local\Python\pythoncore-3.14-64\Lib\site-packages\data\raw\understat_league_table__Italy_Serie_A__2024_2025__home.parquet,understat_league_table,Italy Serie A,2024-2025,20,21,1,0.014,2026-07-28T03:12:47.295349121+00:00,8a8de55ce31cef1bedd55a62b11de756e4e64f93354d3f17caed0e76663d1359,ok,
understat_league_table__Italy_Serie_A__2024_2025__overall.parquet,C:\Users\calum\AppData\Local\Python\pythoncore-3.14-64\Lib\site-packages\data\raw\understat_league_table__Italy_Serie_A__2024_2025__overall.parquet,understat_league_table,Italy Serie A,2024-2025,20,21,1,0.014,2026-07-28T03:12:47.267858028+00:00,2f4303665987135780329f5d36d850fac60dab1d8f12d0ec28b70e7ce05b11f5,ok,
understat_league_table__Italy_Serie_A__2025_2026__away.parquet,C:\Users\calum\AppData\Local\Python\pythoncore-3.14-64\Lib\site-packages\data\raw\understat_league_table__Italy_Serie_A__2025_2026__away.parquet,understat_league_table,Italy Serie A,2025-2026,20,21,1,0.014,2026-07-28T03:12:45.260807752+00:00,03037298824a83bb2ab8905cb6554728fc61335815457b00f66f2d2131be4b9a,ok,
understat_league_table__Italy_Serie_A__2025_2026__home.parquet,C:\Users\calum\AppData\Local\Python\pythoncore-3.14-64\Lib\site-packages\data\raw\understat_league_table__Italy_Serie_A__2025_2026__home.parquet,understat_league_table,Italy Serie A,2025-2026,20,21,1,0.014,2026-07-28T03:12:45.230471373+00:00,8dd56bb60c1104a95fb6a48f2ae8501b46b394020d699efb3d0c7aef66bc5217,ok,
understat_league_table__Italy_Serie_A__2025_2026__overall.parquet,C:\Users\calum\AppData\Local\Python\pythoncore-3.14-64\Lib\site-packages\data\raw\understat_league_table__Italy_Serie_A__2025_2026__overall.parquet,understat_league_table,Italy Serie A,2025-2026,20,21,1,0.014,2026-07-28T03:12:45.200322866+00:00,99b85bef0f1fbfae7b58b28abf14c5c00ad69925af1d72af7d80cf8ef700f044,ok,
understat_league_table__Spain_La_Liga__2023_2024__away.parquet,C:\Users\calum\AppData\Local\Python\pythoncore-3.14-64\Lib\site-packages\data\raw\understat_league_table__Spain_La_Liga__2023_2024__away.parquet,understat_league_table,Spain La Liga,2023-2024,20,21,1,0.014,2026-07-28T03:12:36.621439695+00:00,a6a61e6ea0b06152beb3c4cbfb7fdf82584771b7f247ed06977a5eec423013c4,ok,
understat_league_table__Spain_La_Liga__2023_2024__home.parquet,C:\Users\calum\AppData\Local\Python\pythoncore-3.14-64\Lib\site-packages\data\raw\understat_league_table__Spain_La_Liga__2023_2024__home.parquet,understat_league_table,Spain La Liga,2023-2024,20,21,1,0.014,2026-07-28T03:12:36.584675312+00:00,41588e372ef2d694b35d5cc8a48c7c5555e1604ca86e2b94dc57ca243c8b95e9,ok,
understat_league_table__Spain_La_Liga__2023_2024__overall.parquet,C:\Users\calum\AppData\Local\Python\pythoncore-3.14-64\Lib\site-packages\data\raw\understat_league_table__Spain_La_Liga__2023_2024__overall.parquet,understat_league_table,Spain La Liga,2023-2024,20,21,1,0.014,2026-07-28T03:12:36.548569202+00:00,b521f0efa5231a070fb79afc7d02a12c66e1da7ea18129100e3cec5e6459712a,ok,
understat_league_table__Spain_La_Liga__2024_2025__away.parquet,C:\Users\calum\AppData\Local\Python\pythoncore-3.14-64\Lib\site-packages\data\raw\understat_league_table__Spain_La_Liga__2024_2025__away.parquet,understat_league_table,Spain La Liga,2024-2025,20,21,1,0.014,2026-07-28T03:12:34.407650709+00:00,24f4445d2ccf9fe3e7836f32e10a19cab86ccee14673d4cccd580cf74a76e94a,ok,
understat_league_table__Spain_La_Liga__2024_2025__home.parquet,C:\Users\calum\AppData\Local\Python\pythoncore-3.14-64\Lib\site-packages\data\raw\understat_league_table__Spain_La_Liga__2024_2025__home.parquet,understat_league_table,Spain La Liga,2024-2025,20,21,1,0.014,2026-07-28T03:12:34.371630192+00:00,81c86749efc5623d1e05ee3af476d749405ed435e7882f82101c0411d4c2885a,ok,
understat_league_table__Spain_La_Liga__2024_2025__overall.parquet,C:\Users\calum\AppData\Local\Python\pythoncore-3.14-64\Lib\site-packages\data\raw\understat_league_table__Spain_La_Liga__2024_2025__overall.parquet,understat_league_table,Spain La Liga,2024-2025,20,21,1,0.014,2026-07-28T03:12:34.337179184+00:00,f26068858be7a55ef7c31e9ada7120359c3d5d04e9c6798d34a460bb3850f910,ok,
understat_league_table__Spain_La_Liga__2025_2026__away.parquet,C:\Users\calum\AppData\Local\Python\pythoncore-3.14-64\Lib\site-packages\data\raw\understat_league_table__Spain_La_Liga__2025_2026__away.parquet,understat_league_table,Spain La Liga,2025-2026,20,21,1,0.014,2026-07-28T03:12:32.160281897+00:00,6a343023203f1f4edb1ac2b94bed5a1b9e41c9a218e6ef3f94723033a8bfd26c,ok,
understat_league_table__Spain_La_Liga__2025_2026__home.parquet,C:\Users\calum\AppData\Local\Python\pythoncore-3.14-64\Lib\site-packages\data\raw\understat_league_table__Spain_La_Liga__2025_2026__home.parquet,understat_league_table,Spain La Liga,2025-2026,20,21,1,0.014,2026-07-28T03:12:32.123708010+00:00,a93ad65260915b42eb3f1deaef37acddc866e7323234d31a3bde23ff822af5f7,ok,
understat_league_table__Spain_La_Liga__2025_2026__overall.parquet,C:\Users\calum\AppData\Local\Python\pythoncore-3.14-64\Lib\site-packages\data\raw\understat_league_table__Spain_La_Liga__2025_2026__overall.parquet,understat_league_table,Spain La Liga,2025-2026,20,21,1,0.014,2026-07-28T03:12:32.087740898+00:00,654126aeedc90c3cf2adedb54d238ae7d26b4cae3be178dbd5ee1dc3bb29cc82,ok,
understat_match_info__England_Premier_League__2023_2024.parquet,C:\Users\calum\AppData\Local\Python\pythoncore-3.14-64\Lib\site-packages\data\raw\understat_match_info__England_Premier_League__2023_2024.parquet,understat_match_info,England Premier League,2023-2024,380,12,1,0.02,2026-07-28T03:38:21.119903088+00:00,80eeb1352f3ae4714b615c5c9d59ff67c63b953756de991e05f1463cb949a2bc,ok,
understat_match_info__England_Premier_League__2024_2025.parquet,C:\Users\calum\AppData\Local\Python\pythoncore-3.14-64\Lib\site-packages\data\raw\understat_match_info__England_Premier_League__2024_2025.parquet,understat_match_info,England Premier League,2024-2025,380,12,1,0.02,2026-07-28T03:31:28.725137711+00:00,333dcc7ed50d85bf66e0696de69d6f7a27ec88bfb3bac70eaee445bd99d5f580,ok,
understat_match_info__England_Premier_League__2025_2026.parquet,C:\Users\calum\AppData\Local\Python\pythoncore-3.14-64\Lib\site-packages\data\raw\understat_match_info__England_Premier_League__2025_2026.parquet,understat_match_info,England Premier League,2025-2026,380,12,1,0.02,2026-07-28T03:24:56.803070784+00:00,ecb9eab2586e76921b7cf036b7301a3ed0b624fc65d34e79f3dd37818a7a426b,ok,
understat_match_info__France_Ligue_1__2023_2024.parquet,C:\Users\calum\AppData\Local\Python\pythoncore-3.14-64\Lib\site-packages\data\raw\understat_match_info__France_Ligue_1__2023_2024.parquet,understat_match_info,France Ligue 1,2023-2024,306,12,1,0.018,2026-07-28T04:48:29.440188646+00:00,a3462d3962dd576f107973019708feb3db25b6d5d18f4bb60e477302710cb4a0,ok,
understat_match_info__France_Ligue_1__2024_2025.parquet,C:\Users\calum\AppData\Local\Python\pythoncore-3.14-64\Lib\site-packages\data\raw\understat_match_info__France_Ligue_1__2024_2025.parquet,understat_match_info,France Ligue 1,2024-2025,306,12,1,0.018,2026-07-28T04:43:22.132296800+00:00,6699718c65abf42692d509f3bbed6d0e6745275f10457b99f23914d956437825,ok,
understat_match_info__France_Ligue_1__2025_2026.parquet,C:\Users\calum\AppData\Local\Python\pythoncore-3.14-64\Lib\site-packages\data\raw\understat_match_info__France_Ligue_1__2025_2026.parquet,understat_match_info,France Ligue 1,2025-2026,305,12,1,0.018,2026-07-28T04:38:14.300008774+00:00,b7c7b32e8be1e1d5bc6144d83bc1cd05f641c224fc15a27f10dcfcd89d43aa3c,ok,
understat_match_info__Germany_Bundesliga__2023_2024.parquet,C:\Users\calum\AppData\Local\Python\pythoncore-3.14-64\Lib\site-packages\data\raw\understat_match_info__Germany_Bundesliga__2023_2024.parquet,understat_match_info,Germany Bundesliga,2023-2024,306,12,1,0.018,2026-07-28T04:13:52.638415813+00:00,3afa0ef58303d8fdfb17a118c30c909a68654bc2668e389494d0053953e2c211,ok,
understat_match_info__Germany_Bundesliga__2024_2025.parquet,C:\Users\calum\AppData\Local\Python\pythoncore-3.14-64\Lib\site-packages\data\raw\understat_match_info__Germany_Bundesliga__2024_2025.parquet,understat_match_info,Germany Bundesliga,2024-2025,306,12,1,0.018,2026-07-28T04:07:59.130287170+00:00,c41ca0dd40855e99beda6270d657acc2fc0bf2428ab942c17edb204e2f30e550,ok,
understat_match_info__Germany_Bundesliga__2025_2026.parquet,C:\Users\calum\AppData\Local\Python\pythoncore-3.14-64\Lib\site-packages\data\raw\understat_match_info__Germany_Bundesliga__2025_2026.parquet,understat_match_info,Germany Bundesliga,2025-2026,306,12,1,0.018,2026-07-28T04:02:49.046575785+00:00,072c43d2898b55100ad29fd61ea88d83de92c2d3ccb4a63426acc95f8828e539,ok,
understat_match_info__Italy_Serie_A__2023_2024.parquet,C:\Users\calum\AppData\Local\Python\pythoncore-3.14-64\Lib\site-packages\data\raw\understat_match_info__Italy_Serie_A__2023_2024.parquet,understat_match_info,Italy Serie A,2023-2024,380,12,1,0.02,2026-07-28T04:33:04.237630606+00:00,807ca78b7f9be63a2d62d3df27e39d3cfb17b365efee6c7eaafcb7a78cd68bc6,ok,
understat_match_info__Italy_Serie_A__2024_2025.parquet,C:\Users\calum\AppData\Local\Python\pythoncore-3.14-64\Lib\site-packages\data\raw\understat_match_info__Italy_Serie_A__2024_2025.parquet,understat_match_info,Italy Serie A,2024-2025,380,12,1,0.02,2026-07-28T04:26:41.930498838+00:00,df82e41ebe29b7cec2030f3cec6f4085fb3a3931e00045a3e2fb76b7b18457f9,ok,
understat_match_info__Italy_Serie_A__2025_2026.parquet,C:\Users\calum\AppData\Local\Python\pythoncore-3.14-64\Lib\site-packages\data\raw\understat_match_info__Italy_Serie_A__2025_2026.parquet,understat_match_info,Italy Serie A,2025-2026,380,12,1,0.02,2026-07-28T04:20:17.581653357+00:00,520c216e494193224d9590e407f9e4279644f5c781c7feb746996158f868a3df,ok,
understat_match_info__Spain_La_Liga__2023_2024.parquet,C:\Users\calum\AppData\Local\Python\pythoncore-3.14-64\Lib\site-packages\data\raw\understat_match_info__Spain_La_Liga__2023_2024.parquet,understat_match_info,Spain La Liga,2023-2024,380,12,1,0.021,2026-07-28T03:57:39.110201597+00:00,4c8c4978e72fd96d18cf1ccfc16c0fcd7d5b5d3dc7dad9ffee2b0982a0685be6,ok,
understat_match_info__Spain_La_Liga__2024_2025.parquet,C:\Users\calum\AppData\Local\Python\pythoncore-3.14-64\Lib\site-packages\data\raw\understat_match_info__Spain_La_Liga__2024_2025.parquet,understat_match_info,Spain La Liga,2024-2025,380,12,1,0.02,2026-07-28T03:51:15.260522127+00:00,7641094031d07265f3e4b67166218be199568214b54d77206c0bf0bd51f307eb,ok,
understat_match_info__Spain_La_Liga__2025_2026.parquet,C:\Users\calum\AppData\Local\Python\pythoncore-3.14-64\Lib\site-packages\data\raw\understat_match_info__Spain_La_Liga__2025_2026.parquet,understat_match_info,Spain La Liga,2025-2026,380,12,1,0.02,2026-07-28T03:44:46.392832518+00:00,24a5f2c8233502288732d06da36b4fa4be38b6fbf98652afec7514cf59f4f452,ok,
understat_match_shots__England_Premier_League__2023_2024.parquet,C:\Users\calum\AppData\Local\Python\pythoncore-3.14-64\Lib\site-packages\data\raw\understat_match_shots__England_Premier_League__2023_2024.parquet,understat_match_shots,England Premier League,2023-2024,10524,15,1,0.2,2026-07-28T03:38:21.081622601+00:00,435a462adb98b00bfa2fda8553dad3158b130d5ccbb42d6d0f82cc205e32d3c5,ok,
understat_match_shots__England_Premier_League__2024_2025.parquet,C:\Users\calum\AppData\Local\Python\pythoncore-3.14-64\Lib\site-packages\data\raw\understat_match_shots__England_Premier_League__2024_2025.parquet,understat_match_shots,England Premier League,2024-2025,9878,15,1,0.19,2026-07-28T03:31:28.690311670+00:00,1dfa71a12c0c41aef4a7379cefd2e590f90b2347be834dad12dfb6d56b94ff77,ok,
understat_match_shots__England_Premier_League__2025_2026.parquet,C:\Users\calum\AppData\Local\Python\pythoncore-3.14-64\Lib\site-packages\data\raw\understat_match_shots__England_Premier_League__2025_2026.parquet,understat_match_shots,England Premier League,2025-2026,9524,15,1,0.184,2026-07-28T03:24:56.747347593+00:00,69c72b8f5662cf83ae0e78f115d1bc18218c1abf76b816485114903f1c833d6c,ok,
understat_match_shots__France_Ligue_1__2023_2024.parquet,C:\Users\calum\AppData\Local\Python\pythoncore-3.14-64\Lib\site-packages\data\raw\understat_match_shots__France_Ligue_1__2023_2024.parquet,understat_match_shots,France Ligue 1,2023-2024,7827,15,1,0.155,2026-07-28T04:48:29.408754110+00:00,e4acaf22c91d52f8685f3b0b94166e1cef8dd01bfa1630a71fd1151af19a57ec,ok,
understat_match_shots__France_Ligue_1__2024_2025.parquet,C:\Users\calum\AppData\Local\Python\pythoncore-3.14-64\Lib\site-packages\data\raw\understat_match_shots__France_Ligue_1__2024_2025.parquet,understat_match_shots,France Ligue 1,2024-2025,7647,15,1,0.152,2026-07-28T04:43:22.095973015+00:00,54d9a7cb7eea54a9805f8f7df4ac182c8ace0d4c4c402e354fc80974ce66da40,ok,
understat_match_shots__France_Ligue_1__2025_2026.parquet,C:\Users\calum\AppData\Local\Python\pythoncore-3.14-64\Lib\site-packages\data\raw\understat_match_shots__France_Ligue_1__2025_2026.parquet,understat_match_shots,France Ligue 1,2025-2026,7613,15,1,0.152,2026-07-28T04:38:14.268256903+00:00,e8a9cc3626e8d09a1d173fc13686d5332e03c9767cdfdf1912b39e7b713d9de4,ok,
understat_match_shots__Germany_Bundesliga__2023_2024.parquet,C:\Users\calum\AppData\Local\Python\pythoncore-3.14-64\Lib\site-packages\data\raw\understat_match_shots__Germany_Bundesliga__2023_2024.parquet,understat_match_shots,Germany Bundesliga,2023-2024,8506,15,1,0.166,2026-07-28T04:13:52.597728014+00:00,be5f7809e443c719938378111d603b2cd4bff11f72f74a08d2f41c1f2cb15ab5,ok,
understat_match_shots__Germany_Bundesliga__2024_2025.parquet,C:\Users\calum\AppData\Local\Python\pythoncore-3.14-64\Lib\site-packages\data\raw\understat_match_shots__Germany_Bundesliga__2024_2025.parquet,understat_match_shots,Germany Bundesliga,2024-2025,7944,15,1,0.156,2026-07-28T04:07:59.081026316+00:00,8996e249cfb58522f5929d37bc37772a374ad8fe59fe43d898e491f9cd8fac71,ok,
understat_match_shots__Germany_Bundesliga__2025_2026.parquet,C:\Users\calum\AppData\Local\Python\pythoncore-3.14-64\Lib\site-packages\data\raw\understat_match_shots__Germany_Bundesliga__2025_2026.parquet,understat_match_shots,Germany Bundesliga,2025-2026,8124,15,1,0.16,2026-07-28T04:02:49.009284496+00:00,b6912a48c4b8ca1e28984c435e072f73f620204086390f9ff7ebfe06b838d606,ok,
understat_match_shots__Italy_Serie_A__2023_2024.parquet,C:\Users\calum\AppData\Local\Python\pythoncore-3.14-64\Lib\site-packages\data\raw\understat_match_shots__Italy_Serie_A__2023_2024.parquet,understat_match_shots,Italy Serie A,2023-2024,9728,15,1,0.188,2026-07-28T04:33:04.189926386+00:00,12de964441e88af766465ca0263e0bc936bfe8c2af53731d6ae51454026e07c1,ok,
understat_match_shots__Italy_Serie_A__2024_2025.parquet,C:\Users\calum\AppData\Local\Python\pythoncore-3.14-64\Lib\site-packages\data\raw\understat_match_shots__Italy_Serie_A__2024_2025.parquet,understat_match_shots,Italy Serie A,2024-2025,9242,15,1,0.181,2026-07-28T04:26:41.877855301+00:00,8f1eb54f6ca72a2f7eea8964cf041d5bd279eec15bc81e3c5240fa55faf2abdd,ok,
understat_match_shots__Italy_Serie_A__2025_2026.parquet,C:\Users\calum\AppData\Local\Python\pythoncore-3.14-64\Lib\site-packages\data\raw\understat_match_shots__Italy_Serie_A__2025_2026.parquet,understat_match_shots,Italy Serie A,2025-2026,9373,15,1,0.183,2026-07-28T04:20:17.544148922+00:00,77b0d98659f5f6032b8052a4276785d29fdd493b64c61e6f33211431e2601dcb,ok,
understat_match_shots__Spain_La_Liga__2023_2024.parquet,C:\Users\calum\AppData\Local\Python\pythoncore-3.14-64\Lib\site-packages\data\raw\understat_match_shots__Spain_La_Liga__2023_2024.parquet,understat_match_shots,Spain La Liga,2023-2024,9311,15,1,0.181,2026-07-28T03:57:39.065908909+00:00,06044536c1b2f52bdcdaa855393db7028adfa01fecbb55969c154d4f306da880,ok,
understat_match_shots__Spain_La_Liga__2024_2025.parquet,C:\Users\calum\AppData\Local\Python\pythoncore-3.14-64\Lib\site-packages\data\raw\understat_match_shots__Spain_La_Liga__2024_2025.parquet,understat_match_shots,Spain La Liga,2024-2025,9056,15,1,0.177,2026-07-28T03:51:15.227545023+00:00,1a73c5c79f9b2057c31ab278af3814c3ac6f70c35013eb97822816fe066d8c5e,ok,
understat_match_shots__Spain_La_Liga__2025_2026.parquet,C:\Users\calum\AppData\Local\Python\pythoncore-3.14-64\Lib\site-packages\data\raw\understat_match_shots__Spain_La_Liga__2025_2026.parquet,understat_match_shots,Spain La Liga,2025-2026,9523,15,1,0.184,2026-07-28T03:44:46.353525877+00:00,b2277a30169767d0d9a10df7dd2d7137de185ba621520d6eb55722b1b0dafb81,ok,
understat_rosters__England_Premier_League__2023_2024.parquet,C:\Users\calum\AppData\Local\Python\pythoncore-3.14-64\Lib\site-packages\data\raw\understat_rosters__England_Premier_League__2023_2024.parquet,understat_rosters,England Premier League,2023-2024,11384,24,1,0.409,2026-07-28T03:38:21.113762379+00:00,1c2ffbeef41ab060a9587c95c437cdfa3a8b247ab0040c0df3cb520baa4056ce,ok,
understat_rosters__England_Premier_League__2024_2025.parquet,C:\Users\calum\AppData\Local\Python\pythoncore-3.14-64\Lib\site-packages\data\raw\understat_rosters__England_Premier_League__2024_2025.parquet,understat_rosters,England Premier League,2024-2025,11567,24,1,0.41,2026-07-28T03:31:28.722296+00:00,fa97f3792dda9c87834ffc85495fa330c2ef0064426ae10f6488ddac9a08e892,ok,
understat_rosters__England_Premier_League__2025_2026.parquet,C:\Users\calum\AppData\Local\Python\pythoncore-3.14-64\Lib\site-packages\data\raw\understat_rosters__England_Premier_League__2025_2026.parquet,understat_rosters,England Premier League,2025-2026,11490,24,1,0.404,2026-07-28T03:24:56.790660381+00:00,6d4149852f9f215e635111e71f4776cf9e8b65a9c7def377e7c220d2eed1d569,ok,
understat_rosters__France_Ligue_1__2023_2024.parquet,C:\Users\calum\AppData\Local\Python\pythoncore-3.14-64\Lib\site-packages\data\raw\understat_rosters__France_Ligue_1__2023_2024.parquet,understat_rosters,France Ligue 1,2023-2024,9394,24,1,0.338,2026-07-28T04:48:29.440188646+00:00,05d9ec73042aa79e3ffa1a6a4b806c16926e1eb0f2ad5cee43ab42bd72ca8f60,ok,
understat_rosters__France_Ligue_1__2024_2025.parquet,C:\Users\calum\AppData\Local\Python\pythoncore-3.14-64\Lib\site-packages\data\raw\understat_rosters__France_Ligue_1__2024_2025.parquet,understat_rosters,France Ligue 1,2024-2025,9413,24,1,0.339,2026-07-28T04:43:22.127535820+00:00,d4c3dbd67bf8759cb81eb4632bcc32b6cf6a4575cf29918301e6dfd6760281b8,ok,
understat_rosters__France_Ligue_1__2025_2026.parquet,C:\Users\calum\AppData\Local\Python\pythoncore-3.14-64\Lib\site-packages\data\raw\understat_rosters__France_Ligue_1__2025_2026.parquet,understat_rosters,France Ligue 1,2025-2026,9386,24,1,0.337,2026-07-28T04:38:14.300008774+00:00,7f8f481a3933689d6ec33a05ab21ac9aba9f9eb0126e0747b8ed0969353c773a,ok,
understat_rosters__Germany_Bundesliga__2023_2024.parquet,C:\Users\calum\AppData\Local\Python\pythoncore-3.14-64\Lib\site-packages\data\raw\understat_rosters__Germany_Bundesliga__2023_2024.parquet,understat_rosters,Germany Bundesliga,2023-2024,9525,24,1,0.343,2026-07-28T04:13:52.632417917+00:00,62713c6e566533b0b37a660ffdd916badb407cce5837b3f3d005ae6fcd8a057a,ok,
understat_rosters__Germany_Bundesliga__2024_2025.parquet,C:\Users\calum\AppData\Local\Python\pythoncore-3.14-64\Lib\site-packages\data\raw\understat_rosters__Germany_Bundesliga__2024_2025.parquet,understat_rosters,Germany Bundesliga,2024-2025,9497,24,1,0.337,2026-07-28T04:07:59.112380981+00:00,1210846877887fb9c8860f5b694a8b2e52339391169248d73a491ecb3d8a3a05,ok,
understat_rosters__Germany_Bundesliga__2025_2026.parquet,C:\Users\calum\AppData\Local\Python\pythoncore-3.14-64\Lib\site-packages\data\raw\understat_rosters__Germany_Bundesliga__2025_2026.parquet,understat_rosters,Germany Bundesliga,2025-2026,9555,24,1,0.343,2026-07-28T04:02:49.034489393+00:00,23879e19b4ee6cbedeaf838045f693457d47cadef61cf43f2b86f4b8d7d975f1,ok,
understat_rosters__Italy_Serie_A__2023_2024.parquet,C:\Users\calum\AppData\Local\Python\pythoncore-3.14-64\Lib\site-packages\data\raw\understat_rosters__Italy_Serie_A__2023_2024.parquet,understat_rosters,Italy Serie A,2023-2024,11909,24,1,0.424,2026-07-28T04:33:04.221894264+00:00,ef49fa223f61b6f09578803ab6a00f6d0ac6a37c4a2341bfa5173790e10d50d6,ok,
understat_rosters__Italy_Serie_A__2024_2025.parquet,C:\Users\calum\AppData\Local\Python\pythoncore-3.14-64\Lib\site-packages\data\raw\understat_rosters__Italy_Serie_A__2024_2025.parquet,understat_rosters,Italy Serie A,2024-2025,11888,24,1,0.417,2026-07-28T04:26:41.923526764+00:00,ac59ab599f61067f9ab9c106e48bd3b716c3f0c59847df2ac9d3a6419c1c3162,ok,
understat_rosters__Italy_Serie_A__2025_2026.parquet,C:\Users\calum\AppData\Local\Python\pythoncore-3.14-64\Lib\site-packages\data\raw\understat_rosters__Italy_Serie_A__2025_2026.parquet,understat_rosters,Italy Serie A,2025-2026,11928,24,1,0.417,2026-07-28T04:20:17.564638615+00:00,6d243acfb65151fb99d4a2c47fd89e72226f79e7faf38a56231f139b5a16e293,ok,
understat_rosters__Spain_La_Liga__2023_2024.parquet,C:\Users\calum\AppData\Local\Python\pythoncore-3.14-64\Lib\site-packages\data\raw\understat_rosters__Spain_La_Liga__2023_2024.parquet,understat_rosters,Spain La Liga,2023-2024,11918,24,1,0.416,2026-07-28T03:57:39.098873377+00:00,fdc53febd962a4a8a92a438403642e58952a10415c3e15fb62761a0f0ea4d54b,ok,
understat_rosters__Spain_La_Liga__2024_2025.parquet,C:\Users\calum\AppData\Local\Python\pythoncore-3.14-64\Lib\site-packages\data\raw\understat_rosters__Spain_La_Liga__2024_2025.parquet,understat_rosters,Spain La Liga,2024-2025,11900,24,1,0.412,2026-07-28T03:51:15.260522127+00:00,05b1d5d754b5e9c8278705132d7d36d7649835820d779b4d572ee0456e3ae17f,ok,
understat_rosters__Spain_La_Liga__2025_2026.parquet,C:\Users\calum\AppData\Local\Python\pythoncore-3.14-64\Lib\site-packages\data\raw\understat_rosters__Spain_La_Liga__2025_2026.parquet,understat_rosters,Spain La Liga,2025-2026,11984,24,1,0.419,2026-07-28T03:44:46.386830330+00:00,6f2ef160ad1a6e5330d09ef1e26aec6fce31c08526cc3be9583112c40a84f9f4,ok,
