Rk,Player,Nation,Pos,Squad,Comp,Age,Born,MP,Starts,Min,90s,Gls,Ast,G+A,G-PK,PK,PKatt,CrdY,CrdR,G+A-PK,Rk_stats_keeper,Nation_stats_keeper,Pos_stats_keeper,Comp_stats_keeper,Age_stats_keeper,Born_stats_keeper,MP_stats_keeper,Starts_stats_keeper,Min_stats_keeper,90s_stats_keeper,GA,GA90,SoTA,Saves,Save%,W,D,L,CS,CS%,PKatt_stats_keeper,PKA,PKsv,PKm,Rk_stats_shooting,Nation_stats_shooting,Pos_stats_shooting,Comp_stats_shooting,Age_stats_shooting,Born_stats_shooting,90s_stats_shooting,Gls_stats_shooting,Sh,SoT,SoT%,Sh/90,SoT/90,G/Sh,G/SoT,PK_stats_shooting,PKatt_stats_shooting,Rk_stats_playing_time,Nation_stats_playing_time,Pos_stats_playing_time,Comp_stats_playing_time,Age_stats_playing_time,Born_stats_playing_time,MP_stats_playing_time,Min_stats_playing_time,Mn/MP,Min%,90s_stats_playing_time,Starts_stats_playing_time,Mn/Start,Compl,Subs,Mn/Sub,unSub,PPM,onG,onGA,+/-,+/-90,On-Off,Rk_stats_misc,Nation_stats_misc,Pos_stats_misc,Comp_stats_misc,Age_stats_misc,Born_stats_misc,90s_stats_misc,CrdY_stats_misc,CrdR_stats_misc,2CrdY,Fls,Fld,Off,Crs,Int,TklW,OG,position_tokens,is_goalkeeper,is_defender,is_midfielder,is_forward,is_pure_midfielder,is_mixed_midfielder,Min_numeric,Age_numeric,TklW_per90,Int_per90,Fls_per90,Fld_per90,CrdY_per90,CrdR_per90,Crs_per90,Off_per90,meets_preferred_minutes
968,James Garner,eng ENG,"MF,DF",Everton,eng Premier League,24.0,2001.0,38,38,3413,37.9,2,7,9,2,0,0,12,0,0.24,,,,,,,,,,,,,,,,,,,,,,,,,968,eng ENG,"MF,DF",eng Premier League,24.0,2001.0,37.9,2,45,14,31.1,1.19,0.37,0.04,0.14,0,0,1198,eng ENG,"MF,DF",eng Premier League,24.0,2001.0,38,3413,90,99.8,37.9,38,90.0,37,0,,0,1.29,47,50,-3,-0.08,-0.08,968,eng ENG,"MF,DF",eng Premier League,24.0,2001.0,37.9,12,0,0,39,42,0,205,57,72,0,"MF,DF",False,True,True,False,False,True,3413,24.0,1.899736147757256,1.503957783641161,1.029023746701847,1.108179419525066,0.316622691292876,0.0,5.408970976253299,0.0,True
364,Jarrod Bowen,eng ENG,"MF,FW",West Ham United,eng Premier League,28.0,1996.0,38,38,3403,37.8,9,11,20,8,1,1,4,0,0.5,,,,,,,,,,,,,,,,,,,,,,,,,364,eng ENG,"MF,FW",eng Premier League,28.0,1996.0,37.8,9,79,28,35.4,2.09,0.74,0.1,0.29,1,1,453,eng ENG,"MF,FW",eng Premier League,28.0,1996.0,38,3403,90,99.5,37.8,38,90.0,32,0,,0,1.03,45,63,-18,-0.48,4.82,364,eng ENG,"MF,FW",eng Premier League,28.0,1996.0,37.8,4,0,0,19,49,17,148,27,28,0,"MF,FW",False,False,True,True,False,True,3403,28.0,0.7407407407407408,0.7142857142857143,0.5026455026455027,1.2962962962962965,0.10582010582010583,0.0,3.915343915343916,0.44973544973544977,True
114,Elliot Anderson,eng ENG,MF,Nottingham Forest,eng Premier League,22.0,2002.0,38,37,3331,37.0,4,4,8,3,1,1,8,0,0.19,,,,,,,,,,,,,,,,,,,,,,,,,114,eng ENG,MF,eng Premier League,22.0,2002.0,37.0,4,44,10,22.7,1.19,0.27,0.07,0.3,1,1,142,eng ENG,MF,eng Premier League,22.0,2002.0,38,3331,88,97.4,37.0,37,89.0,33,1,45.0,0,1.16,46,50,-4,-0.11,-1.12,114,eng ENG,MF,eng Premier League,22.0,2002.0,37.0,8,0,0,57,80,2,175,41,60,0,MF,False,False,True,False,True,False,3331,22.0,1.6216216216216217,1.1081081081081081,1.5405405405405406,2.1621621621621623,0.21621621621621623,0.0,4.72972972972973,0.05405405405405406,True
1305,Pierre Kalulu,fr FRA,"DF,MF",Juventus,it Serie A,25.0,2000.0,37,37,3281,36.5,2,4,6,2,0,0,4,1,0.16,,,,,,,,,,,,,,,,,,,,,,,,,1305,fr FRA,"DF,MF",it Serie A,25.0,2000.0,36.5,2,13,4,30.8,0.36,0.11,0.15,0.5,0,0,1604,fr FRA,"DF,MF",it Serie A,25.0,2000.0,37,3281,89,95.9,36.5,37,89.0,36,0,,0,1.86,60,30,30,0.82,2.77,1305,fr FRA,"DF,MF",it Serie A,25.0,2000.0,36.5,4,1,1,34,16,0,94,24,35,0,"DF,MF",False,True,True,False,False,True,3281,25.0,0.958904109589041,0.6575342465753424,0.9315068493150684,0.4383561643835616,0.1095890410958904,0.0273972602739726,2.5753424657534247,0.0,True
2255,Morgan Rogers,eng ENG,MF,Aston Villa,eng Premier League,23.0,2002.0,37,37,3280,36.4,10,6,16,10,0,0,7,0,0.44,,,,,,,,,,,,,,,,,,,,,,,,,2255,eng ENG,MF,eng Premier League,23.0,2002.0,36.4,10,84,32,38.1,2.3,0.88,0.12,0.31,0,0,2802,eng ENG,MF,eng Premier League,23.0,2002.0,37,3280,89,95.9,36.4,37,89.0,32,0,,0,1.68,53,48,5,0.14,-1.15,2255,eng ENG,MF,eng Premier League,23.0,2002.0,36.4,7,0,0,46,49,3,51,13,23,0,MF,False,False,True,False,True,False,3280,23.0,0.6318681318681318,0.35714285714285715,1.2637362637362637,1.3461538461538463,0.19230769230769232,0.0,1.4010989010989012,0.08241758241758242,True
1775,Tyrick Mitchell,eng ENG,MF,Crystal Palace,eng Premier League,25.0,1999.0,38,36,3251,36.1,1,2,3,1,0,0,6,0,0.08,,,,,,,,,,,,,,,,,,,,,,,,,1775,eng ENG,MF,eng Premier League,25.0,1999.0,36.1,1,19,7,36.8,0.53,0.19,0.05,0.14,0,0,2196,eng ENG,MF,eng Premier League,25.0,1999.0,38,3251,86,95.1,36.1,36,88.0,31,2,45.0,0,1.18,38,47,-9,-0.25,0.28,1775,eng ENG,MF,eng Premier League,25.0,1999.0,36.1,6,0,0,24,28,5,104,33,65,0,MF,False,False,True,False,True,False,3251,25.0,1.8005540166204985,0.9141274238227146,0.6648199445983379,0.7756232686980609,0.16620498614958448,0.0,2.880886426592798,0.13850415512465372,True
137,Mauro Arambarri,uy URU,MF,Getafe,es La Liga,29.0,1995.0,37,37,3249,36.1,6,2,8,4,2,3,6,0,0.17,,,,,,,,,,,,,,,,,,,,,,,,,137,uy URU,MF,es La Liga,29.0,1995.0,36.1,6,58,19,32.8,1.61,0.53,0.07,0.21,2,3,169,uy URU,MF,es La Liga,29.0,1995.0,37,3249,88,95.0,36.1,37,88.0,31,0,,0,1.38,32,37,-5,-0.14,0.39,137,uy URU,MF,es La Liga,29.0,1995.0,36.1,6,0,0,60,67,4,19,21,43,0,MF,False,False,True,False,True,False,3249,29.0,1.1911357340720221,0.5817174515235457,1.6620498614958448,1.85595567867036,0.16620498614958448,0.0,0.5263157894736842,0.11080332409972299,True
2541,Dominik Szoboszlai,hu HUN,"MF,DF",Liverpool,eng Premier League,24.0,2000.0,36,36,3231,35.9,6,7,13,6,0,1,8,1,0.36,,,,,,,,,,,,,,,,,,,,,,,,,2541,hu HUN,"MF,DF",eng Premier League,24.0,2000.0,35.9,6,71,23,32.4,1.98,0.64,0.08,0.26,0,1,3179,hu HUN,"MF,DF",eng Premier League,24.0,2000.0,36,3231,90,94.5,35.9,36,90.0,34,0,,0,1.5,60,51,9,0.25,-0.23,2541,hu HUN,"MF,DF",eng Premier League,24.0,2000.0,35.9,8,1,0,42,30,2,206,29,32,0,"MF,DF",False,True,True,False,False,True,3231,24.0,0.8913649025069639,0.807799442896936,1.16991643454039,0.8356545961002786,0.22284122562674097,0.02785515320334262,5.73816155988858,0.05571030640668524,True
2173,Ylber Ramadani,al ALB,MF,Lecce,it Serie A,29.0,1996.0,37,37,3203,35.6,1,0,1,1,0,0,10,0,0.03,,,,,,,,,,,,,,,,,,,,,,,,,2173,al ALB,MF,it Serie A,29.0,1996.0,35.6,1,34,5,14.7,0.96,0.14,0.03,0.2,0,0,2703,al ALB,MF,it Serie A,29.0,1996.0,37,3203,87,93.7,35.6,37,87.0,25,0,,0,1.03,27,45,-18,-0.51,1.15,2173,al ALB,MF,it Serie A,29.0,1996.0,35.6,10,0,0,43,59,0,16,44,50,0,MF,False,False,True,False,True,False,3203,29.0,1.4044943820224718,1.2359550561797752,1.2078651685393258,1.6573033707865168,0.28089887640449435,0.0,0.449438202247191,0.0,True
864,Aleix Febas,es ESP,MF,Elche,es La Liga,29.0,1996.0,36,36,3160,35.1,2,2,4,2,0,0,10,0,0.11,,,,,,,,,,,,,,,,,,,,,,,,,864,es ESP,MF,es La Liga,29.0,1996.0,35.1,2,23,8,34.8,0.66,0.23,0.09,0.25,0,0,1064,es ESP,MF,es La Liga,29.0,1996.0,36,3160,88,92.4,35.1,36,88.0,30,0,,0,1.11,45,52,-7,-0.2,0.15,864,es ESP,MF,es La Liga,29.0,1996.0,35.1,10,0,0,34,118,1,22,27,46,0,MF,False,False,True,False,True,False,3160,29.0,1.3105413105413104,0.7692307692307692,0.9686609686609686,3.3618233618233617,0.2849002849002849,0.0,0.6267806267806267,0.02849002849002849,True
741,Dodô,br BRA,"DF,MF",Fiorentina,it Serie A,26.0,1998.0,36,36,3134,34.8,1,2,3,1,0,0,7,0,0.09,,,,,,,,,,,,,,,,,,,,,,,,,741,br BRA,"DF,MF",it Serie A,26.0,1998.0,34.8,1,25,4,16.0,0.72,0.11,0.04,0.25,0,0,908,br BRA,"DF,MF",it Serie A,26.0,1998.0,36,3134,87,91.6,34.8,36,87.0,30,0,,0,1.08,39,46,-7,-0.2,0.43,741,br BRA,"DF,MF",it Serie A,26.0,1998.0,34.8,7,0,0,22,53,2,153,31,18,0,"DF,MF",False,True,True,False,False,True,3134,26.0,0.5172413793103449,0.8908045977011495,0.632183908045977,1.5229885057471266,0.20114942528735633,0.0,4.3965517241379315,0.0574712643678161,True
1300,Ferdi Kadioglu,tr TUR,"DF,MF",Brighton,eng Premier League,25.0,1999.0,37,34,3133,34.8,1,0,1,1,0,0,6,0,0.03,,,,,,,,,,,,,,,,,,,,,,,,,1300,tr TUR,"DF,MF",eng Premier League,25.0,1999.0,34.8,1,28,13,46.4,0.8,0.37,0.04,0.08,0,0,1598,tr TUR,"DF,MF",eng Premier League,25.0,1999.0,37,3133,85,91.6,34.8,34,89.0,30,3,38.0,1,1.35,46,41,5,0.14,-0.17,1300,tr TUR,"DF,MF",eng Premier League,25.0,1999.0,34.8,6,0,0,22,36,7,109,25,39,0,"DF,MF",False,True,True,False,False,True,3133,25.0,1.120689655172414,0.7183908045977012,0.632183908045977,1.0344827586206897,0.1724137931034483,0.0,3.1321839080459775,0.20114942528735633,True
111,Ethan Ampadu,wls WAL,MF,Leeds United,eng Premier League,24.0,2000.0,35,35,3119,34.7,1,1,2,1,0,0,10,0,0.06,,,,,,,,,,,,,,,,,,,,,,,,,111,wls WAL,MF,eng Premier League,24.0,2000.0,34.7,1,26,6,23.1,0.75,0.17,0.04,0.17,0,0,139,wls WAL,MF,eng Premier League,24.0,2000.0,35,3119,89,91.2,34.7,35,89.0,31,0,,0,1.29,45,49,-4,-0.12,0.78,111,wls WAL,MF,eng Premier League,24.0,2000.0,34.7,10,0,0,50,36,0,25,50,46,0,MF,False,False,True,False,True,False,3119,24.0,1.3256484149855907,1.440922190201729,1.440922190201729,1.037463976945245,0.2881844380403458,0.0,0.7204610951008645,0.0,True
878,Enzo Fernández,ar ARG,MF,Chelsea,eng Premier League,24.0,2001.0,36,35,3115,34.6,10,4,14,8,2,2,10,0,0.35,,,,,,,,,,,,,,,,,,,,,,,,,878,ar ARG,MF,eng Premier League,24.0,2001.0,34.6,10,72,31,43.1,2.08,0.9,0.11,0.26,2,2,1083,ar ARG,MF,eng Premier League,24.0,2001.0,36,3115,87,91.1,34.6,35,88.0,28,1,37.0,0,1.36,53,46,7,0.2,0.5,878,ar ARG,MF,eng Premier League,24.0,2001.0,34.6,10,0,0,36,45,1,89,20,24,0,MF,False,False,True,False,True,False,3115,24.0,0.6936416184971098,0.5780346820809248,1.0404624277456647,1.3005780346820808,0.2890173410404624,0.0,2.5722543352601157,0.028901734104046242,True
323,Antonio Blanco,es ESP,MF,Alavés,es La Liga,25.0,2000.0,36,36,3110,34.6,2,3,5,2,0,0,9,0,0.14,,,,,,,,,,,,,,,,,,,,,,,,,323,es ESP,MF,es La Liga,25.0,2000.0,34.6,2,40,13,32.5,1.16,0.38,0.05,0.15,0,0,399,es ESP,MF,es La Liga,25.0,2000.0,36,3110,86,90.9,34.6,36,86.0,28,0,,1,1.08,36,52,-16,-0.46,-1.62,323,es ESP,MF,es La Liga,25.0,2000.0,34.6,9,0,0,71,43,2,30,51,49,0,MF,False,False,True,False,True,False,3110,25.0,1.416184971098266,1.4739884393063583,2.052023121387283,1.2427745664739884,0.26011560693641617,0.0,0.8670520231213873,0.057803468208092484,True
990,Morgan Gibbs-White,eng ENG,MF,Nottingham Forest,eng Premier League,25.0,2000.0,37,35,3097,34.4,15,4,19,14,1,1,1,0,0.52,,,,,,,,,,,,,,,,,,,,,,,,,990,eng ENG,MF,eng Premier League,25.0,2000.0,34.4,15,83,32,38.6,2.41,0.93,0.17,0.44,1,1,1226,eng ENG,MF,eng Premier League,25.0,2000.0,37,3097,84,90.6,34.4,35,87.0,20,2,33.0,0,1.16,42,45,-3,-0.09,-0.09,990,eng ENG,MF,eng Premier League,25.0,2000.0,34.4,1,0,0,26,41,5,42,12,16,0,MF,False,False,True,False,True,False,3097,25.0,0.46511627906976744,0.3488372093023256,0.7558139534883721,1.1918604651162792,0.029069767441860465,0.0,1.2209302325581395,0.14534883720930233,True
2217,Declan Rice,eng ENG,MF,Arsenal,eng Premier League,26.0,1999.0,36,35,3094,34.4,4,5,9,4,0,0,3,0,0.26,,,,,,,,,,,,,,,,,,,,,,,,,2217,eng ENG,MF,eng Premier League,26.0,1999.0,34.4,4,40,13,32.5,1.16,0.38,0.1,0.31,0,0,2754,eng ENG,MF,eng Premier League,26.0,1999.0,36,3094,86,90.5,34.4,35,88.0,29,1,23.0,1,2.19,62,25,37,1.08,-0.86,2217,eng ENG,MF,eng Premier League,26.0,1999.0,34.4,3,0,0,26,11,1,177,33,33,0,MF,False,False,True,False,True,False,3094,26.0,0.9593023255813954,0.9593023255813954,0.7558139534883721,0.31976744186046513,0.0872093023255814,0.0,5.145348837209302,0.029069767441860465,True
2046,Marco Palestra,it ITA,"MF,DF",Cagliari,it Serie A,20.0,2005.0,37,34,3081,34.2,1,4,5,1,0,0,3,0,0.15,,,,,,,,,,,,,,,,,,,,,,,,,2046,it ITA,"MF,DF",it Serie A,20.0,2005.0,34.2,1,29,7,24.1,0.85,0.2,0.03,0.14,0,0,2530,it ITA,"MF,DF",it Serie A,20.0,2005.0,37,3081,83,90.1,34.2,34,88.0,27,3,33.0,0,1.14,31,46,-15,-0.44,-0.97,2046,it ITA,"MF,DF",it Serie A,20.0,2005.0,34.2,3,0,0,41,108,8,106,19,35,0,"MF,DF",False,True,True,False,False,True,3081,20.0,1.023391812865497,0.5555555555555555,1.198830409356725,3.157894736842105,0.08771929824561403,0.0,3.0994152046783623,0.23391812865497075,True
923,Morten Frendrup,dk DEN,MF,Genoa,it Serie A,24.0,2001.0,36,35,3081,34.2,1,0,1,1,0,0,5,0,0.03,,,,,,,,,,,,,,,,,,,,,,,,,923,dk DEN,MF,it Serie A,24.0,2001.0,34.2,1,8,3,37.5,0.23,0.09,0.13,0.33,0,0,1143,dk DEN,MF,it Serie A,24.0,2001.0,36,3081,86,90.1,34.2,35,87.0,26,1,28.0,0,0.97,36,45,-9,-0.26,0.0,923,dk DEN,MF,it Serie A,24.0,2001.0,34.2,5,0,0,41,39,0,5,41,71,0,MF,False,False,True,False,True,False,3081,24.0,2.0760233918128654,1.198830409356725,1.198830409356725,1.1403508771929824,0.14619883040935672,0.0,0.14619883040935672,0.0,True
802,Maximilian Eggestein,de GER,MF,Freiburg,de Bundesliga,28.0,1996.0,34,34,3060,34.0,3,1,4,3,0,0,4,0,0.12,,,,,,,,,,,,,,,,,,,,,,,,,802,de GER,MF,de Bundesliga,28.0,1996.0,34.0,3,44,13,29.5,1.29,0.38,0.07,0.23,0,0,986,de GER,MF,de Bundesliga,28.0,1996.0,34,3060,90,100.0,34.0,34,90.0,34,0,,0,1.38,51,57,-6,-0.18,,802,de GER,MF,de Bundesliga,28.0,1996.0,34.0,4,0,0,18,20,1,14,31,34,0,MF,False,False,True,False,True,False,3060,28.0,1.0,0.9117647058823529,0.5294117647058824,0.5882352941176471,0.11764705882352941,0.0,0.4117647058823529,0.029411764705882353,True
2353,Kaishu Sano,jp JPN,MF,Mainz 05,de Bundesliga,24.0,2000.0,34,34,3059,34.0,1,2,3,1,0,0,1,0,0.09,,,,,,,,,,,,,,,,,,,,,,,,,2353,jp JPN,MF,de Bundesliga,24.0,2000.0,34.0,1,24,6,25.0,0.71,0.18,0.04,0.17,0,0,2926,jp JPN,MF,de Bundesliga,24.0,2000.0,34,3059,90,100.0,34.0,34,90.0,33,0,,0,1.18,44,53,-9,-0.26,-0.26,2353,jp JPN,MF,de Bundesliga,24.0,2000.0,34.0,1,0,0,14,29,4,18,67,31,0,MF,False,False,True,False,True,False,3059,24.0,0.9117647058823529,1.9705882352941178,0.4117647058823529,0.8529411764705882,0.029411764705882353,0.0,0.5294117647058824,0.11764705882352941,True
1879,Michel Ndary Adopo,fr FRA,MF,Cagliari,it Serie A,25.0,2000.0,38,33,3050,33.9,1,2,3,1,0,0,4,0,0.09,,,,,,,,,,,,,,,,,,,,,,,,,1879,fr FRA,MF,it Serie A,25.0,2000.0,33.9,1,28,11,39.3,0.83,0.32,0.04,0.09,0,0,2327,fr FRA,MF,it Serie A,25.0,2000.0,38,3050,80,89.2,33.9,33,85.0,22,5,49.0,0,1.13,35,46,-11,-0.32,0.16,1879,fr FRA,MF,it Serie A,25.0,2000.0,33.9,4,0,0,35,25,5,26,31,32,0,MF,False,False,True,False,True,False,3050,25.0,0.943952802359882,0.9144542772861357,1.032448377581121,0.7374631268436579,0.11799410029498525,0.0,0.7669616519174042,0.14749262536873156,True
2727,Nikola Vlašić,hr CRO,"MF,FW",Torino,it Serie A,27.0,1997.0,37,36,3043,33.8,8,3,11,3,5,5,7,0,0.18,,,,,,,,,,,,,,,,,,,,,,,,,2727,hr CRO,"MF,FW",it Serie A,27.0,1997.0,33.8,8,49,17,34.7,1.45,0.5,0.06,0.18,5,5,3405,hr CRO,"MF,FW",it Serie A,27.0,1997.0,37,3043,82,89.0,33.8,36,84.0,23,1,33.0,0,1.19,37,57,-20,-0.59,-0.83,2727,hr CRO,"MF,FW",it Serie A,27.0,1997.0,33.8,7,0,0,44,45,4,48,22,39,0,"MF,FW",False,False,True,True,False,True,3043,27.0,1.153846153846154,0.6508875739644971,1.3017751479289943,1.3313609467455623,0.20710059171597636,0.0,1.4201183431952664,0.1183431952662722,True
1187,Trai Hume,nir NIR,"DF,MF",Sunderland,eng Premier League,23.0,2002.0,38,34,3036,33.7,2,1,3,2,0,0,9,0,0.09,,,,,,,,,,,,,,,,,,,,,,,,,1187,nir NIR,"DF,MF",eng Premier League,23.0,2002.0,33.7,2,34,7,20.6,1.01,0.21,0.06,0.29,0,0,1465,nir NIR,"DF,MF",eng Premier League,23.0,2002.0,38,3036,80,88.8,33.7,34,87.0,26,4,22.0,0,1.42,34,42,-8,-0.24,-0.71,1187,nir NIR,"DF,MF",eng Premier League,23.0,2002.0,33.7,9,0,0,30,38,3,88,25,46,1,"DF,MF",False,True,True,False,False,True,3036,23.0,1.3649851632047476,0.7418397626112759,0.890207715133531,1.1275964391691393,0.2670623145400593,0.0,2.611275964391691,0.08902077151335311,True
1317,Jakub Kamiński,pl POL,"MF,FW",Köln,de Bundesliga,23.0,2002.0,34,34,3016,33.5,7,3,10,7,0,0,4,0,0.3,,,,,,,,,,,,,,,,,,,,,,,,,1317,pl POL,"MF,FW",de Bundesliga,23.0,2002.0,33.5,7,62,25,40.3,1.85,0.75,0.11,0.28,0,0,1618,pl POL,"MF,FW",de Bundesliga,23.0,2002.0,34,3016,89,98.6,33.5,34,89.0,28,0,,0,0.94,49,60,-11,-0.33,5.81,1317,pl POL,"MF,FW",de Bundesliga,23.0,2002.0,33.5,4,0,0,14,28,7,115,25,27,0,"MF,FW",False,False,True,True,False,True,3016,23.0,0.8059701492537313,0.746268656716418,0.417910447761194,0.835820895522388,0.11940298507462686,0.0,3.4328358208955225,0.208955223880597,True
1792,Jon Moncayola,es ESP,MF,Osasuna,es La Liga,27.0,1998.0,36,35,3016,33.5,0,4,4,0,0,0,9,0,0.12,,,,,,,,,,,,,,,,,,,,,,,,,1792,es ESP,MF,es La Liga,27.0,1998.0,33.5,0,23,5,21.7,0.69,0.15,0.0,0.0,0,0,2216,es ESP,MF,es La Liga,27.0,1998.0,36,3016,84,88.2,33.5,35,85.0,21,1,25.0,0,1.0,34,45,-11,-0.33,-1.44,1792,es ESP,MF,es La Liga,27.0,1998.0,33.5,9,0,0,41,13,0,142,27,26,0,MF,False,False,True,False,True,False,3016,27.0,0.7761194029850746,0.8059701492537313,1.2238805970149254,0.3880597014925373,0.26865671641791045,0.0,4.2388059701492535,0.0,True
874,Mateus Fernandes,pt POR,MF,West Ham United,eng Premier League,21.0,2004.0,36,35,3016,33.5,3,4,7,3,0,0,7,0,0.21,,,,,,,,,,,,,,,,,,,,,,,,,874,pt POR,MF,eng Premier League,21.0,2004.0,33.5,3,28,8,28.6,0.84,0.24,0.11,0.38,0,0,1076,pt POR,MF,eng Premier League,21.0,2004.0,36,3016,84,88.2,33.5,35,85.0,23,1,26.0,0,1.08,40,50,-10,-0.3,1.71,874,pt POR,MF,eng Premier League,21.0,2004.0,33.5,7,0,0,49,49,0,51,36,67,0,MF,False,False,True,False,True,False,3016,21.0,2.0,1.0746268656716418,1.462686567164179,1.462686567164179,0.208955223880597,0.0,1.5223880597014925,0.0,True
2650,Matthieu Udol,fr FRA,"MF,DF",Lens,fr Ligue 1,29.0,1996.0,34,33,3002,33.4,1,7,8,1,0,0,2,0,0.24,,,,,,,,,,,,,,,,,,,,,,,,,2650,fr FRA,"MF,DF",fr Ligue 1,29.0,1996.0,33.4,1,47,17,36.2,1.41,0.51,0.02,0.06,0,0,3310,fr FRA,"MF,DF",fr Ligue 1,29.0,1996.0,34,3002,88,98.1,33.4,33,90.0,30,1,45.0,0,2.06,62,35,27,0.81,-5.4,2650,fr FRA,"MF,DF",fr Ligue 1,29.0,1996.0,33.4,2,0,0,30,27,2,115,51,21,0,"MF,DF",False,True,True,False,False,True,3002,29.0,0.62874251497006,1.5269461077844313,0.8982035928143713,0.8083832335329342,0.059880239520958084,0.0,3.44311377245509,0.059880239520958084,True
1517,Manuel Locatelli,it ITA,MF,Juventus,it Serie A,27.0,1998.0,36,36,2994,33.3,1,2,3,1,0,1,9,0,0.09,,,,,,,,,,,,,,,,,,,,,,,,,1517,it ITA,MF,it Serie A,27.0,1998.0,33.3,1,46,12,26.1,1.38,0.36,0.02,0.08,0,1,1878,it ITA,MF,it Serie A,27.0,1998.0,36,2994,83,87.5,33.3,36,83.0,24,0,,1,1.86,49,28,21,0.63,-0.64,1517,it ITA,MF,it Serie A,27.0,1998.0,33.3,9,0,0,55,44,0,19,38,66,0,MF,False,False,True,False,True,False,2994,27.0,1.9819819819819822,1.1411411411411412,1.6516516516516517,1.3213213213213215,0.2702702702702703,0.0,0.5705705705705706,0.0,True
2835,Martín Zubimendi,es ESP,MF,Arsenal,eng Premier League,26.0,1999.0,38,34,2992,33.2,5,1,6,5,0,0,4,0,0.18,,,,,,,,,,,,,,,,,,,,,,,,,2835,es ESP,MF,eng Premier League,26.0,1999.0,33.2,5,27,9,33.3,0.81,0.27,0.19,0.56,0,0,3534,es ESP,MF,eng Premier League,26.0,1999.0,38,2992,79,87.5,33.2,34,84.0,22,4,32.0,0,2.24,57,25,32,0.96,-1.56,2835,es ESP,MF,eng Premier League,26.0,1999.0,33.2,4,0,0,33,15,1,13,39,39,0,MF,False,False,True,False,True,False,2992,26.0,1.1746987951807228,1.1746987951807228,0.9939759036144578,0.4518072289156626,0.12048192771084336,0.0,0.39156626506024095,0.03012048192771084,True
1049,Ryan Gravenberch,nl NED,MF,Liverpool,eng Premier League,23.0,2002.0,36,34,2992,33.2,5,3,8,5,0,0,5,0,0.24,,,,,,,,,,,,,,,,,,,,,,,,,1049,nl NED,MF,eng Premier League,23.0,2002.0,33.2,5,38,13,34.2,1.14,0.39,0.13,0.38,0,0,1302,nl NED,MF,eng Premier League,23.0,2002.0,36,2992,83,87.5,33.2,34,86.0,28,2,29.0,0,1.58,50,42,8,0.24,-0.18,1049,nl NED,MF,eng Premier League,23.0,2002.0,33.2,5,0,0,38,42,0,8,44,35,0,MF,False,False,True,False,True,False,2992,23.0,1.0542168674698795,1.325301204819277,1.1445783132530118,1.2650602409638554,0.1506024096385542,0.0,0.24096385542168672,0.0,True
2394,Romano Schmid,at AUT,"MF,FW",Werder Bremen,de Bundesliga,25.0,2000.0,34,34,2982,33.1,4,8,12,1,3,4,4,0,0.27,,,,,,,,,,,,,,,,,,,,,,,,,2394,at AUT,"MF,FW",de Bundesliga,25.0,2000.0,33.1,4,57,21,36.8,1.72,0.63,0.02,0.05,3,4,2977,at AUT,"MF,FW",de Bundesliga,25.0,2000.0,34,2982,88,97.5,33.1,34,88.0,23,0,,0,0.94,34,57,-23,-0.69,-0.69,2394,at AUT,"MF,FW",de Bundesliga,25.0,2000.0,33.1,4,0,0,19,31,5,154,13,28,0,"MF,FW",False,False,True,True,False,True,2982,25.0,0.8459214501510574,0.39274924471299094,0.5740181268882175,0.9365558912386707,0.12084592145015105,0.0,4.652567975830816,0.1510574018126888,True
1342,Mandela Keita,be BEL,MF,Parma,it Serie A,23.0,2002.0,37,36,2979,33.1,1,1,2,1,0,0,1,0,0.06,,,,,,,,,,,,,,,,,,,,,,,,,1342,be BEL,MF,it Serie A,23.0,2002.0,33.1,1,16,5,31.3,0.48,0.15,0.06,0.2,0,0,1647,be BEL,MF,it Serie A,23.0,2002.0,37,2979,81,87.1,33.1,36,83.0,19,1,6.0,0,1.22,19,37,-18,-0.54,-0.54,1342,be BEL,MF,it Serie A,23.0,2002.0,33.1,1,0,0,30,57,0,2,43,48,1,MF,False,False,True,False,True,False,2979,23.0,1.4501510574018126,1.2990936555891237,0.9063444108761329,1.7220543806646524,0.030211480362537763,0.0,0.060422960725075525,0.0,True
664,Enrico Delprato,it ITA,"DF,MF",Parma,it Serie A,25.0,1999.0,35,34,2951,32.8,2,0,2,2,0,0,5,0,0.06,,,,,,,,,,,,,,,,,,,,,,,,,664,it ITA,"DF,MF",it Serie A,25.0,1999.0,32.8,2,18,9,50.0,0.55,0.27,0.11,0.22,0,0,823,it ITA,"DF,MF",it Serie A,25.0,1999.0,35,2951,84,86.3,32.8,34,86.0,29,1,21.0,2,1.11,23,40,-17,-0.52,-0.33,664,it ITA,"DF,MF",it Serie A,25.0,1999.0,32.8,5,0,0,16,10,6,19,24,21,0,"DF,MF",False,True,True,False,False,True,2951,25.0,0.6402439024390244,0.7317073170731708,0.48780487804878053,0.30487804878048785,0.15243902439024393,0.0,0.5792682926829269,0.1829268292682927,True
2487,Issa Soumaré,sn SEN,"FW,MF",Le Havre,fr Ligue 1,24.0,2000.0,34,33,2948,32.8,8,5,13,7,1,3,3,0,0.37,,,,,,,,,,,,,,,,,,,,,,,,,2487,sn SEN,"FW,MF",fr Ligue 1,24.0,2000.0,32.8,8,77,28,36.4,2.35,0.85,0.09,0.25,1,3,3106,sn SEN,"FW,MF",fr Ligue 1,24.0,2000.0,34,2948,87,96.3,32.8,33,88.0,32,1,45.0,0,1.03,31,43,-12,-0.37,-0.37,2487,sn SEN,"FW,MF",fr Ligue 1,24.0,2000.0,32.8,3,0,0,56,74,14,61,12,20,0,"FW,MF",False,False,True,True,False,True,2948,24.0,0.6097560975609757,0.3658536585365854,1.707317073170732,2.25609756097561,0.09146341463414635,0.0,1.8597560975609757,0.426829268292683,True
1463,Enzo Le Fée,fr FRA,"MF,FW",Sunderland,eng Premier League,25.0,2000.0,36,33,2930,32.6,5,6,11,2,3,4,5,0,0.25,,,,,,,,,,,,,,,,,,,,,,,,,1463,fr FRA,"MF,FW",eng Premier League,25.0,2000.0,32.6,5,36,12,33.3,1.11,0.37,0.06,0.17,3,4,1806,fr FRA,"MF,FW",eng Premier League,25.0,2000.0,36,2930,81,85.7,32.6,33,87.0,25,3,16.0,0,1.47,37,43,-6,-0.18,-0.18,1463,fr FRA,"MF,FW",eng Premier League,25.0,2000.0,32.6,5,0,0,31,37,4,98,28,56,0,"MF,FW",False,False,True,True,False,True,2930,25.0,1.7177914110429446,0.8588957055214723,0.950920245398773,1.1349693251533741,0.15337423312883436,0.0,3.0061349693251533,0.12269938650306748,True
294,Sander Berge,no NOR,MF,Fulham,eng Premier League,27.0,1998.0,35,34,2905,32.3,0,1,1,0,0,0,5,0,0.03,,,,,,,,,,,,,,,,,,,,,,,,,294,no NOR,MF,eng Premier League,27.0,1998.0,32.3,0,14,3,21.4,0.43,0.09,0.0,0.0,0,0,365,no NOR,MF,eng Premier League,27.0,1998.0,35,2905,83,84.9,32.3,34,85.0,25,1,17.0,2,1.46,43,45,-2,-0.06,0.29,294,no NOR,MF,eng Premier League,27.0,1998.0,32.3,5,0,0,35,14,1,13,26,41,1,MF,False,False,True,False,True,False,2905,27.0,1.2693498452012384,0.8049535603715171,1.08359133126935,0.43343653250774,0.15479876160990713,0.0,0.40247678018575855,0.030959752321981428,True
37,Michel Aebischer,ch SUI,MF,Pisa,it Serie A,28.0,1997.0,35,33,2892,32.1,1,2,3,1,0,0,8,0,0.09,,,,,,,,,,,,,,,,,,,,,,,,,37,ch SUI,MF,it Serie A,28.0,1997.0,32.1,1,19,5,26.3,0.59,0.16,0.05,0.2,0,0,42,ch SUI,MF,it Serie A,28.0,1997.0,35,2892,83,84.6,32.1,33,85.0,25,2,45.0,1,0.51,23,49,-26,-0.81,2.43,37,ch SUI,MF,it Serie A,28.0,1997.0,32.1,8,0,0,44,38,0,43,35,37,0,MF,False,False,True,False,True,False,2892,28.0,1.1526479750778815,1.0903426791277258,1.3707165109034267,1.1838006230529594,0.24922118380062305,0.0,1.3395638629283488,0.0,True
2306,Noah Sadiki,cd COD,MF,Sunderland,eng Premier League,20.0,2004.0,33,33,2889,32.1,0,1,1,0,0,0,9,0,0.03,,,,,,,,,,,,,,,,,,,,,,,,,2306,cd COD,MF,eng Premier League,20.0,2004.0,32.1,0,19,5,26.3,0.59,0.16,0.0,0.0,0,0,2866,cd COD,MF,eng Premier League,20.0,2004.0,33,2889,88,84.5,32.1,33,88.0,26,0,,0,1.52,37,42,-5,-0.16,0.01,2306,cd COD,MF,eng Premier League,20.0,2004.0,32.1,9,0,0,31,40,2,21,33,26,0,MF,False,False,True,False,True,False,2889,20.0,0.8099688473520249,1.02803738317757,0.9657320872274143,1.2461059190031152,0.2803738317757009,0.0,0.6542056074766355,0.06230529595015576,True
2206,Nicolai Remberg,de GER,MF,Hamburger SV,de Bundesliga,25.0,2000.0,32,32,2880,32.0,0,2,2,0,0,0,11,0,0.06,,,,,,,,,,,,,,,,,,,,,,,,,2206,de GER,MF,de Bundesliga,25.0,2000.0,32.0,0,17,8,47.1,0.53,0.25,0.0,0.0,0,0,2742,de GER,MF,de Bundesliga,25.0,2000.0,32,2880,90,94.1,32.0,32,90.0,32,0,,0,1.16,38,49,-11,-0.34,1.16,2206,de GER,MF,de Bundesliga,25.0,2000.0,32.0,11,0,0,44,48,1,5,43,27,0,MF,False,False,True,False,True,False,2880,25.0,0.84375,1.34375,1.375,1.5,0.34375,0.0,0.15625,0.03125,True
2071,Nicolás Paz,ar ARG,MF,Como,it Serie A,20.0,2004.0,35,33,2878,32.0,12,6,18,12,0,2,5,0,0.56,,,,,,,,,,,,,,,,,,,,,,,,,2071,ar ARG,MF,it Serie A,20.0,2004.0,32.0,12,121,48,39.7,3.78,1.5,0.1,0.25,0,2,2562,ar ARG,MF,it Serie A,20.0,2004.0,35,2878,82,84.2,32.0,33,86.0,22,2,25.0,1,1.77,49,27,22,0.69,-1.64,2071,ar ARG,MF,it Serie A,20.0,2004.0,32.0,5,0,0,54,41,0,63,27,56,0,MF,False,False,True,False,True,False,2878,20.0,1.75,0.84375,1.6875,1.28125,0.15625,0.0,1.96875,0.0,True
2668,Germán Valera,es ESP,"MF,DF",Elche,es La Liga,23.0,2002.0,36,33,2857,31.7,4,5,9,4,0,0,4,1,0.28,,,,,,,,,,,,,,,,,,,,,,,,,2668,es ESP,"MF,DF",es La Liga,23.0,2002.0,31.7,4,28,8,28.6,0.88,0.25,0.14,0.5,0,0,3329,es ESP,"MF,DF",es La Liga,23.0,2002.0,36,2857,79,83.5,31.7,33,85.0,17,3,20.0,0,1.17,41,48,-7,-0.22,-0.06,2668,es ESP,"MF,DF",es La Liga,23.0,2002.0,31.7,4,1,0,40,70,4,104,23,40,0,"MF,DF",False,True,True,False,False,True,2857,23.0,1.2618296529968454,0.7255520504731862,1.2618296529968454,2.2082018927444795,0.12618296529968454,0.031545741324921134,3.280757097791798,0.12618296529968454,True
2401,Alex Scott,eng ENG,MF,Bournemouth,eng Premier League,21.0,2003.0,37,34,2849,31.7,3,1,4,3,0,0,5,0,0.13,,,,,,,,,,,,,,,,,,,,,,,,,2401,eng ENG,MF,eng Premier League,21.0,2003.0,31.7,3,44,13,29.5,1.39,0.41,0.07,0.23,0,0,2987,eng ENG,MF,eng Premier League,21.0,2003.0,37,2849,77,83.3,31.7,34,80.0,19,3,39.0,0,1.51,50,42,8,0.25,0.88,2401,eng ENG,MF,eng Premier League,21.0,2003.0,31.7,5,0,0,45,60,1,88,35,38,0,MF,False,False,True,False,True,False,2849,21.0,1.1987381703470033,1.1041009463722398,1.4195583596214512,1.8927444794952681,0.15772870662460567,0.0,2.77602523659306,0.031545741324921134,True
909,Pablo Fornals,es ESP,MF,Real Betis,es La Liga,29.0,1996.0,37,34,2848,31.6,9,6,15,9,0,0,2,0,0.47,,,,,,,,,,,,,,,,,,,,,,,,,909,es ESP,MF,es La Liga,29.0,1996.0,31.6,9,43,18,41.9,1.36,0.57,0.21,0.5,0,0,1123,es ESP,MF,es La Liga,29.0,1996.0,37,2848,77,83.3,31.6,34,80.0,15,3,40.0,1,1.62,53,38,15,0.47,1.1,909,es ESP,MF,es La Liga,29.0,1996.0,31.6,2,0,0,32,26,13,140,34,26,0,MF,False,False,True,False,True,False,2848,29.0,0.8227848101265822,1.0759493670886076,1.0126582278481011,0.8227848101265822,0.06329113924050632,0.0,4.430379746835443,0.4113924050632911,True
1712,Weston McKennie,us USA,MF,Juventus,it Serie A,26.0,1998.0,36,32,2835,31.5,5,5,10,5,0,0,5,0,0.32,,,,,,,,,,,,,,,,,,,,,,,,,1712,us USA,MF,it Serie A,26.0,1998.0,31.5,5,43,16,37.2,1.37,0.51,0.12,0.31,0,0,2113,us USA,MF,it Serie A,26.0,1998.0,36,2835,79,82.9,31.5,32,87.0,23,4,13.0,1,1.81,53,31,22,0.7,-0.07,1712,us USA,MF,it Serie A,26.0,1998.0,31.5,5,0,0,44,11,7,36,26,24,0,MF,False,False,True,False,True,False,2835,26.0,0.7619047619047619,0.8253968253968254,1.3968253968253967,0.3492063492063492,0.15873015873015872,0.0,1.1428571428571428,0.2222222222222222,True
176,Leon Avdullahu,xk KVX,MF,Hoffenheim,de Bundesliga,21.0,2004.0,33,32,2834,31.5,0,1,1,0,0,0,5,0,0.03,,,,,,,,,,,,,,,,,,,,,,,,,176,xk KVX,MF,de Bundesliga,21.0,2004.0,31.5,0,14,2,14.3,0.44,0.06,0.0,0.0,0,0,216,xk KVX,MF,de Bundesliga,21.0,2004.0,33,2834,86,92.6,31.5,32,88.0,27,1,30.0,0,1.85,63,44,19,0.6,2.99,176,xk KVX,MF,de Bundesliga,21.0,2004.0,31.5,5,0,0,27,12,1,15,33,30,0,MF,False,False,True,False,True,False,2834,21.0,0.9523809523809523,1.0476190476190477,0.8571428571428571,0.38095238095238093,0.15873015873015872,0.0,0.47619047619047616,0.031746031746031744,True
1248,Mikel Jauregizar,es ESP,MF,Athletic Club,es La Liga,21.0,2003.0,36,34,2831,31.5,2,0,2,2,0,0,6,1,0.06,,,,,,,,,,,,,,,,,,,,,,,,,1248,es ESP,MF,es La Liga,21.0,2003.0,31.5,2,39,11,28.2,1.24,0.35,0.05,0.18,0,0,1536,es ESP,MF,es La Liga,21.0,2003.0,36,2831,79,82.8,31.5,34,82.0,19,2,29.0,0,1.17,30,45,-15,-0.48,-0.48,1248,es ESP,MF,es La Liga,21.0,2003.0,31.5,6,1,1,49,34,0,72,48,45,0,MF,False,False,True,False,True,False,2831,21.0,1.4285714285714286,1.5238095238095237,1.5555555555555556,1.0793650793650793,0.19047619047619047,0.031746031746031744,2.2857142857142856,0.0,True
633,Kévin Danois,fr FRA,MF,Auxerre,fr Ligue 1,21.0,2004.0,33,32,2830,31.4,3,1,4,3,0,0,3,0,0.13,,,,,,,,,,,,,,,,,,,,,,,,,633,fr FRA,MF,fr Ligue 1,21.0,2004.0,31.4,3,25,8,32.0,0.8,0.25,0.12,0.38,0,0,782,fr FRA,MF,fr Ligue 1,21.0,2004.0,33,2830,86,92.5,31.4,32,88.0,22,1,22.0,1,1.03,33,39,-6,-0.19,1.37,633,fr FRA,MF,fr Ligue 1,21.0,2004.0,31.4,3,0,0,33,26,3,130,38,48,0,MF,False,False,True,False,True,False,2830,21.0,1.5286624203821657,1.2101910828025477,1.0509554140127388,0.8280254777070064,0.09554140127388536,0.0,4.140127388535032,0.09554140127388536,True
1014,João Gomes,br BRA,MF,Wolves,eng Premier League,24.0,2001.0,35,32,2829,31.4,1,1,2,1,0,0,10,0,0.06,,,,,,,,,,,,,,,,,,,,,,,,,1014,br BRA,MF,eng Premier League,24.0,2001.0,31.4,1,19,7,36.8,0.6,0.22,0.05,0.14,0,0,1256,br BRA,MF,eng Premier League,24.0,2001.0,35,2829,81,82.7,31.4,32,86.0,23,3,24.0,1,0.51,21,56,-35,-1.11,-0.2,1014,br BRA,MF,eng Premier League,24.0,2001.0,31.4,10,0,0,69,49,1,31,36,68,0,MF,False,False,True,False,True,False,2829,24.0,2.1656050955414012,1.1464968152866242,2.1974522292993632,1.5605095541401275,0.3184713375796179,0.0,0.9872611464968153,0.03184713375796178,True
2792,Kenan Yıldız,tr TUR,"MF,FW",Juventus,it Serie A,20.0,2005.0,36,33,2825,31.4,10,6,16,9,1,2,2,0,0.48,,,,,,,,,,,,,,,,,,,,,,,,,2792,tr TUR,"MF,FW",it Serie A,20.0,2005.0,31.4,10,97,40,41.2,3.09,1.27,0.09,0.23,1,2,3481,tr TUR,"MF,FW",it Serie A,20.0,2005.0,36,2825,78,82.6,31.4,33,83.0,12,3,25.0,1,1.81,49,26,23,0.73,0.13,2792,tr TUR,"MF,FW",it Serie A,20.0,2005.0,31.4,2,0,0,23,56,7,122,7,14,0,"MF,FW",False,False,True,True,False,True,2825,20.0,0.445859872611465,0.2229299363057325,0.7324840764331211,1.78343949044586,0.06369426751592357,0.0,3.8853503184713376,0.2229299363057325,True
1288,Vinicius Júnior,br BRA,"FW,MF",Real Madrid,es La Liga,25.0,2000.0,36,32,2815,31.3,16,5,21,12,4,5,8,0,0.54,,,,,,,,,,,,,,,,,,,,,,,,,1288,br BRA,"FW,MF",es La Liga,25.0,2000.0,31.3,16,100,46,46.0,3.2,1.47,0.12,0.26,4,5,1584,br BRA,"FW,MF",es La Liga,25.0,2000.0,36,2815,78,82.3,31.3,32,84.0,18,4,33.0,0,2.22,64,30,34,1.09,-0.1,1288,br BRA,"FW,MF",es La Liga,25.0,2000.0,31.3,8,0,0,38,81,13,63,2,15,0,"FW,MF",False,False,True,True,False,True,2815,25.0,0.4792332268370607,0.06389776357827476,1.2140575079872205,2.587859424920128,0.25559105431309903,0.0,2.012779552715655,0.41533546325878595,True
869,Robin Fellhauer,de GER,MF,Augsburg,de Bundesliga,27.0,1998.0,34,31,2799,31.1,3,2,5,3,0,0,2,0,0.16,,,,,,,,,,,,,,,,,,,,,,,,,869,de GER,MF,de Bundesliga,27.0,1998.0,31.1,3,30,9,30.0,0.96,0.29,0.1,0.33,0,0,1071,de GER,MF,de Bundesliga,27.0,1998.0,34,2799,82,91.5,31.1,31,85.0,19,3,56.0,0,1.26,38,56,-18,-0.58,-1.27,869,de GER,MF,de Bundesliga,27.0,1998.0,31.1,2,0,0,25,33,6,92,22,43,0,MF,False,False,True,False,True,False,2799,27.0,1.382636655948553,0.7073954983922829,0.8038585209003215,1.0610932475884245,0.06430868167202572,0.0,2.958199356913183,0.19292604501607716,True
426,Moisés Caicedo,ec ECU,MF,Chelsea,eng Premier League,23.0,2001.0,33,32,2795,31.1,3,1,4,3,0,0,11,1,0.13,,,,,,,,,,,,,,,,,,,,,,,,,426,ec ECU,MF,eng Premier League,23.0,2001.0,31.1,3,27,7,25.9,0.87,0.23,0.11,0.43,0,0,522,ec ECU,MF,eng Premier League,23.0,2001.0,33,2795,85,81.7,31.1,32,86.0,26,1,45.0,1,1.33,51,46,5,0.16,0.02,426,ec ECU,MF,eng Premier League,23.0,2001.0,31.1,11,1,0,54,55,0,8,59,47,0,MF,False,False,True,False,True,False,2795,23.0,1.5112540192926045,1.8971061093247588,1.7363344051446945,1.7684887459807073,0.35369774919614144,0.03215434083601286,0.2572347266881029,0.0,True
336,Jayden Bogle,eng ENG,"MF,DF",Leeds United,eng Premier League,25.0,2000.0,34,32,2793,31.0,1,2,3,1,0,0,6,0,0.1,,,,,,,,,,,,,,,,,,,,,,,,,336,eng ENG,"MF,DF",eng Premier League,25.0,2000.0,31.0,1,18,4,22.2,0.58,0.13,0.06,0.25,0,0,415,eng ENG,"MF,DF",eng Premier League,25.0,2000.0,34,2793,82,81.7,31.0,32,86.0,18,2,27.0,0,1.24,38,44,-6,-0.19,-0.05,336,eng ENG,"MF,DF",eng Premier League,25.0,2000.0,31.0,6,0,0,39,29,10,67,30,43,0,"MF,DF",False,True,True,False,False,True,2793,25.0,1.3870967741935485,0.967741935483871,1.2580645161290323,0.9354838709677419,0.1935483870967742,0.0,2.161290322580645,0.3225806451612903,True
1715,Scott McTominay,sct SCO,MF,Napoli,it Serie A,28.0,1996.0,33,31,2791,31.0,10,3,13,10,0,1,1,0,0.42,,,,,,,,,,,,,,,,,,,,,,,,,1715,sct SCO,MF,it Serie A,28.0,1996.0,31.0,10,101,34,33.7,3.26,1.1,0.1,0.29,0,1,2119,sct SCO,MF,it Serie A,28.0,1996.0,33,2791,85,81.6,31.0,31,88.0,27,2,38.0,0,2.09,49,27,22,0.71,0.71,1715,sct SCO,MF,it Serie A,28.0,1996.0,31.0,1,0,0,24,73,5,10,23,13,0,MF,False,False,True,False,True,False,2791,28.0,0.41935483870967744,0.7419354838709677,0.7741935483870968,2.3548387096774195,0.03225806451612903,0.0,0.3225806451612903,0.16129032258064516,True
2309,Alexis Saelemaekers,be BEL,MF,Milan,it Serie A,26.0,1999.0,35,33,2788,31.0,3,3,6,3,0,0,5,0,0.19,,,,,,,,,,,,,,,,,,,,,,,,,2309,be BEL,MF,it Serie A,26.0,1999.0,31.0,3,43,11,25.6,1.39,0.36,0.07,0.27,0,0,2870,be BEL,MF,it Serie A,26.0,1999.0,35,2788,80,81.5,31.0,33,83.0,16,2,32.0,0,1.74,39,30,9,0.29,-0.99,2309,be BEL,MF,it Serie A,26.0,1999.0,31.0,5,0,0,26,64,2,82,30,38,0,MF,False,False,True,False,True,False,2788,26.0,1.2258064516129032,0.967741935483871,0.8387096774193549,2.064516129032258,0.16129032258064516,0.0,2.6451612903225805,0.06451612903225806,True
246,Christoph Baumgartner,at AUT,MF,RB Leipzig,de Bundesliga,25.0,1999.0,33,32,2780,30.9,13,8,21,13,0,1,10,0,0.68,,,,,,,,,,,,,,,,,,,,,,,,,246,at AUT,MF,de Bundesliga,25.0,1999.0,30.9,13,81,35,43.2,2.62,1.13,0.16,0.37,0,1,306,at AUT,MF,de Bundesliga,25.0,1999.0,33,2780,84,90.8,30.9,32,86.0,18,1,22.0,0,1.97,63,37,26,0.84,3.09,246,at AUT,MF,de Bundesliga,25.0,1999.0,30.9,10,0,0,63,33,4,6,22,40,0,MF,False,False,True,False,True,False,2780,25.0,1.2944983818770228,0.7119741100323624,2.0388349514563107,1.0679611650485437,0.3236245954692557,0.0,0.1941747572815534,0.12944983818770228,True
1883,Iliman Ndiaye,sn SEN,MF,Everton,eng Premier League,25.0,2000.0,32,32,2778,30.9,6,3,9,4,2,2,2,0,0.23,,,,,,,,,,,,,,,,,,,,,,,,,1883,sn SEN,MF,eng Premier League,25.0,2000.0,30.9,6,43,22,51.2,1.39,0.71,0.09,0.18,2,2,2332,sn SEN,MF,eng Premier League,25.0,2000.0,32,2778,87,81.2,30.9,32,87.0,21,0,,0,1.28,40,44,-4,-0.13,-0.27,1883,sn SEN,MF,eng Premier League,25.0,2000.0,30.9,2,0,0,30,37,12,55,17,40,0,MF,False,False,True,False,True,False,2778,25.0,1.2944983818770228,0.5501618122977346,0.970873786407767,1.197411003236246,0.06472491909385114,0.0,1.7799352750809063,0.3883495145631068,True
538,Joris Chotard,fr FRA,MF,Brest,fr Ligue 1,23.0,2001.0,33,31,2773,30.8,2,1,3,2,0,0,2,0,0.1,,,,,,,,,,,,,,,,,,,,,,,,,538,fr FRA,MF,fr Ligue 1,23.0,2001.0,30.8,2,25,8,32.0,0.81,0.26,0.08,0.25,0,0,666,fr FRA,MF,fr Ligue 1,23.0,2001.0,33,2773,84,90.6,30.8,31,88.0,25,2,18.0,0,1.15,39,47,-8,-0.26,0.99,538,fr FRA,MF,fr Ligue 1,23.0,2001.0,30.8,2,0,0,28,12,0,51,48,34,0,MF,False,False,True,False,True,False,2773,23.0,1.103896103896104,1.5584415584415585,0.9090909090909091,0.38961038961038963,0.06493506493506493,0.0,1.655844155844156,0.0,True
1966,Adam Obert,sk SVK,"DF,MF",Cagliari,it Serie A,22.0,2002.0,35,33,2771,30.8,0,3,3,0,0,0,10,1,0.1,,,,,,,,,,,,,,,,,,,,,,,,,1966,sk SVK,"DF,MF",it Serie A,22.0,2002.0,30.8,0,10,3,30.0,0.32,0.1,0.0,0.0,0,0,2426,sk SVK,"DF,MF",it Serie A,22.0,2002.0,35,2771,79,81.0,30.8,33,83.0,19,2,21.0,1,1.2,28,40,-12,-0.39,-0.25,1966,sk SVK,"DF,MF",it Serie A,22.0,2002.0,30.8,10,1,1,40,13,0,69,44,32,0,"DF,MF",False,True,True,False,False,True,2771,22.0,1.0389610389610389,1.4285714285714286,1.2987012987012987,0.42207792207792205,0.3246753246753247,0.032467532467532464,2.24025974025974,0.0,True
2447,Lassine Sinayoko,ml MLI,"FW,MF",Auxerre,fr Ligue 1,25.0,1999.0,32,32,2770,30.8,12,4,16,9,3,4,8,0,0.42,,,,,,,,,,,,,,,,,,,,,,,,,2447,ml MLI,"FW,MF",fr Ligue 1,25.0,1999.0,30.8,12,93,39,41.9,3.02,1.27,0.1,0.23,3,4,3055,ml MLI,"FW,MF",fr Ligue 1,25.0,1999.0,32,2770,87,90.5,30.8,32,87.0,21,0,,0,1.06,33,37,-4,-0.13,1.73,2447,ml MLI,"FW,MF",fr Ligue 1,25.0,1999.0,30.8,8,0,0,30,53,13,32,26,26,0,"FW,MF",False,False,True,True,False,True,2770,25.0,0.8441558441558441,0.8441558441558441,0.974025974025974,1.7207792207792207,0.2597402597402597,0.0,1.0389610389610389,0.42207792207792205,True
447,Andrea Cambiaso,it ITA,"MF,DF",Juventus,it Serie A,25.0,2000.0,36,35,2769,30.8,3,4,7,3,0,0,3,1,0.23,,,,,,,,,,,,,,,,,,,,,,,,,447,it ITA,"MF,DF",it Serie A,25.0,2000.0,30.8,3,26,13,50.0,0.85,0.42,0.12,0.23,0,0,547,it ITA,"MF,DF",it Serie A,25.0,2000.0,36,2769,77,81.0,30.8,35,78.0,8,1,45.0,0,1.75,45,26,19,0.62,-0.49,447,it ITA,"MF,DF",it Serie A,25.0,2000.0,30.8,3,1,0,29,21,2,123,20,39,2,"MF,DF",False,True,True,False,False,True,2769,25.0,1.2662337662337662,0.6493506493506493,0.9415584415584415,0.6818181818181818,0.09740259740259741,0.032467532467532464,3.9935064935064934,0.06493506493506493,True
816,Mikael Ellertsson,is ISL,MF,Genoa,it Serie A,23.0,2002.0,36,31,2767,30.7,1,1,2,1,0,0,1,1,0.07,,,,,,,,,,,,,,,,,,,,,,,,,816,is ISL,MF,it Serie A,23.0,2002.0,30.7,1,26,6,23.1,0.85,0.2,0.04,0.17,0,0,1001,is ISL,MF,it Serie A,23.0,2002.0,36,2767,77,80.9,30.7,31,86.0,24,5,17.0,1,0.97,28,43,-15,-0.49,-1.18,816,is ISL,MF,it Serie A,23.0,2002.0,30.7,1,1,0,28,42,1,32,14,26,0,MF,False,False,True,False,True,False,2767,23.0,0.8469055374592834,0.45602605863192186,0.9120521172638437,1.3680781758957654,0.03257328990228013,0.03257328990228013,1.0423452768729642,0.03257328990228013,True
117,André,br BRA,MF,Wolves,eng Premier League,24.0,2001.0,35,30,2762,30.7,1,0,1,1,0,0,12,0,0.03,,,,,,,,,,,,,,,,,,,,,,,,,117,br BRA,MF,eng Premier League,24.0,2001.0,30.7,1,15,1,6.7,0.49,0.03,0.07,1.0,0,0,145,br BRA,MF,eng Premier League,24.0,2001.0,35,2762,79,80.8,30.7,30,86.0,24,5,34.0,0,0.51,19,53,-34,-1.11,-0.15,117,br BRA,MF,eng Premier League,24.0,2001.0,30.7,12,0,0,47,43,0,40,25,42,0,MF,False,False,True,False,True,False,2762,24.0,1.3680781758957654,0.8143322475570033,1.5309446254071661,1.4006514657980456,0.39087947882736157,0.0,1.3029315960912053,0.0,True
1571,Senne Lynen,be BEL,MF,Werder Bremen,de Bundesliga,26.0,1999.0,31,31,2752,30.6,0,0,0,0,0,0,4,0,0.0,,,,,,,,,,,,,,,,,,,,,,,,,1571,be BEL,MF,de Bundesliga,26.0,1999.0,30.6,0,25,4,16.0,0.82,0.13,0.0,0.0,0,0,1945,be BEL,MF,de Bundesliga,26.0,1999.0,31,2752,89,89.9,30.6,31,89.0,26,0,,0,0.9,33,54,-21,-0.69,-0.1,1571,be BEL,MF,de Bundesliga,26.0,1999.0,30.6,4,0,0,38,12,0,14,77,33,0,MF,False,False,True,False,True,False,2752,26.0,1.0784313725490196,2.5163398692810457,1.2418300653594772,0.39215686274509803,0.13071895424836602,0.0,0.45751633986928103,0.0,True
2383,Kevin Schade,de GER,"MF,FW",Brentford,eng Premier League,23.0,2001.0,35,32,2745,30.5,8,3,11,8,0,1,6,1,0.36,,,,,,,,,,,,,,,,,,,,,,,,,2383,de GER,"MF,FW",eng Premier League,23.0,2001.0,30.5,8,57,24,42.1,1.87,0.79,0.14,0.33,0,1,2966,de GER,"MF,FW",eng Premier League,23.0,2001.0,35,2745,78,80.3,30.5,32,82.0,18,3,39.0,0,1.37,41,34,7,0.23,0.76,2383,de GER,"MF,FW",eng Premier League,23.0,2001.0,30.5,6,1,0,50,43,10,23,19,27,0,"MF,FW",False,False,True,True,False,True,2745,23.0,0.8852459016393442,0.6229508196721312,1.639344262295082,1.4098360655737705,0.19672131147540983,0.03278688524590164,0.7540983606557377,0.32786885245901637,True
2508,Angelo Stiller,de GER,MF,Stuttgart,de Bundesliga,24.0,2001.0,34,30,2743,30.5,2,5,7,2,0,1,1,0,0.23,,,,,,,,,,,,,,,,,,,,,,,,,2508,de GER,MF,de Bundesliga,24.0,2001.0,30.5,2,17,8,47.1,0.56,0.26,0.12,0.25,0,1,3138,de GER,MF,de Bundesliga,24.0,2001.0,34,2743,81,89.6,30.5,30,88.0,23,4,26.0,0,1.82,65,43,22,0.72,0.72,2508,de GER,MF,de Bundesliga,24.0,2001.0,30.5,1,0,0,18,44,0,105,28,23,0,MF,False,False,True,False,True,False,2743,24.0,0.7540983606557377,0.9180327868852459,0.5901639344262295,1.4426229508196722,0.03278688524590164,0.0,3.442622950819672,0.0,True
2105,Máximo Perrone,ar ARG,MF,Como,it Serie A,22.0,2003.0,36,33,2742,30.5,3,4,7,3,0,0,8,0,0.23,,,,,,,,,,,,,,,,,,,,,,,,,2105,ar ARG,MF,it Serie A,22.0,2003.0,30.5,3,18,9,50.0,0.59,0.3,0.17,0.33,0,0,2606,ar ARG,MF,it Serie A,22.0,2003.0,36,2742,76,80.2,30.5,33,80.0,21,3,32.0,1,1.89,53,21,32,1.05,0.52,2105,ar ARG,MF,it Serie A,22.0,2003.0,30.5,8,0,0,43,23,1,11,21,38,0,MF,False,False,True,False,True,False,2742,22.0,1.2459016393442623,0.6885245901639344,1.4098360655737705,0.7540983606557377,0.26229508196721313,0.0,0.36065573770491804,0.03278688524590164,True
2673,Federico Valverde,uy URU,"MF,DF",Real Madrid,es La Liga,27.0,1998.0,33,31,2740,30.4,5,8,13,5,0,0,3,1,0.43,,,,,,,,,,,,,,,,,,,,,,,,,2673,uy URU,"MF,DF",es La Liga,27.0,1998.0,30.4,5,51,22,43.1,1.68,0.72,0.1,0.23,0,0,3336,uy URU,"MF,DF",es La Liga,27.0,1998.0,33,2740,83,80.1,30.4,31,86.0,23,2,40.0,0,2.33,66,28,38,1.25,0.72,2673,uy URU,"MF,DF",es La Liga,27.0,1998.0,30.4,3,1,0,18,14,1,30,25,25,0,"MF,DF",False,True,True,False,False,True,2740,27.0,0.8223684210526316,0.8223684210526316,0.5921052631578948,0.46052631578947373,0.09868421052631579,0.03289473684210526,0.986842105263158,0.03289473684210526,True
621,Lucas Da Cunha,fr FRA,MF,Como,it Serie A,24.0,2001.0,36,31,2739,30.4,6,4,10,2,4,4,4,0,0.2,,,,,,,,,,,,,,,,,,,,,,,,,621,fr FRA,MF,it Serie A,24.0,2001.0,30.4,6,42,16,38.1,1.38,0.53,0.05,0.13,4,4,768,fr FRA,MF,it Serie A,24.0,2001.0,36,2739,76,80.1,30.4,31,83.0,18,5,36.0,2,1.86,52,24,28,0.92,-0.14,621,fr FRA,MF,it Serie A,24.0,2001.0,30.4,4,0,0,34,19,1,99,18,33,0,MF,False,False,True,False,True,False,2739,24.0,1.0855263157894737,0.5921052631578948,1.118421052631579,0.625,0.13157894736842105,0.0,3.2565789473684212,0.03289473684210526,True
940,Cody Gakpo,nl NED,"MF,FW",Liverpool,eng Premier League,26.0,1999.0,36,32,2737,30.4,7,5,12,7,0,0,3,0,0.39,,,,,,,,,,,,,,,,,,,,,,,,,940,nl NED,"MF,FW",eng Premier League,26.0,1999.0,30.4,7,87,21,24.1,2.86,0.69,0.08,0.33,0,0,1166,nl NED,"MF,FW",eng Premier League,26.0,1999.0,36,2737,76,80.0,30.4,32,82.0,16,4,28.0,0,1.5,48,39,9,0.3,0.16,940,nl NED,"MF,FW",eng Premier League,26.0,1999.0,30.4,3,0,0,42,44,30,86,12,15,0,"MF,FW",False,False,True,True,False,True,2737,26.0,0.493421052631579,0.39473684210526316,1.381578947368421,1.4473684210526316,0.09868421052631579,0.0,2.8289473684210527,0.986842105263158,True
1390,Ismaël Koné,ca CAN,MF,Sassuolo,it Serie A,23.0,2002.0,35,33,2737,30.4,6,0,6,6,0,0,5,1,0.2,,,,,,,,,,,,,,,,,,,,,,,,,1390,ca CAN,MF,it Serie A,23.0,2002.0,30.4,6,23,10,43.5,0.76,0.33,0.26,0.6,0,0,1710,ca CAN,MF,it Serie A,23.0,2002.0,35,2737,78,80.0,30.4,33,81.0,11,2,30.0,1,1.37,37,39,-2,-0.07,0.2,1390,ca CAN,MF,it Serie A,23.0,2002.0,30.4,5,1,1,25,54,0,5,12,18,0,MF,False,False,True,False,True,False,2737,23.0,0.5921052631578948,0.39473684210526316,0.8223684210526316,1.7763157894736843,0.16447368421052633,0.03289473684210526,0.16447368421052633,0.0,True
2562,Marcus Tavernier,eng ENG,MF,Bournemouth,eng Premier League,26.0,1999.0,34,31,2732,30.4,7,4,11,5,2,2,6,0,0.3,,,,,,,,,,,,,,,,,,,,,,,,,2562,eng ENG,MF,eng Premier League,26.0,1999.0,30.4,7,70,24,34.3,2.31,0.79,0.07,0.21,2,2,3204,eng ENG,MF,eng Premier League,26.0,1999.0,34,2732,80,79.9,30.4,31,86.0,15,3,24.0,0,1.38,45,44,1,0.03,-0.36,2562,eng ENG,MF,eng Premier League,26.0,1999.0,30.4,6,0,0,31,35,4,114,16,21,0,MF,False,False,True,False,True,False,2732,26.0,0.6907894736842105,0.5263157894736842,1.0197368421052633,1.1513157894736843,0.19736842105263158,0.0,3.75,0.13157894736842105,True
509,Zeki Çelik,tr TUR,"MF,DF",Roma,it Serie A,28.0,1997.0,34,32,2723,30.3,1,2,3,1,0,0,2,1,0.1,,,,,,,,,,,,,,,,,,,,,,,,,509,tr TUR,"MF,DF",it Serie A,28.0,1997.0,30.3,1,22,4,18.2,0.73,0.13,0.05,0.25,0,0,625,tr TUR,"MF,DF",it Serie A,28.0,1997.0,34,2723,80,79.6,30.3,32,84.0,21,2,11.0,1,1.79,50,27,23,0.76,0.11,509,tr TUR,"MF,DF",it Serie A,28.0,1997.0,30.3,2,1,0,35,18,3,75,24,40,0,"MF,DF",False,True,True,False,False,True,2723,28.0,1.3201320132013201,0.792079207920792,1.155115511551155,0.594059405940594,0.066006600660066,0.033003300330033,2.4752475247524752,0.099009900990099,True
131,Jaidon Anthony,eng ENG,MF,Burnley,eng Premier League,25.0,1999.0,37,32,2722,30.2,8,2,10,8,0,0,4,0,0.33,,,,,,,,,,,,,,,,,,,,,,,,,131,eng ENG,MF,eng Premier League,25.0,1999.0,30.2,8,55,23,41.8,1.82,0.76,0.15,0.35,0,0,163,eng ENG,MF,eng Premier League,25.0,1999.0,37,2722,74,79.6,30.2,32,82.0,13,5,17.0,1,0.59,30,59,-29,-0.96,0.07,131,eng ENG,MF,eng Premier League,25.0,1999.0,30.2,4,0,0,27,47,9,80,16,21,0,MF,False,False,True,False,True,False,2722,25.0,0.695364238410596,0.5298013245033113,0.8940397350993378,1.5562913907284768,0.13245033112582782,0.0,2.6490066225165565,0.2980132450331126,True
957,Eric García,es ESP,"DF,MF",Barcelona,es La Liga,24.0,2001.0,34,32,2721,30.2,1,1,2,1,0,0,6,0,0.07,,,,,,,,,,,,,,,,,,,,,,,,,957,es ESP,"DF,MF",es La Liga,24.0,2001.0,30.2,1,25,7,28.0,0.83,0.23,0.04,0.14,0,0,1183,es ESP,"DF,MF",es La Liga,24.0,2001.0,34,2721,80,79.6,30.2,32,83.0,21,2,29.0,3,2.5,78,22,56,1.85,1.47,957,es ESP,"DF,MF",es La Liga,24.0,2001.0,30.2,6,0,0,33,24,1,14,50,44,0,"DF,MF",False,True,True,False,False,True,2721,24.0,1.456953642384106,1.6556291390728477,1.0927152317880795,0.794701986754967,0.19867549668874174,0.0,0.4635761589403974,0.033112582781456956,True
1195,Pierre Højbjerg,dk DEN,MF,Marseille,fr Ligue 1,29.0,1995.0,32,30,2712,30.1,4,5,9,4,0,0,4,0,0.3,,,,,,,,,,,,,,,,,,,,,,,,,1195,dk DEN,MF,fr Ligue 1,29.0,1995.0,30.1,4,46,14,30.4,1.53,0.46,0.09,0.29,0,0,1474,dk DEN,MF,fr Ligue 1,29.0,1995.0,32,2712,85,88.6,30.1,30,89.0,25,2,24.0,0,1.75,54,40,14,0.46,-0.57,1195,dk DEN,MF,fr Ligue 1,29.0,1995.0,30.1,4,0,0,38,46,0,10,26,24,0,MF,False,False,True,False,True,False,2712,29.0,0.7973421926910299,0.8637873754152824,1.2624584717607972,1.5282392026578073,0.13289036544850497,0.0,0.33222591362126247,0.0,True
730,El Hadji Malick Diouf,sn SEN,"DF,MF",West Ham United,eng Premier League,20.0,2004.0,32,30,2707,30.1,0,5,5,0,0,0,6,0,0.17,,,,,,,,,,,,,,,,,,,,,,,,,730,sn SEN,"DF,MF",eng Premier League,20.0,2004.0,30.1,0,18,4,22.2,0.6,0.13,0.0,0.0,0,0,897,sn SEN,"DF,MF",eng Premier League,20.0,2004.0,32,2707,85,79.2,30.1,30,88.0,24,2,33.0,0,1.09,38,47,-9,-0.3,0.96,730,sn SEN,"DF,MF",eng Premier League,20.0,2004.0,30.1,6,0,0,28,25,2,109,32,19,0,"DF,MF",False,True,True,False,False,True,2707,20.0,0.6312292358803986,1.0631229235880397,0.9302325581395349,0.8305647840531561,0.19933554817275748,0.0,3.6212624584717608,0.06644518272425248,True
718,Federico Dimarco,it ITA,MF,Inter,it Serie A,27.0,1997.0,35,30,2698,30.0,7,16,23,7,0,0,3,0,0.77,,,,,,,,,,,,,,,,,,,,,,,,,718,it ITA,MF,it Serie A,27.0,1997.0,30.0,7,65,22,33.8,2.17,0.73,0.11,0.32,0,0,883,it ITA,MF,it Serie A,27.0,1997.0,35,2698,77,78.9,30.0,30,84.0,20,5,36.0,3,2.23,73,27,46,1.53,0.54,718,it ITA,MF,it Serie A,27.0,1997.0,30.0,3,0,0,41,23,5,295,30,31,0,MF,False,False,True,False,True,False,2698,27.0,1.0333333333333334,1.0,1.3666666666666667,0.7666666666666667,0.1,0.0,9.833333333333334,0.16666666666666666,True
589,Samu Costa,pt POR,MF,Mallorca,es La Liga,24.0,2000.0,34,31,2697,30.0,7,2,9,7,0,0,11,0,0.3,,,,,,,,,,,,,,,,,,,,,,,,,589,pt POR,MF,es La Liga,24.0,2000.0,30.0,7,39,16,41.0,1.3,0.53,0.18,0.44,0,0,729,pt POR,MF,es La Liga,24.0,2000.0,34,2697,79,78.9,30.0,31,84.0,18,3,31.0,0,1.12,32,42,-10,-0.33,-0.33,589,pt POR,MF,es La Liga,24.0,2000.0,30.0,11,0,0,64,68,6,30,26,37,0,MF,False,False,True,False,True,False,2697,24.0,1.2333333333333334,0.8666666666666667,2.1333333333333333,2.2666666666666666,0.36666666666666664,0.0,1.0,0.2,True
2408,Nicolas Seiwald,at AUT,MF,RB Leipzig,de Bundesliga,24.0,2001.0,33,31,2694,29.9,0,2,2,0,0,0,2,0,0.07,,,,,,,,,,,,,,,,,,,,,,,,,2408,at AUT,MF,de Bundesliga,24.0,2001.0,29.9,0,20,7,35.0,0.67,0.23,0.0,0.0,0,0,2995,at AUT,MF,de Bundesliga,24.0,2001.0,33,2694,82,88.0,29.9,31,85.0,19,2,23.0,0,1.88,57,37,20,0.67,0.91,2408,at AUT,MF,de Bundesliga,24.0,2001.0,29.9,2,0,0,18,6,0,6,60,47,0,MF,False,False,True,False,True,False,2694,24.0,1.5719063545150502,2.0066889632107023,0.6020066889632107,0.20066889632107024,0.06688963210702341,0.0,0.20066889632107024,0.0,True
481,Sergio Carreira,es ESP,MF,Celta Vigo,es La Liga,24.0,2000.0,34,29,2694,29.9,2,1,3,2,0,0,2,0,0.1,,,,,,,,,,,,,,,,,,,,,,,,,481,es ESP,MF,es La Liga,24.0,2000.0,29.9,2,16,7,43.8,0.53,0.23,0.13,0.29,0,0,586,es ESP,MF,es La Liga,24.0,2000.0,34,2694,79,78.8,29.9,29,89.0,26,5,23.0,3,1.47,42,40,2,0.07,-0.31,481,es ESP,MF,es La Liga,24.0,2000.0,29.9,2,0,0,20,36,2,32,27,18,0,MF,False,False,True,False,True,False,2694,24.0,0.6020066889632107,0.9030100334448161,0.6688963210702341,1.2040133779264215,0.06688963210702341,0.0,1.0702341137123745,0.06688963210702341,True
976,Yann Gboho,fr FRA,"MF,FW",Toulouse,fr Ligue 1,24.0,2001.0,32,31,2691,29.9,8,3,11,8,0,0,1,1,0.37,,,,,,,,,,,,,,,,,,,,,,,,,976,fr FRA,"MF,FW",fr Ligue 1,24.0,2001.0,29.9,8,58,16,27.6,1.94,0.54,0.14,0.5,0,0,1208,fr FRA,"MF,FW",fr Ligue 1,24.0,2001.0,32,2691,84,87.9,29.9,31,85.0,22,1,45.0,0,1.31,41,37,4,0.13,0.87,976,fr FRA,"MF,FW",fr Ligue 1,24.0,2001.0,29.9,1,1,0,16,69,5,33,13,19,0,"MF,FW",False,False,True,True,False,True,2691,24.0,0.6354515050167224,0.4347826086956522,0.5351170568561873,2.307692307692308,0.033444816053511704,0.033444816053511704,1.1036789297658864,0.16722408026755853,True
595,Lassana Coulibaly,ml MLI,MF,Lecce,it Serie A,29.0,1996.0,33,31,2689,29.9,3,1,4,3,0,0,4,0,0.13,,,,,,,,,,,,,,,,,,,,,,,,,595,ml MLI,MF,it Serie A,29.0,1996.0,29.9,3,28,8,28.6,0.94,0.27,0.11,0.38,0,0,735,ml MLI,MF,it Serie A,29.0,1996.0,33,2689,81,78.6,29.9,31,86.0,21,2,18.0,1,1.12,23,34,-11,-0.37,0.99,595,ml MLI,MF,it Serie A,29.0,1996.0,29.9,4,0,0,34,52,1,18,9,28,0,MF,False,False,True,False,True,False,2689,29.0,0.9364548494983278,0.3010033444816054,1.1371237458193981,1.7391304347826089,0.13377926421404682,0.0,0.6020066889632107,0.033444816053511704,True
1588,Hugo Magnetti,fr FRA,MF,Brest,fr Ligue 1,27.0,1998.0,33,31,2688,29.9,1,1,2,1,0,0,4,1,0.07,,,,,,,,,,,,,,,,,,,,,,,,,1588,fr FRA,MF,fr Ligue 1,27.0,1998.0,29.9,1,22,5,22.7,0.74,0.17,0.05,0.2,0,0,1963,fr FRA,MF,fr Ligue 1,27.0,1998.0,33,2688,81,87.8,29.9,31,85.0,20,2,19.0,0,1.18,39,46,-7,-0.23,0.98,1588,fr FRA,MF,fr Ligue 1,27.0,1998.0,29.9,4,1,0,31,33,0,26,44,45,0,MF,False,False,True,False,True,False,2688,27.0,1.5050167224080269,1.4715719063545152,1.0367892976588629,1.1036789297658864,0.13377926421404682,0.033444816053511704,0.8695652173913044,0.0,True
42,Lucien Agoume,fr FRA,MF,Sevilla,es La Liga,23.0,2002.0,34,31,2686,29.8,1,3,4,1,0,0,12,0,0.13,,,,,,,,,,,,,,,,,,,,,,,,,42,fr FRA,MF,es La Liga,23.0,2002.0,29.8,1,15,2,13.3,0.5,0.07,0.07,0.5,0,0,47,fr FRA,MF,es La Liga,23.0,2002.0,34,2686,79,78.5,29.8,31,84.0,20,3,26.0,1,1.18,39,48,-9,-0.3,0.31,42,fr FRA,MF,es La Liga,23.0,2002.0,29.8,12,0,0,58,16,8,18,49,40,0,MF,False,False,True,False,True,False,2686,23.0,1.342281879194631,1.6442953020134228,1.9463087248322146,0.5369127516778524,0.40268456375838924,0.0,0.6040268456375839,0.2684563758389262,True
837,Sebastiano Esposito,it ITA,"FW,MF",Cagliari,it Serie A,23.0,2002.0,36,34,2675,29.7,7,5,12,6,1,1,6,0,0.37,,,,,,,,,,,,,,,,,,,,,,,,,837,it ITA,"FW,MF",it Serie A,23.0,2002.0,29.7,7,57,16,28.1,1.92,0.54,0.11,0.38,1,1,1027,it ITA,"FW,MF",it Serie A,23.0,2002.0,36,2675,74,78.2,29.7,34,77.0,7,2,34.0,1,1.17,30,37,-7,-0.24,0.49,837,it ITA,"FW,MF",it Serie A,23.0,2002.0,29.7,6,0,0,46,56,5,139,21,35,0,"FW,MF",False,False,True,True,False,True,2675,23.0,1.1784511784511784,0.7070707070707071,1.5488215488215489,1.8855218855218856,0.20202020202020202,0.0,4.68013468013468,0.16835016835016836,True
2766,Harry Wilson,wls WAL,MF,Fulham,eng Premier League,28.0,1997.0,36,32,2673,29.7,10,7,17,10,0,0,7,0,0.57,,,,,,,,,,,,,,,,,,,,,,,,,2766,wls WAL,MF,eng Premier League,28.0,1997.0,29.7,10,78,25,32.1,2.63,0.84,0.13,0.4,0,0,3451,wls WAL,MF,eng Premier League,28.0,1997.0,36,2673,74,78.2,29.7,32,81.0,8,4,23.0,0,1.44,40,38,2,0.07,0.79,2766,wls WAL,MF,eng Premier League,28.0,1997.0,29.7,7,0,0,13,37,13,115,16,19,0,MF,False,False,True,False,True,False,2673,28.0,0.6397306397306397,0.5387205387205387,0.4377104377104377,1.245791245791246,0.2356902356902357,0.0,3.872053872053872,0.4377104377104377,True
953,Aleix García,es ESP,MF,Leverkusen,de Bundesliga,28.0,1997.0,33,31,2667,29.6,3,8,11,3,0,0,6,0,0.37,,,,,,,,,,,,,,,,,,,,,,,,,953,es ESP,MF,de Bundesliga,28.0,1997.0,29.6,3,30,5,16.7,1.01,0.17,0.1,0.6,0,0,1179,es ESP,MF,de Bundesliga,28.0,1997.0,33,2667,81,87.2,29.6,31,83.0,19,2,43.0,0,1.7,59,39,20,0.67,0.45,953,es ESP,MF,de Bundesliga,28.0,1997.0,29.6,6,0,0,8,19,2,123,22,20,0,MF,False,False,True,False,True,False,2667,28.0,0.6756756756756757,0.7432432432432432,0.27027027027027023,0.6418918918918919,0.2027027027027027,0.0,4.155405405405405,0.06756756756756756,True
1659,Arnau Martinez,es ESP,"DF,MF",Girona,es La Liga,22.0,2003.0,35,33,2666,29.6,2,3,5,2,0,0,6,0,0.17,,,,,,,,,,,,,,,,,,,,,,,,,1659,es ESP,"DF,MF",es La Liga,22.0,2003.0,29.6,2,19,4,21.1,0.64,0.14,0.11,0.5,0,0,2050,es ESP,"DF,MF",es La Liga,22.0,2003.0,35,2666,76,78.0,29.6,33,80.0,18,2,14.0,2,1.14,34,35,-1,-0.03,1.76,1659,es ESP,"DF,MF",es La Liga,22.0,2003.0,29.6,6,0,0,24,30,3,50,37,39,0,"DF,MF",False,True,True,False,False,True,2666,22.0,1.3175675675675675,1.25,0.8108108108108107,1.0135135135135134,0.2027027027027027,0.0,1.689189189189189,0.10135135135135134,True
931,Joel Fujita,jp JPN,MF,St Pauli,de Bundesliga,23.0,2002.0,32,31,2665,29.6,1,3,4,1,0,0,6,0,0.14,,,,,,,,,,,,,,,,,,,,,,,,,931,jp JPN,MF,de Bundesliga,23.0,2002.0,29.6,1,32,7,21.9,1.08,0.24,0.03,0.14,0,0,1153,jp JPN,MF,de Bundesliga,23.0,2002.0,32,2665,83,87.1,29.6,31,85.0,23,1,22.0,0,0.69,25,53,-28,-0.95,-0.26,931,jp JPN,MF,de Bundesliga,23.0,2002.0,29.6,6,0,0,37,19,3,28,34,36,0,MF,False,False,True,False,True,False,2665,23.0,1.2162162162162162,1.1486486486486487,1.25,0.6418918918918919,0.2027027027027027,0.0,0.9459459459459459,0.10135135135135134,True
1263,João Pedro,br BRA,"FW,MF",Chelsea,eng Premier League,23.0,2001.0,35,31,2661,29.6,15,5,20,15,0,0,5,0,0.68,,,,,,,,,,,,,,,,,,,,,,,,,1263,br BRA,"FW,MF",eng Premier League,23.0,2001.0,29.6,15,73,28,38.4,2.47,0.95,0.21,0.54,0,0,1553,br BRA,"FW,MF",eng Premier League,23.0,2001.0,35,2661,76,77.8,29.6,31,82.0,14,4,31.0,0,1.4,48,36,12,0.41,1.12,1263,br BRA,"FW,MF",eng Premier League,23.0,2001.0,29.6,5,0,0,38,55,16,18,6,17,0,"FW,MF",False,False,True,True,False,True,2661,23.0,0.5743243243243243,0.2027027027027027,1.2837837837837838,1.8581081081081081,0.16891891891891891,0.0,0.6081081081081081,0.5405405405405405,True
2787,Yehor Yarmoliuk,ua UKR,MF,Brentford,eng Premier League,21.0,2004.0,37,30,2659,29.5,1,2,3,1,0,0,7,0,0.1,,,,,,,,,,,,,,,,,,,,,,,,,2787,ua UKR,MF,eng Premier League,21.0,2004.0,29.5,1,16,4,25.0,0.54,0.14,0.06,0.25,0,0,3476,ua UKR,MF,eng Premier League,21.0,2004.0,37,2659,72,77.7,29.5,30,83.0,15,7,26.0,0,1.41,42,42,0,0.0,-0.35,2787,ua UKR,MF,eng Premier League,21.0,2004.0,29.5,7,0,0,37,12,1,30,28,46,0,MF,False,False,True,False,True,False,2659,21.0,1.5593220338983051,0.9491525423728814,1.2542372881355932,0.4067796610169492,0.23728813559322035,0.0,1.0169491525423728,0.03389830508474576,True
1574,Alexis Mac Allister,ar ARG,MF,Liverpool,eng Premier League,26.0,1998.0,37,31,2658,29.5,2,4,6,2,0,0,7,0,0.2,,,,,,,,,,,,,,,,,,,,,,,,,1574,ar ARG,MF,eng Premier League,26.0,1998.0,29.5,2,52,12,23.1,1.76,0.41,0.04,0.17,0,0,1949,ar ARG,MF,eng Premier League,26.0,1998.0,37,2658,72,77.7,29.5,31,82.0,20,6,20.0,0,1.54,45,41,4,0.14,-0.57,1574,ar ARG,MF,eng Premier League,26.0,1998.0,29.5,7,0,0,35,32,0,20,18,27,0,MF,False,False,True,False,True,False,2658,26.0,0.9152542372881356,0.6101694915254238,1.1864406779661016,1.0847457627118644,0.23728813559322035,0.0,0.6779661016949152,0.0,True
387,Nathaniel Brown,de GER,"MF,DF",Eintracht Frankfurt,de Bundesliga,22.0,2003.0,33,29,2656,29.5,4,4,8,4,0,0,3,0,0.27,,,,,,,,,,,,,,,,,,,,,,,,,387,de GER,"MF,DF",de Bundesliga,22.0,2003.0,29.5,4,18,9,50.0,0.61,0.3,0.22,0.44,0,0,481,de GER,"MF,DF",de Bundesliga,22.0,2003.0,33,2656,80,86.8,29.5,29,86.0,23,4,41.0,0,1.33,52,55,-3,-0.1,0.12,387,de GER,"MF,DF",de Bundesliga,22.0,2003.0,29.5,3,0,0,27,33,1,45,25,57,0,"MF,DF",False,True,True,False,False,True,2656,22.0,1.9322033898305084,0.847457627118644,0.9152542372881356,1.11864406779661,0.1016949152542373,0.0,1.5254237288135593,0.03389830508474576,True
1845,Víctor Muñoz,es ESP,"MF,FW",Osasuna,es La Liga,22.0,2003.0,34,31,2656,29.5,6,2,8,6,0,0,3,0,0.27,,,,,,,,,,,,,,,,,,,,,,,,,1845,es ESP,"MF,FW",es La Liga,22.0,2003.0,29.5,6,81,31,38.3,2.74,1.05,0.07,0.19,0,0,2285,es ESP,"MF,FW",es La Liga,22.0,2003.0,34,2656,78,77.7,29.5,31,82.0,15,3,34.0,0,1.24,32,32,0,0.0,0.71,1845,es ESP,"MF,FW",es La Liga,22.0,2003.0,29.5,3,0,0,32,54,5,99,10,13,0,"MF,FW",False,False,True,True,False,True,2656,22.0,0.4406779661016949,0.3389830508474576,1.0847457627118644,1.8305084745762712,0.1016949152542373,0.0,3.3559322033898304,0.1694915254237288,True
442,Mahdi Camara,fr FRA,MF,Rennes,fr Ligue 1,27.0,1998.0,32,31,2653,29.5,3,1,4,3,0,0,5,1,0.14,,,,,,,,,,,,,,,,,,,,,,,,,442,fr FRA,MF,fr Ligue 1,27.0,1998.0,29.5,3,29,12,41.4,0.98,0.41,0.1,0.25,0,0,542,fr FRA,MF,fr Ligue 1,27.0,1998.0,32,2653,83,86.7,29.5,31,85.0,23,1,27.0,0,1.72,54,41,13,0.44,1.33,442,fr FRA,MF,fr Ligue 1,27.0,1998.0,29.5,5,1,0,39,28,4,28,27,33,0,MF,False,False,True,False,True,False,2653,27.0,1.11864406779661,0.9152542372881356,1.3220338983050848,0.9491525423728814,0.1694915254237288,0.03389830508474576,0.9491525423728814,0.13559322033898305,True
2033,Nico O’Reilly,eng ENG,"DF,MF",Manchester City,eng Premier League,20.0,2005.0,34,29,2646,29.4,5,3,8,5,0,0,5,0,0.27,,,,,,,,,,,,,,,,,,,,,,,,,2033,eng ENG,"DF,MF",eng Premier League,20.0,2005.0,29.4,5,41,15,36.6,1.39,0.51,0.12,0.33,0,0,2515,eng ENG,"DF,MF",eng Premier League,20.0,2005.0,34,2646,78,77.4,29.4,29,87.0,22,5,27.0,1,2.18,63,25,38,1.29,0.83,2033,eng ENG,"DF,MF",eng Premier League,20.0,2005.0,29.4,5,0,0,45,18,1,38,20,36,0,"DF,MF",False,True,True,False,False,True,2646,20.0,1.2244897959183674,0.6802721088435374,1.5306122448979593,0.6122448979591837,0.17006802721088435,0.0,1.2925170068027212,0.034013605442176874,True
2669,Emanuele Valeri,it ITA,"MF,DF",Parma,it Serie A,26.0,1998.0,34,29,2643,29.4,0,2,2,0,0,0,2,0,0.07,,,,,,,,,,,,,,,,,,,,,,,,,2669,it ITA,"MF,DF",it Serie A,26.0,1998.0,29.4,0,23,5,21.7,0.78,0.17,0.0,0.0,0,0,3330,it ITA,"MF,DF",it Serie A,26.0,1998.0,34,2643,78,77.3,29.4,29,86.0,23,5,29.0,0,1.26,21,32,-11,-0.37,0.44,2669,it ITA,"MF,DF",it Serie A,26.0,1998.0,29.4,2,0,0,23,26,3,234,20,32,0,"MF,DF",False,True,True,False,False,True,2643,26.0,1.08843537414966,0.6802721088435374,0.7823129251700681,0.8843537414965987,0.06802721088435375,0.0,7.959183673469388,0.10204081632653061,True
1068,Gabriel Gudmundsson,se SWE,"DF,MF",Leeds United,eng Premier League,26.0,1999.0,32,31,2631,29.2,0,0,0,0,0,0,6,1,0.0,,,,,,,,,,,,,,,,,,,,,,,,,1068,se SWE,"DF,MF",eng Premier League,26.0,1999.0,29.2,0,18,3,16.7,0.62,0.1,0.0,0.0,0,0,1324,se SWE,"DF,MF",eng Premier League,26.0,1999.0,32,2631,82,76.9,29.2,31,84.0,21,1,22.0,0,1.19,40,45,-5,-0.17,0.06,1068,se SWE,"DF,MF",eng Premier League,26.0,1999.0,29.2,6,1,1,31,56,3,88,28,47,1,"DF,MF",False,True,True,False,False,True,2631,26.0,1.6095890410958904,0.9589041095890412,1.0616438356164384,1.9178082191780823,0.20547945205479454,0.03424657534246575,3.0136986301369864,0.10273972602739727,True
1899,Pedro Neto,pt POR,"MF,FW",Chelsea,eng Premier League,25.0,2000.0,34,30,2631,29.2,5,6,11,5,0,0,4,1,0.38,,,,,,,,,,,,,,,,,,,,,,,,,1899,pt POR,"MF,FW",eng Premier League,25.0,2000.0,29.2,5,46,13,28.3,1.57,0.44,0.11,0.38,0,0,2352,pt POR,"MF,FW",eng Premier League,25.0,2000.0,34,2631,77,76.9,29.2,30,82.0,16,4,46.0,0,1.41,45,33,12,0.41,1.09,1899,pt POR,"MF,FW",eng Premier League,25.0,2000.0,29.2,4,1,1,17,25,6,184,6,11,0,"MF,FW",False,False,True,True,False,True,2631,25.0,0.3767123287671233,0.20547945205479454,0.5821917808219178,0.8561643835616438,0.136986301369863,0.03424657534246575,6.301369863013699,0.20547945205479454,True
2641,Viktor Tsyhankov,ua UKR,"MF,FW",Girona,es La Liga,27.0,1997.0,32,31,2630,29.2,6,5,11,6,0,0,3,0,0.38,,,,,,,,,,,,,,,,,,,,,,,,,2641,ua UKR,"MF,FW",es La Liga,27.0,1997.0,29.2,6,51,21,41.2,1.75,0.72,0.12,0.29,0,0,3299,ua UKR,"MF,FW",es La Liga,27.0,1997.0,32,2630,82,76.9,29.2,31,84.0,18,1,28.0,0,1.09,29,39,-10,-0.34,0.34,2641,ua UKR,"MF,FW",es La Liga,27.0,1997.0,29.2,3,0,0,22,35,5,120,21,22,0,"MF,FW",False,False,True,True,False,True,2630,27.0,0.7534246575342466,0.7191780821917808,0.7534246575342466,1.1986301369863015,0.10273972602739727,0.0,4.109589041095891,0.17123287671232876,True
2205,Rocco Reitz,de GER,MF,Gladbach,de Bundesliga,23.0,2002.0,31,31,2627,29.2,0,4,4,0,0,0,8,1,0.14,,,,,,,,,,,,,,,,,,,,,,,,,2205,de GER,MF,de Bundesliga,23.0,2002.0,29.2,0,47,14,29.8,1.61,0.48,0.0,0.0,0,0,2741,de GER,MF,de Bundesliga,23.0,2002.0,31,2627,85,85.8,29.2,31,85.0,19,0,,0,1.03,27,46,-19,-0.65,-2.31,2205,de GER,MF,de Bundesliga,23.0,2002.0,29.2,8,1,0,35,55,6,86,49,42,0,MF,False,False,True,False,True,False,2627,23.0,1.4383561643835616,1.678082191780822,1.1986301369863015,1.8835616438356164,0.273972602739726,0.03424657534246575,2.945205479452055,0.20547945205479454,True
682,Kiernan Dewsbury-Hall,eng ENG,MF,Everton,eng Premier League,26.0,1998.0,31,30,2626,29.2,8,4,12,8,0,0,6,0,0.41,,,,,,,,,,,,,,,,,,,,,,,,,682,eng ENG,MF,eng Premier League,26.0,1998.0,29.2,8,39,15,38.5,1.34,0.51,0.21,0.53,0,0,842,eng ENG,MF,eng Premier League,26.0,1998.0,31,2626,85,76.8,29.2,30,86.0,18,1,45.0,0,1.23,38,39,-1,-0.03,0.19,682,eng ENG,MF,eng Premier League,26.0,1998.0,29.2,6,0,0,32,48,2,112,14,26,0,MF,False,False,True,False,True,False,2626,26.0,0.8904109589041096,0.4794520547945206,1.095890410958904,1.6438356164383563,0.20547945205479454,0.0,3.8356164383561646,0.0684931506849315,True
2409,Ayumu Seko,jp JPN,"MF,DF",Le Havre,fr Ligue 1,25.0,2000.0,30,29,2625,29.2,0,0,0,0,0,0,6,0,0.0,,,,,,,,,,,,,,,,,,,,,,,,,2409,jp JPN,"MF,DF",fr Ligue 1,25.0,2000.0,29.2,0,17,6,35.3,0.58,0.21,0.0,0.0,0,0,2996,jp JPN,"MF,DF",fr Ligue 1,25.0,2000.0,30,2625,88,85.8,29.2,29,90.0,28,1,22.0,0,0.87,25,38,-13,-0.45,-0.65,2409,jp JPN,"MF,DF",fr Ligue 1,25.0,2000.0,29.2,6,0,0,28,20,1,5,35,24,1,"MF,DF",False,True,True,False,False,True,2625,25.0,0.8219178082191781,1.1986301369863015,0.9589041095890412,0.684931506849315,0.20547945205479454,0.0,0.17123287671232876,0.03424657534246575,True
660,Romain Del Castillo,fr FRA,"MF,FW",Brest,fr Ligue 1,29.0,1996.0,32,32,2625,29.2,9,3,12,3,6,8,2,1,0.21,,,,,,,,,,,,,,,,,,,,,,,,,660,fr FRA,"MF,FW",fr Ligue 1,29.0,1996.0,29.2,9,33,13,39.4,1.13,0.45,0.09,0.23,6,8,815,fr FRA,"MF,FW",fr Ligue 1,29.0,1996.0,32,2625,82,85.8,29.2,32,82.0,11,0,,0,1.19,41,44,-3,-0.1,1.76,660,fr FRA,"MF,FW",fr Ligue 1,29.0,1996.0,29.2,2,1,0,28,43,5,198,28,36,0,"MF,FW",False,False,True,True,False,True,2625,29.0,1.2328767123287672,0.9589041095890412,0.9589041095890412,1.4726027397260275,0.0684931506849315,0.03424657534246575,6.780821917808219,0.17123287671232876,True
1030,Urko González,es ESP,MF,Espanyol,es La Liga,24.0,2001.0,35,28,2623,29.1,0,1,1,0,0,0,7,0,0.03,,,,,,,,,,,,,,,,,,,,,,,,,1030,es ESP,MF,es La Liga,24.0,2001.0,29.1,0,18,1,5.6,0.62,0.03,0.0,0.0,0,0,1279,es ESP,MF,es La Liga,24.0,2001.0,35,2623,75,76.7,29.1,28,88.0,23,7,22.0,0,1.2,32,45,-13,-0.45,-0.56,1030,es ESP,MF,es La Liga,24.0,2001.0,29.1,7,0,0,42,42,1,12,29,33,0,MF,False,False,True,False,True,False,2623,24.0,1.134020618556701,0.9965635738831614,1.443298969072165,1.443298969072165,0.24054982817869414,0.0,0.41237113402061853,0.034364261168384876,True
2566,Aurélien Tchouaméni,fr FRA,MF,Real Madrid,es La Liga,25.0,2000.0,33,31,2615,29.1,1,0,1,1,0,0,8,0,0.03,,,,,,,,,,,,,,,,,,,,,,,,,2566,fr FRA,MF,es La Liga,25.0,2000.0,29.1,1,45,7,15.6,1.55,0.24,0.02,0.14,0,0,3208,fr FRA,MF,es La Liga,25.0,2000.0,33,2615,79,76.5,29.1,31,83.0,20,2,16.0,1,2.33,57,26,31,1.07,-0.16,2566,fr FRA,MF,es La Liga,25.0,2000.0,29.1,8,0,0,31,27,0,8,45,41,0,MF,False,False,True,False,True,False,2615,25.0,1.40893470790378,1.5463917525773194,1.0652920962199313,0.9278350515463917,0.274914089347079,0.0,0.274914089347079,0.0,True
628,Diogo Dalot,pt POR,"DF,MF",Manchester Utd,eng Premier League,26.0,1999.0,34,29,2614,29.0,1,3,4,1,0,0,5,0,0.14,,,,,,,,,,,,,,,,,,,,,,,,,628,pt POR,"DF,MF",eng Premier League,26.0,1999.0,29.0,1,24,6,25.0,0.83,0.21,0.04,0.17,0,0,777,pt POR,"DF,MF",eng Premier League,26.0,1999.0,34,2614,77,76.4,29.0,29,86.0,22,5,27.0,1,1.88,58,40,18,0.62,0.51,628,pt POR,"DF,MF",eng Premier League,26.0,1999.0,29.0,5,0,0,25,14,4,57,26,30,0,"DF,MF",False,True,True,False,False,True,2614,26.0,1.0344827586206897,0.896551724137931,0.8620689655172413,0.4827586206896552,0.1724137931034483,0.0,1.9655172413793103,0.13793103448275862,True
1706,Bryan Mbeumo,cm CMR,"MF,FW",Manchester Utd,eng Premier League,25.0,1999.0,33,31,2609,29.0,11,3,14,11,0,0,4,0,0.48,,,,,,,,,,,,,,,,,,,,,,,,,1706,cm CMR,"MF,FW",eng Premier League,25.0,1999.0,29.0,11,73,32,43.8,2.52,1.1,0.15,0.34,0,0,2104,cm CMR,"MF,FW",eng Premier League,25.0,1999.0,33,2609,79,76.3,29.0,31,83.0,13,2,19.0,0,1.97,57,36,21,0.72,0.95,1706,cm CMR,"MF,FW",eng Premier League,25.0,1999.0,29.0,4,0,0,23,28,7,105,7,11,0,"MF,FW",False,False,True,True,False,True,2609,25.0,0.3793103448275862,0.2413793103448276,0.7931034482758621,0.9655172413793104,0.13793103448275862,0.0,3.6206896551724137,0.2413793103448276,True
2378,Joe Scally,us USA,"DF,MF",Gladbach,de Bundesliga,22.0,2002.0,32,29,2608,29.0,2,3,5,2,0,0,8,0,0.17,,,,,,,,,,,,,,,,,,,,,,,,,2378,us USA,"DF,MF",de Bundesliga,22.0,2002.0,29.0,2,16,10,62.5,0.55,0.35,0.13,0.2,0,0,2961,us USA,"DF,MF",de Bundesliga,22.0,2002.0,32,2608,82,85.2,29.0,29,88.0,23,3,18.0,1,1.19,38,40,-2,-0.07,1.72,2378,us USA,"DF,MF",de Bundesliga,22.0,2002.0,29.0,8,0,0,33,51,3,47,18,27,1,"DF,MF",False,True,True,False,False,True,2608,22.0,0.9310344827586207,0.6206896551724138,1.1379310344827587,1.7586206896551724,0.27586206896551724,0.0,1.6206896551724137,0.10344827586206896,True
1402,Arsène Kouassi,bf BFA,MF,Lorient,fr Ligue 1,20.0,2004.0,31,30,2605,28.9,2,6,8,2,0,0,4,0,0.28,,,,,,,,,,,,,,,,,,,,,,,,,1402,bf BFA,MF,fr Ligue 1,20.0,2004.0,28.9,2,9,5,55.6,0.31,0.17,0.22,0.4,0,0,1727,bf BFA,MF,fr Ligue 1,20.0,2004.0,31,2605,84,85.1,28.9,30,84.0,21,1,77.0,0,1.29,39,41,-2,-0.07,0.13,1402,bf BFA,MF,fr Ligue 1,20.0,2004.0,28.9,4,0,0,15,53,10,119,24,18,0,MF,False,False,True,False,True,False,2605,20.0,0.6228373702422145,0.8304498269896194,0.5190311418685122,1.8339100346020762,0.1384083044982699,0.0,4.11764705882353,0.34602076124567477,True
124,Samuele Angori,it ITA,MF,Pisa,it Serie A,21.0,2003.0,35,30,2599,28.9,0,2,2,0,0,0,2,0,0.07,,,,,,,,,,,,,,,,,,,,,,,,,124,it ITA,MF,it Serie A,21.0,2003.0,28.9,0,14,3,21.4,0.48,0.1,0.0,0.0,0,0,155,it ITA,MF,it Serie A,21.0,2003.0,35,2599,74,76.0,28.9,30,81.0,19,5,35.0,3,0.37,19,52,-33,-1.14,0.17,124,it ITA,MF,it Serie A,21.0,2003.0,28.9,2,0,0,17,54,3,165,23,25,0,MF,False,False,True,False,True,False,2599,21.0,0.8650519031141869,0.795847750865052,0.5882352941176471,1.8685121107266436,0.06920415224913495,0.0,5.709342560553633,0.10380622837370243,True
2121,Santiago Pierotti,ar ARG,"MF,FW",Lecce,it Serie A,24.0,2001.0,37,31,2597,28.9,1,2,3,1,0,0,4,0,0.1,,,,,,,,,,,,,,,,,,,,,,,,,2121,ar ARG,"MF,FW",it Serie A,24.0,2001.0,28.9,1,33,8,24.2,1.14,0.28,0.03,0.13,0,0,2627,ar ARG,"MF,FW",it Serie A,24.0,2001.0,37,2597,70,75.9,28.9,31,78.0,6,6,31.0,0,1.0,22,34,-12,-0.42,0.68,2121,ar ARG,"MF,FW",it Serie A,24.0,2001.0,28.9,4,0,0,67,23,7,21,21,51,0,"MF,FW",False,False,True,True,False,True,2597,24.0,1.7647058823529413,0.726643598615917,2.3183391003460208,0.795847750865052,0.1384083044982699,0.0,0.726643598615917,0.24221453287197234,True
492,Cristian Cásseres Jr.,ve VEN,MF,Toulouse,fr Ligue 1,25.0,2000.0,31,29,2585,28.7,2,3,5,2,0,1,6,0,0.17,,,,,,,,,,,,,,,,,,,,,,,,,492,ve VEN,MF,fr Ligue 1,25.0,2000.0,28.7,2,26,6,23.1,0.91,0.21,0.08,0.33,0,1,601,ve VEN,MF,fr Ligue 1,25.0,2000.0,31,2585,83,84.5,28.7,29,87.0,23,2,32.0,0,1.23,35,38,-3,-0.1,-0.86,492,ve VEN,MF,fr Ligue 1,25.0,2000.0,28.7,6,0,0,40,43,1,99,37,43,0,MF,False,False,True,False,True,False,2585,25.0,1.4982578397212545,1.289198606271777,1.3937282229965158,1.4982578397212545,0.20905923344947736,0.0,3.4494773519163764,0.03484320557491289,True
2110,Giuseppe Pezzella,it ITA,"MF,DF",Cremonese,it Serie A,27.0,1997.0,31,30,2585,28.7,0,1,1,0,0,0,8,1,0.03,,,,,,,,,,,,,,,,,,,,,,,,,2110,it ITA,"MF,DF",it Serie A,27.0,1997.0,28.7,0,6,0,0.0,0.21,0.0,0.0,,0,0,2613,it ITA,"MF,DF",it Serie A,27.0,1997.0,31,2585,83,75.6,28.7,30,85.0,23,1,34.0,0,0.84,25,47,-22,-0.77,-0.44,2110,it ITA,"MF,DF",it Serie A,27.0,1997.0,28.7,8,1,0,49,32,8,128,11,32,0,"MF,DF",False,True,True,False,False,True,2585,27.0,1.1149825783972125,0.3832752613240418,1.7073170731707317,1.1149825783972125,0.2787456445993031,0.03484320557491289,4.45993031358885,0.2787456445993031,True
12,Matthis Abline,fr FRA,"FW,MF",Nantes,fr Ligue 1,22.0,2003.0,33,28,2584,28.7,6,4,10,6,0,1,6,0,0.35,,,,,,,,,,,,,,,,,,,,,,,,,12,fr FRA,"FW,MF",fr Ligue 1,22.0,2003.0,28.7,6,84,22,26.2,2.93,0.77,0.07,0.27,0,1,14,fr FRA,"FW,MF",fr Ligue 1,22.0,2003.0,33,2584,78,84.4,28.7,28,88.0,20,5,26.0,0,0.61,25,49,-24,-0.84,-1.02,12,fr FRA,"FW,MF",fr Ligue 1,22.0,2003.0,28.7,6,0,0,32,42,5,62,9,13,0,"FW,MF",False,False,True,True,False,True,2584,22.0,0.4529616724738676,0.31358885017421606,1.1149825783972125,1.4634146341463414,0.20905923344947736,0.0,2.1602787456445993,0.17421602787456447,True
2160,Arkadiusz Pyrka,pl POL,MF,St Pauli,de Bundesliga,22.0,2002.0,31,30,2576,28.6,0,1,1,0,0,0,3,0,0.03,,,,,,,,,,,,,,,,,,,,,,,,,2160,pl POL,MF,de Bundesliga,22.0,2002.0,28.6,0,19,3,15.8,0.66,0.1,0.0,0.0,0,0,2685,pl POL,MF,de Bundesliga,22.0,2002.0,31,2576,83,84.2,28.6,30,86.0,23,1,9.0,2,0.84,24,50,-26,-0.91,0.02,2160,pl POL,MF,de Bundesliga,22.0,2002.0,28.6,3,0,0,17,32,0,47,23,24,0,MF,False,False,True,False,True,False,2576,22.0,0.8391608391608392,0.8041958041958042,0.5944055944055944,1.1188811188811187,0.1048951048951049,0.0,1.6433566433566433,0.0,True
1884,Rassoul Ndiaye,sn SEN,MF,Le Havre,fr Ligue 1,23.0,2001.0,33,30,2566,28.5,4,4,8,4,0,0,2,0,0.28,,,,,,,,,,,,,,,,,,,,,,,,,1884,sn SEN,MF,fr Ligue 1,23.0,2001.0,28.5,4,34,9,26.5,1.19,0.32,0.12,0.44,0,0,2333,sn SEN,MF,fr Ligue 1,23.0,2001.0,33,2566,78,83.9,28.5,30,83.0,15,3,26.0,0,1.03,25,32,-7,-0.25,0.67,1884,sn SEN,MF,fr Ligue 1,23.0,2001.0,28.5,2,0,0,22,37,5,92,17,32,0,MF,False,False,True,False,True,False,2566,23.0,1.1228070175438596,0.5964912280701754,0.7719298245614035,1.2982456140350878,0.07017543859649122,0.0,3.2280701754385963,0.17543859649122806,True
479,Carmona,es ESP,"DF,MF",Sevilla,es La Liga,23.0,2002.0,35,29,2565,28.5,1,3,4,1,0,0,13,0,0.14,,,,,,,,,,,,,,,,,,,,,,,,,479,es ESP,"DF,MF",es La Liga,23.0,2002.0,28.5,1,20,3,15.0,0.7,0.11,0.05,0.33,0,0,584,es ESP,"DF,MF",es La Liga,23.0,2002.0,35,2565,73,75.0,28.5,29,82.0,21,6,33.0,1,1.11,32,47,-15,-0.53,-0.63,479,es ESP,"DF,MF",es La Liga,23.0,2002.0,28.5,13,0,0,49,44,3,48,45,40,0,"DF,MF",False,True,True,False,False,True,2565,23.0,1.4035087719298245,1.5789473684210527,1.719298245614035,1.543859649122807,0.45614035087719296,0.0,1.6842105263157894,0.10526315789473684,True
1651,Eric Martel,de GER,"MF,DF",Köln,de Bundesliga,23.0,2002.0,31,30,2559,28.4,2,2,4,2,0,0,12,1,0.14,,,,,,,,,,,,,,,,,,,,,,,,,1651,de GER,"MF,DF",de Bundesliga,23.0,2002.0,28.4,2,23,4,17.4,0.81,0.14,0.09,0.5,0,0,2039,de GER,"MF,DF",de Bundesliga,23.0,2002.0,31,2559,83,83.6,28.4,30,85.0,22,1,14.0,0,1.0,41,50,-9,-0.32,0.58,1651,de GER,"MF,DF",de Bundesliga,23.0,2002.0,28.4,12,1,1,42,51,0,11,35,32,0,"MF,DF",False,True,True,False,False,True,2559,23.0,1.1267605633802817,1.2323943661971832,1.4788732394366197,1.795774647887324,0.4225352112676057,0.035211267605633804,0.38732394366197187,0.0,True
170,Arthur Atta,fr FRA,MF,Udinese,it Serie A,22.0,2003.0,32,29,2557,28.4,5,3,8,5,0,0,3,0,0.28,,,,,,,,,,,,,,,,,,,,,,,,,170,fr FRA,MF,it Serie A,22.0,2003.0,28.4,5,57,20,35.1,2.01,0.7,0.09,0.25,0,0,209,fr FRA,MF,it Serie A,22.0,2003.0,32,2557,80,74.8,28.4,29,85.0,19,3,31.0,0,1.34,31,36,-5,-0.18,-0.38,170,fr FRA,MF,it Serie A,22.0,2003.0,28.4,3,0,0,23,32,8,56,23,17,0,MF,False,False,True,False,True,False,2557,22.0,0.5985915492957746,0.8098591549295775,0.8098591549295775,1.1267605633802817,0.10563380281690142,0.0,1.971830985915493,0.28169014084507044,True
857,Nicolò Fagioli,it ITA,MF,Fiorentina,it Serie A,24.0,2001.0,33,30,2554,28.4,2,3,5,2,0,0,5,0,0.18,,,,,,,,,,,,,,,,,,,,,,,,,857,it ITA,MF,it Serie A,24.0,2001.0,28.4,2,33,7,21.2,1.16,0.25,0.06,0.29,0,0,1051,it ITA,MF,it Serie A,24.0,2001.0,33,2554,77,74.7,28.4,30,82.0,14,3,34.0,4,1.09,31,42,-11,-0.39,-0.6,857,it ITA,MF,it Serie A,24.0,2001.0,28.4,5,0,0,23,45,0,84,18,31,0,MF,False,False,True,False,True,False,2554,24.0,1.091549295774648,0.6338028169014085,0.8098591549295775,1.5845070422535212,0.17605633802816903,0.0,2.9577464788732395,0.0,True
2756,Adam Wharton,eng ENG,MF,Crystal Palace,eng Premier League,21.0,2004.0,34,29,2552,28.4,1,5,6,1,0,0,6,1,0.21,,,,,,,,,,,,,,,,,,,,,,,,,2756,eng ENG,MF,eng Premier League,21.0,2004.0,28.4,1,32,6,18.8,1.13,0.21,0.03,0.17,0,0,3438,eng ENG,MF,eng Premier League,21.0,2004.0,34,2552,75,74.6,28.4,29,83.0,15,5,30.0,0,1.15,33,43,-10,-0.35,-0.35,2756,eng ENG,MF,eng Premier League,21.0,2004.0,28.4,6,1,1,35,31,0,86,27,36,0,MF,False,False,True,False,True,False,2552,21.0,1.267605633802817,0.9507042253521127,1.2323943661971832,1.091549295774648,0.21126760563380284,0.035211267605633804,3.028169014084507,0.0,True
2275,Valentin Rosier,fr FRA,"DF,MF",Osasuna,es La Liga,28.0,1996.0,31,30,2547,28.3,1,1,2,1,0,0,6,1,0.07,,,,,,,,,,,,,,,,,,,,,,,,,2275,fr FRA,"DF,MF",es La Liga,28.0,1996.0,28.3,1,19,3,15.8,0.67,0.11,0.05,0.33,0,0,2824,fr FRA,"DF,MF",es La Liga,28.0,1996.0,31,2547,82,74.5,28.3,30,84.0,22,1,22.0,1,1.16,29,37,-8,-0.28,-0.49,2275,fr FRA,"DF,MF",es La Liga,28.0,1996.0,28.3,6,1,1,33,20,3,46,43,32,0,"DF,MF",False,True,True,False,False,True,2547,28.0,1.1307420494699647,1.519434628975265,1.1660777385159011,0.7067137809187279,0.21201413427561838,0.0353356890459364,1.6254416961130742,0.10600706713780919,True
2603,Sandro Tonali,it ITA,MF,Newcastle United,eng Premier League,25.0,2000.0,35,31,2534,28.2,0,2,2,0,0,0,4,0,0.07,,,,,,,,,,,,,,,,,,,,,,,,,2603,it ITA,MF,eng Premier League,25.0,2000.0,28.2,0,37,8,21.6,1.31,0.28,0.0,0.0,0,0,3252,it ITA,MF,eng Premier League,25.0,2000.0,35,2534,72,74.1,28.2,31,80.0,16,4,12.0,0,1.31,32,37,-5,-0.18,-0.48,2603,it ITA,MF,eng Premier League,25.0,2000.0,28.2,4,0,0,24,42,1,95,28,25,0,MF,False,False,True,False,True,False,2534,25.0,0.8865248226950355,0.9929078014184397,0.851063829787234,1.4893617021276595,0.14184397163120568,0.0,3.368794326241135,0.03546099290780142,True
1737,Quentin Merlin,fr FRA,"DF,MF",Rennes,fr Ligue 1,23.0,2002.0,33,27,2533,28.1,1,5,6,1,0,0,2,0,0.21,,,,,,,,,,,,,,,,,,,,,,,,,1737,fr FRA,"DF,MF",fr Ligue 1,23.0,2002.0,28.1,1,26,7,26.9,0.92,0.25,0.04,0.14,0,0,2147,fr FRA,"DF,MF",fr Ligue 1,23.0,2002.0,33,2533,77,82.8,28.1,27,87.0,23,6,32.0,1,1.76,45,43,2,0.07,-1.12,1737,fr FRA,"DF,MF",fr Ligue 1,23.0,2002.0,28.1,2,0,0,22,30,5,156,29,38,0,"DF,MF",False,True,True,False,False,True,2533,23.0,1.3523131672597863,1.0320284697508897,0.7829181494661921,1.0676156583629892,0.07117437722419928,0.0,5.551601423487544,0.1779359430604982,True
1655,Iván Martín,es ESP,MF,Girona,es La Liga,26.0,1999.0,35,29,2532,28.1,0,1,1,0,0,0,5,1,0.04,,,,,,,,,,,,,,,,,,,,,,,,,1655,es ESP,MF,es La Liga,26.0,1999.0,28.1,0,13,5,38.5,0.46,0.18,0.0,0.0,0,0,2044,es ESP,MF,es La Liga,26.0,1999.0,35,2532,72,74.0,28.1,29,83.0,15,6,22.0,2,1.17,29,36,-7,-0.25,0.66,1655,es ESP,MF,es La Liga,26.0,1999.0,28.1,5,1,1,30,31,3,15,17,39,0,MF,False,False,True,False,True,False,2532,26.0,1.387900355871886,0.6049822064056939,1.0676156583629892,1.103202846975089,0.1779359430604982,0.03558718861209964,0.5338078291814946,0.10676156583629892,True
849,Edu Expósito,es ESP,MF,Espanyol,es La Liga,28.0,1996.0,36,32,2523,28.0,1,6,7,1,0,0,9,0,0.25,,,,,,,,,,,,,,,,,,,,,,,,,849,es ESP,MF,es La Liga,28.0,1996.0,28.0,1,44,13,29.5,1.57,0.46,0.02,0.08,0,0,1041,es ESP,MF,es La Liga,28.0,1996.0,36,2523,70,73.8,28.0,32,76.0,9,4,26.0,1,1.17,32,36,-4,-0.14,0.66,849,es ESP,MF,es La Liga,28.0,1996.0,28.0,9,0,0,28,42,2,254,24,29,0,MF,False,False,True,False,True,False,2523,28.0,1.0357142857142858,0.8571428571428571,1.0,1.5,0.32142857142857145,0.0,9.071428571428571,0.07142857142857142,True
1057,Álex Grimaldo,es ESP,MF,Leverkusen,de Bundesliga,29.0,1995.0,29,29,2521,28.0,8,7,15,5,3,3,5,0,0.43,,,,,,,,,,,,,,,,,,,,,,,,,1057,es ESP,MF,de Bundesliga,29.0,1995.0,28.0,8,61,21,34.4,2.18,0.75,0.08,0.24,3,3,1312,es ESP,MF,de Bundesliga,29.0,1995.0,29,2521,87,82.4,28.0,29,87.0,25,0,,1,1.79,60,40,20,0.71,0.55,1057,es ESP,MF,de Bundesliga,29.0,1995.0,28.0,5,0,0,11,29,8,174,18,25,0,MF,False,False,True,False,True,False,2521,29.0,0.8928571428571429,0.6428571428571429,0.39285714285714285,1.0357142857142858,0.17857142857142858,0.0,6.214285714285714,0.2857142857142857,True
1515,Danny Loader,cm CMR,"MF,FW",Auxerre,fr Ligue 1,24.0,2000.0,30,29,2517,28.0,3,3,6,3,0,0,9,0,0.21,,,,,,,,,,,,,,,,,,,,,,,,,1515,cm CMR,"MF,FW",fr Ligue 1,24.0,2000.0,28.0,3,62,17,27.4,2.22,0.61,0.05,0.18,0,0,1876,cm CMR,"MF,FW",fr Ligue 1,24.0,2000.0,30,2517,84,82.3,28.0,29,86.0,17,1,29.0,0,0.93,27,36,-9,-0.32,-0.16,1515,cm CMR,"MF,FW",fr Ligue 1,24.0,2000.0,28.0,9,0,0,64,47,4,32,9,25,0,"MF,FW",False,False,True,True,False,True,2517,24.0,0.8928571428571429,0.32142857142857145,2.2857142857142856,1.6785714285714286,0.32142857142857145,0.0,1.1428571428571428,0.14285714285714285,True
226,Nicolò Barella,it ITA,MF,Inter,it Serie A,28.0,1997.0,34,31,2517,28.0,3,8,11,3,0,0,7,0,0.39,,,,,,,,,,,,,,,,,,,,,,,,,226,it ITA,MF,it Serie A,28.0,1997.0,28.0,3,35,5,14.3,1.25,0.18,0.09,0.6,0,0,281,it ITA,MF,it Serie A,28.0,1997.0,34,2517,74,73.6,28.0,31,78.0,11,3,29.0,1,2.26,61,25,36,1.29,-0.51,226,it ITA,MF,it Serie A,28.0,1997.0,28.0,7,0,0,33,22,4,102,9,31,0,MF,False,False,True,False,True,False,2517,28.0,1.1071428571428572,0.32142857142857145,1.1785714285714286,0.7857142857142857,0.25,0.0,3.642857142857143,0.14285714285714285,True
1816,Tyler Morton,eng ENG,MF,Lyon,fr Ligue 1,22.0,2002.0,29,29,2517,28.0,2,2,4,2,0,0,6,1,0.14,,,,,,,,,,,,,,,,,,,,,,,,,1816,eng ENG,MF,fr Ligue 1,22.0,2002.0,28.0,2,28,8,28.6,1.0,0.29,0.07,0.25,0,0,2249,eng ENG,MF,fr Ligue 1,22.0,2002.0,29,2517,87,82.3,28.0,29,87.0,22,0,,0,1.83,47,30,17,0.61,1.27,1816,eng ENG,MF,fr Ligue 1,22.0,2002.0,28.0,6,1,0,29,19,0,83,24,29,0,MF,False,False,True,False,True,False,2517,22.0,1.0357142857142858,0.8571428571428571,1.0357142857142858,0.6785714285714286,0.21428571428571427,0.03571428571428571,2.9642857142857144,0.0,True
45,Marc Aguado,es ESP,MF,Elche,es La Liga,25.0,2000.0,35,30,2500,27.8,1,2,3,1,0,0,3,0,0.11,,,,,,,,,,,,,,,,,,,,,,,,,45,es ESP,MF,es La Liga,25.0,2000.0,27.8,1,3,2,66.7,0.11,0.07,0.33,0.5,0,0,51,es ESP,MF,es La Liga,25.0,2000.0,35,2500,71,73.1,27.8,30,80.0,9,5,21.0,0,1.03,32,38,-6,-0.22,-0.02,45,es ESP,MF,es La Liga,25.0,2000.0,27.8,3,0,0,25,23,0,2,42,26,0,MF,False,False,True,False,True,False,2500,25.0,0.935251798561151,1.5107913669064748,0.8992805755395683,0.8273381294964028,0.1079136690647482,0.0,0.07194244604316546,0.0,True
2403,Sebastian Sebulonsen,no NOR,"DF,MF",Köln,de Bundesliga,25.0,2000.0,31,28,2498,27.8,0,0,0,0,0,0,5,0,0.0,,,,,,,,,,,,,,,,,,,,,,,,,2403,no NOR,"DF,MF",de Bundesliga,25.0,2000.0,27.8,0,31,5,16.1,1.12,0.18,0.0,0.0,0,0,2989,no NOR,"DF,MF",de Bundesliga,25.0,2000.0,31,2498,81,81.6,27.8,28,85.0,20,3,36.0,0,1.0,35,52,-17,-0.61,-1.09,2403,no NOR,"DF,MF",de Bundesliga,25.0,2000.0,27.8,5,0,0,11,9,4,67,17,26,0,"DF,MF",False,True,True,False,False,True,2498,25.0,0.935251798561151,0.6115107913669064,0.39568345323741005,0.3237410071942446,0.17985611510791366,0.0,2.4100719424460433,0.14388489208633093,True
1811,Ilaix Moriba,gn GUI,MF,Celta Vigo,es La Liga,22.0,2003.0,36,26,2495,27.7,2,3,5,2,0,0,8,0,0.18,,,,,,,,,,,,,,,,,,,,,,,,,1811,gn GUI,MF,es La Liga,22.0,2003.0,27.7,2,18,5,27.8,0.65,0.18,0.11,0.4,0,0,2243,gn GUI,MF,es La Liga,22.0,2003.0,36,2495,69,73.0,27.7,26,86.0,22,10,25.0,0,1.5,40,30,10,0.36,0.85,1811,gn GUI,MF,es La Liga,22.0,2003.0,27.7,8,0,0,40,58,0,2,24,42,0,MF,False,False,True,False,True,False,2495,22.0,1.516245487364621,0.8664259927797834,1.444043321299639,2.0938628158844765,0.2888086642599278,0.0,0.07220216606498195,0.0,True
619,Matheus Cunha,br BRA,"MF,FW",Manchester Utd,eng Premier League,26.0,1999.0,33,29,2494,27.7,10,2,12,10,0,0,4,0,0.43,,,,,,,,,,,,,,,,,,,,,,,,,619,br BRA,"MF,FW",eng Premier League,26.0,1999.0,27.7,10,90,35,38.9,3.25,1.26,0.11,0.29,0,0,765,br BRA,"MF,FW",eng Premier League,26.0,1999.0,33,2494,76,72.9,27.7,29,83.0,16,4,24.0,1,1.88,48,35,13,0.47,-0.11,619,br BRA,"MF,FW",eng Premier League,26.0,1999.0,27.7,4,0,0,28,54,2,49,21,23,0,"MF,FW",False,False,True,True,False,True,2494,26.0,0.8303249097472925,0.7581227436823105,1.0108303249097472,1.9494584837545126,0.1444043321299639,0.0,1.7689530685920578,0.07220216606498195,True
2578,Jordan Teze,nl NED,"MF,DF",Monaco,fr Ligue 1,25.0,1999.0,33,28,2489,27.7,1,2,3,1,0,0,8,0,0.11,,,,,,,,,,,,,,,,,,,,,,,,,2578,nl NED,"MF,DF",fr Ligue 1,25.0,1999.0,27.7,1,14,5,35.7,0.51,0.18,0.07,0.2,0,0,3222,nl NED,"MF,DF",fr Ligue 1,25.0,1999.0,33,2489,75,81.3,27.7,28,83.0,18,5,35.0,1,1.55,52,44,8,0.29,0.6,2578,nl NED,"MF,DF",fr Ligue 1,25.0,1999.0,27.7,8,0,0,32,25,3,64,30,45,0,"MF,DF",False,True,True,False,False,True,2489,25.0,1.6245487364620939,1.0830324909747293,1.1552346570397112,0.9025270758122744,0.2888086642599278,0.0,2.3104693140794224,0.10830324909747292,True
830,Yannik Engelhardt,de GER,MF,Gladbach,de Bundesliga,24.0,2001.0,31,29,2487,27.6,2,2,4,2,0,0,7,0,0.14,,,,,,,,,,,,,,,,,,,,,,,,,830,de GER,MF,de Bundesliga,24.0,2001.0,27.6,2,21,5,23.8,0.76,0.18,0.1,0.4,0,0,1017,de GER,MF,de Bundesliga,24.0,2001.0,31,2487,80,81.3,27.6,29,85.0,22,2,18.0,0,1.19,38,39,-1,-0.04,1.53,830,de GER,MF,de Bundesliga,24.0,2001.0,27.6,7,0,0,41,34,0,6,36,23,0,MF,False,False,True,False,True,False,2487,24.0,0.8333333333333333,1.3043478260869565,1.4855072463768115,1.2318840579710144,0.25362318840579706,0.0,0.21739130434782608,0.0,True
975,Jean-Philippe Gbamin,ci CIV,"DF,MF",Metz,fr Ligue 1,29.0,1995.0,31,30,2485,27.6,1,1,2,1,0,0,2,1,0.07,,,,,,,,,,,,,,,,,,,,,,,,,975,ci CIV,"DF,MF",fr Ligue 1,29.0,1995.0,27.6,1,14,7,50.0,0.51,0.25,0.07,0.14,0,0,1207,ci CIV,"DF,MF",fr Ligue 1,29.0,1995.0,31,2485,80,81.2,27.6,30,82.0,25,1,26.0,0,0.48,27,63,-36,-1.3,-0.05,975,ci CIV,"DF,MF",fr Ligue 1,29.0,1995.0,27.6,2,1,0,25,8,0,5,27,27,0,"DF,MF",False,True,True,False,False,True,2485,29.0,0.9782608695652173,0.9782608695652173,0.9057971014492753,0.2898550724637681,0.07246376811594203,0.036231884057971016,0.18115942028985507,0.0,True
1596,Ainsley Maitland-Niles,eng ENG,"DF,MF",Lyon,fr Ligue 1,27.0,1997.0,30,28,2483,27.6,1,4,5,1,0,1,7,1,0.18,,,,,,,,,,,,,,,,,,,,,,,,,1596,eng ENG,"DF,MF",fr Ligue 1,27.0,1997.0,27.6,1,14,7,50.0,0.51,0.25,0.07,0.14,0,1,1971,eng ENG,"DF,MF",fr Ligue 1,27.0,1997.0,30,2483,83,81.1,27.6,28,85.0,22,2,48.0,0,1.83,48,35,13,0.47,0.47,1596,eng ENG,"DF,MF",fr Ligue 1,27.0,1997.0,27.6,7,1,1,37,12,1,44,33,36,0,"DF,MF",False,True,True,False,False,True,2483,27.0,1.3043478260869565,1.1956521739130435,1.3405797101449275,0.43478260869565216,0.25362318840579706,0.036231884057971016,1.5942028985507246,0.036231884057971016,True
1790,Alberto Moleiro,es ESP,MF,Villarreal,es La Liga,21.0,2003.0,37,30,2478,27.5,10,5,15,10,0,0,4,0,0.54,,,,,,,,,,,,,,,,,,,,,,,,,1790,es ESP,MF,es La Liga,21.0,2003.0,27.5,10,46,20,43.5,1.67,0.73,0.22,0.5,0,0,2213,es ESP,MF,es La Liga,21.0,2003.0,37,2478,67,72.5,27.5,30,77.0,9,7,23.0,1,1.95,54,31,23,0.84,0.55,1790,es ESP,MF,es La Liga,21.0,2003.0,27.5,4,0,0,33,27,3,31,14,21,0,MF,False,False,True,False,True,False,2478,21.0,0.7636363636363637,0.509090909090909,1.2,0.9818181818181818,0.14545454545454545,0.0,1.1272727272727272,0.10909090909090909,True
724,Yan Diomandé,ci CIV,"FW,MF",RB Leipzig,de Bundesliga,18.0,2006.0,33,28,2472,27.5,12,8,20,12,0,0,2,0,0.73,,,,,,,,,,,,,,,,,,,,,,,,,724,ci CIV,"FW,MF",de Bundesliga,18.0,2006.0,27.5,12,53,26,49.1,1.93,0.95,0.23,0.46,0,0,889,ci CIV,"FW,MF",de Bundesliga,18.0,2006.0,33,2472,75,80.8,27.5,28,84.0,11,5,27.0,0,1.97,55,35,20,0.73,0.88,724,ci CIV,"FW,MF",de Bundesliga,18.0,2006.0,27.5,2,0,0,19,34,7,45,16,19,0,"FW,MF",False,False,True,True,False,True,2472,18.0,0.6909090909090909,0.5818181818181818,0.6909090909090909,1.2363636363636363,0.07272727272727272,0.0,1.6363636363636365,0.2545454545454545,True
299,Adrian Bernabe,es ESP,MF,Parma,it Serie A,24.0,2001.0,32,31,2470,27.4,3,1,4,3,0,0,0,0,0.15,,,,,,,,,,,,,,,,,,,,,,,,,299,es ESP,MF,it Serie A,24.0,2001.0,27.4,3,50,12,24.0,1.82,0.44,0.06,0.25,0,0,370,es ESP,MF,it Serie A,24.0,2001.0,32,2470,77,72.2,27.4,31,79.0,6,1,32.0,0,1.28,20,33,-13,-0.47,0.0,299,es ESP,MF,it Serie A,24.0,2001.0,27.4,0,0,0,15,61,1,81,17,23,0,MF,False,False,True,False,True,False,2470,24.0,0.8394160583941607,0.6204379562043796,0.5474452554744526,2.226277372262774,0.0,0.0,2.956204379562044,0.03649635036496351,True
2528,Crysencio Summerville,nl NED,"MF,FW",West Ham United,eng Premier League,23.0,2001.0,31,29,2470,27.4,5,2,7,5,0,0,6,0,0.26,,,,,,,,,,,,,,,,,,,,,,,,,2528,nl NED,"MF,FW",eng Premier League,23.0,2001.0,27.4,5,54,15,27.8,1.97,0.55,0.09,0.33,0,0,3161,nl NED,"MF,FW",eng Premier League,23.0,2001.0,31,2470,80,72.2,27.4,29,84.0,14,2,19.0,0,1.16,34,42,-8,-0.29,0.75,2528,nl NED,"MF,FW",eng Premier League,23.0,2001.0,27.4,6,0,0,49,67,6,59,15,26,0,"MF,FW",False,False,True,True,False,True,2470,23.0,0.9489051094890512,0.5474452554744526,1.7883211678832118,2.445255474452555,0.21897810218978103,0.0,2.153284671532847,0.21897810218978103,True
929,Jorge de Frutos,es ESP,"FW,MF",Rayo Vallecano,es La Liga,28.0,1997.0,36,31,2463,27.4,10,1,11,9,1,1,3,0,0.37,,,,,,,,,,,,,,,,,,,,,,,,,929,es ESP,"FW,MF",es La Liga,28.0,1997.0,27.4,10,62,28,45.2,2.27,1.02,0.15,0.32,1,1,1150,es ESP,"FW,MF",es La Liga,28.0,1997.0,36,2463,68,72.0,27.4,31,74.0,6,5,36.0,1,1.39,32,23,9,0.33,1.46,929,es ESP,"FW,MF",es La Liga,28.0,1997.0,27.4,3,0,0,34,39,18,47,11,16,0,"FW,MF",False,False,True,True,False,True,2463,28.0,0.5839416058394161,0.40145985401459855,1.2408759124087592,1.4233576642335768,0.10948905109489052,0.0,1.7153284671532847,0.6569343065693432,True
2203,Alberto Reina,es ESP,MF,Oviedo,es La Liga,27.0,1997.0,37,31,2462,27.4,4,1,5,4,0,0,6,1,0.18,,,,,,,,,,,,,,,,,,,,,,,,,2203,es ESP,MF,es La Liga,27.0,1997.0,27.4,4,24,11,45.8,0.88,0.4,0.17,0.36,0,0,2739,es ESP,MF,es La Liga,27.0,1997.0,37,2462,67,72.0,27.4,31,75.0,9,6,22.0,0,0.78,21,43,-22,-0.8,0.32,2203,es ESP,MF,es La Liga,27.0,1997.0,27.4,6,1,1,37,46,2,52,19,18,0,MF,False,False,True,False,True,False,2462,27.0,0.6569343065693432,0.6934306569343066,1.3503649635036497,1.6788321167883213,0.21897810218978103,0.03649635036496351,1.8978102189781023,0.07299270072992702,True
1052,Mason Greenwood,eng ENG,MF,Marseille,fr Ligue 1,23.0,2001.0,32,29,2462,27.4,16,7,23,10,6,8,4,0,0.62,,,,,,,,,,,,,,,,,,,,,,,,,1052,eng ENG,MF,fr Ligue 1,23.0,2001.0,27.4,16,116,48,41.4,4.24,1.75,0.09,0.21,6,8,1307,eng ENG,MF,fr Ligue 1,23.0,2001.0,32,2462,77,80.5,27.4,29,82.0,16,3,31.0,1,1.75,52,36,16,0.58,0.28,1052,eng ENG,MF,fr Ligue 1,23.0,2001.0,27.4,4,0,0,22,34,1,112,4,13,0,MF,False,False,True,False,True,False,2462,23.0,0.4744525547445256,0.14598540145985403,0.8029197080291971,1.2408759124087592,0.14598540145985403,0.0,4.087591240875913,0.03649635036496351,True
1120,Hákon Haraldsson,is ISL,MF,Lille,fr Ligue 1,22.0,2003.0,32,29,2460,27.3,8,2,10,8,0,0,6,0,0.37,,,,,,,,,,,,,,,,,,,,,,,,,1120,is ISL,MF,fr Ligue 1,22.0,2003.0,27.3,8,50,17,34.0,1.83,0.62,0.16,0.47,0,0,1384,is ISL,MF,fr Ligue 1,22.0,2003.0,32,2460,77,80.4,27.3,29,83.0,9,3,22.0,0,1.81,42,26,16,0.59,0.74,1120,is ISL,MF,fr Ligue 1,22.0,2003.0,27.3,6,0,0,28,43,0,75,12,15,0,MF,False,False,True,False,True,False,2460,22.0,0.5494505494505494,0.43956043956043955,1.0256410256410255,1.575091575091575,0.21978021978021978,0.0,2.7472527472527473,0.0,True
2495,Jens Stage,dk DEN,MF,Werder Bremen,de Bundesliga,28.0,1996.0,29,29,2460,27.3,10,2,12,10,0,0,5,0,0.44,,,,,,,,,,,,,,,,,,,,,,,,,2495,dk DEN,MF,de Bundesliga,28.0,1996.0,27.3,10,56,21,37.5,2.05,0.77,0.18,0.48,0,0,3119,dk DEN,MF,de Bundesliga,28.0,1996.0,29,2460,85,80.4,27.3,29,85.0,21,0,,0,0.97,26,45,-19,-0.7,-0.1,2495,dk DEN,MF,de Bundesliga,28.0,1996.0,27.3,5,0,0,35,30,3,14,18,32,0,MF,False,False,True,False,True,False,2460,28.0,1.1721611721611722,0.6593406593406593,1.282051282051282,1.0989010989010988,0.18315018315018314,0.0,0.5128205128205128,0.10989010989010989,True
2587,Kristian Thorstvedt,no NOR,MF,Sassuolo,it Serie A,26.0,1999.0,32,27,2460,27.3,4,4,8,4,0,0,9,0,0.29,,,,,,,,,,,,,,,,,,,,,,,,,2587,no NOR,MF,it Serie A,26.0,1999.0,27.3,4,43,13,30.2,1.57,0.48,0.09,0.31,0,0,3232,no NOR,MF,it Serie A,26.0,1999.0,32,2460,77,71.9,27.3,27,86.0,24,5,26.0,0,1.5,39,36,3,0.11,0.77,2587,no NOR,MF,it Serie A,26.0,1999.0,27.3,9,0,0,34,57,1,13,31,20,0,MF,False,False,True,False,True,False,2460,26.0,0.7326007326007326,1.1355311355311355,1.2454212454212454,2.087912087912088,0.32967032967032966,0.0,0.47619047619047616,0.03663003663003663,True
1391,Manu Koné,fr FRA,MF,Roma,it Serie A,24.0,2001.0,29,28,2456,27.3,2,3,5,2,0,0,2,0,0.18,,,,,,,,,,,,,,,,,,,,,,,,,1391,fr FRA,MF,it Serie A,24.0,2001.0,27.3,2,21,5,23.8,0.77,0.18,0.1,0.4,0,0,1712,fr FRA,MF,it Serie A,24.0,2001.0,29,2456,85,71.8,27.3,28,87.0,24,1,19.0,0,1.93,40,20,20,0.73,-0.01,1391,fr FRA,MF,it Serie A,24.0,2001.0,27.3,2,0,0,47,53,2,1,20,27,0,MF,False,False,True,False,True,False,2456,24.0,0.9890109890109889,0.7326007326007326,1.7216117216117215,1.9413919413919414,0.07326007326007326,0.0,0.03663003663003663,0.07326007326007326,True
2533,Daniel Svensson,se SWE,MF,Dortmund,de Bundesliga,23.0,2002.0,33,27,2454,27.3,2,2,4,2,0,0,0,0,0.15,,,,,,,,,,,,,,,,,,,,,,,,,2533,se SWE,MF,de Bundesliga,23.0,2002.0,27.3,2,12,4,33.3,0.44,0.15,0.17,0.5,0,0,3167,se SWE,MF,de Bundesliga,23.0,2002.0,33,2454,74,80.2,27.3,27,86.0,22,6,22.0,1,2.12,54,28,26,0.95,-0.53,2533,se SWE,MF,de Bundesliga,23.0,2002.0,27.3,0,0,0,28,22,2,129,20,26,0,MF,False,False,True,False,True,False,2454,23.0,0.9523809523809523,0.7326007326007326,1.0256410256410255,0.8058608058608059,0.0,0.0,4.725274725274725,0.07326007326007326,True
1086,Bruno Guimarães,br BRA,MF,Newcastle United,eng Premier League,27.0,1997.0,29,27,2453,27.3,9,5,14,7,2,2,6,0,0.44,,,,,,,,,,,,,,,,,,,,,,,,,1086,br BRA,MF,eng Premier League,27.0,1997.0,27.3,9,42,23,54.8,1.54,0.84,0.17,0.3,2,2,1345,br BRA,MF,eng Premier League,27.0,1997.0,29,2453,85,71.7,27.3,27,88.0,19,2,37.0,1,1.45,43,36,7,0.26,1.09,1086,br BRA,MF,eng Premier League,27.0,1997.0,27.3,6,0,0,45,75,2,82,16,41,0,MF,False,False,True,False,True,False,2453,27.0,1.5018315018315018,0.5860805860805861,1.6483516483516483,2.7472527472527473,0.21978021978021978,0.0,3.0036630036630036,0.07326007326007326,True
1,Brenden Aaronson,us USA,"MF,FW",Leeds United,eng Premier League,24.0,2000.0,37,30,2449,27.2,4,5,9,4,0,0,3,0,0.33,,,,,,,,,,,,,,,,,,,,,,,,,1,us USA,"MF,FW",eng Premier League,24.0,2000.0,27.2,4,47,17,36.2,1.73,0.62,0.09,0.24,0,0,1,us USA,"MF,FW",eng Premier League,24.0,2000.0,37,2449,66,71.6,27.2,30,77.0,2,7,21.0,1,1.19,35,31,4,0.15,1.17,1,us USA,"MF,FW",eng Premier League,24.0,2000.0,27.2,3,0,0,20,51,5,37,17,27,0,"MF,FW",False,False,True,True,False,True,2449,24.0,0.9926470588235294,0.625,0.7352941176470589,1.875,0.11029411764705882,0.0,1.3602941176470589,0.18382352941176472,True
2640,Heorhii Tsitaishvili,ge GEO,"MF,DF",Metz,fr Ligue 1,24.0,2000.0,33,28,2449,27.2,3,2,5,3,0,0,3,0,0.18,,,,,,,,,,,,,,,,,,,,,,,,,2640,ge GEO,"MF,DF",fr Ligue 1,24.0,2000.0,27.2,3,31,8,25.8,1.14,0.29,0.1,0.38,0,0,3298,ge GEO,"MF,DF",fr Ligue 1,24.0,2000.0,33,2449,74,80.0,27.2,28,84.0,16,5,19.0,0,0.48,25,59,-34,-1.25,0.22,2640,ge GEO,"MF,DF",fr Ligue 1,24.0,2000.0,27.2,3,0,0,23,36,6,160,14,12,0,"MF,DF",False,True,True,False,False,True,2449,24.0,0.4411764705882353,0.5147058823529412,0.8455882352941176,1.3235294117647058,0.11029411764705882,0.0,5.882352941176471,0.22058823529411764,True
2755,Wesley,br BRA,MF,Roma,it Serie A,21.0,2003.0,30,28,2448,27.2,5,0,5,5,0,0,7,2,0.18,,,,,,,,,,,,,,,,,,,,,,,,,2755,br BRA,MF,it Serie A,21.0,2003.0,27.2,5,25,13,52.0,0.92,0.48,0.2,0.38,0,0,3437,br BRA,MF,it Serie A,21.0,2003.0,30,2448,82,71.6,27.2,28,85.0,17,2,37.0,0,2.0,47,17,30,1.1,1.29,2755,br BRA,MF,it Serie A,21.0,2003.0,27.2,7,2,1,36,57,2,95,23,40,0,MF,False,False,True,False,True,False,2448,21.0,1.4705882352941178,0.8455882352941176,1.3235294117647058,2.0955882352941178,0.2573529411764706,0.07352941176470588,3.4926470588235294,0.07352941176470588,True
135,Antony,br BRA,"MF,FW",Real Betis,es La Liga,25.0,2000.0,32,30,2447,27.2,8,6,14,8,0,0,6,1,0.51,,,,,,,,,,,,,,,,,,,,,,,,,135,br BRA,"MF,FW",es La Liga,25.0,2000.0,27.2,8,90,34,37.8,3.31,1.25,0.09,0.24,0,0,167,br BRA,"MF,FW",es La Liga,25.0,2000.0,32,2447,76,71.5,27.2,30,80.0,13,2,27.0,0,1.53,45,36,9,0.33,0.15,135,br BRA,"MF,FW",es La Liga,25.0,2000.0,27.2,6,1,0,20,44,2,66,22,23,0,"MF,FW",False,False,True,True,False,True,2447,25.0,0.8455882352941176,0.8088235294117647,0.7352941176470589,1.6176470588235294,0.22058823529411764,0.03676470588235294,2.4264705882352944,0.07352941176470588,True
517,Ilyas Chaira,ma MAR,"MF,FW",Oviedo,es La Liga,24.0,2001.0,36,30,2447,27.2,6,2,8,6,0,0,2,1,0.29,,,,,,,,,,,,,,,,,,,,,,,,,517,ma MAR,"MF,FW",es La Liga,24.0,2001.0,27.2,6,81,35,43.2,2.98,1.29,0.07,0.17,0,0,637,ma MAR,"MF,FW",es La Liga,24.0,2001.0,36,2447,68,71.5,27.2,30,76.0,10,6,30.0,0,0.81,22,39,-17,-0.63,0.95,517,ma MAR,"MF,FW",es La Liga,24.0,2001.0,27.2,2,1,0,53,41,18,74,4,34,0,"MF,FW",False,False,True,True,False,True,2447,24.0,1.25,0.14705882352941177,1.9485294117647058,1.5073529411764706,0.07352941176470588,0.03676470588235294,2.7205882352941178,0.6617647058823529,True
709,Luis Díaz,co COL,MF,Bayern Munich,de Bundesliga,28.0,1997.0,32,27,2447,27.2,15,14,29,15,0,0,7,1,1.07,,,,,,,,,,,,,,,,,,,,,,,,,709,co COL,MF,de Bundesliga,28.0,1997.0,27.2,15,88,37,42.0,3.24,1.36,0.17,0.41,0,0,873,co COL,MF,de Bundesliga,28.0,1997.0,32,2447,76,80.0,27.2,27,84.0,19,5,37.0,0,2.66,98,29,69,2.54,0.04,709,co COL,MF,de Bundesliga,28.0,1997.0,27.2,7,1,1,35,38,26,45,17,13,0,MF,False,False,True,False,True,False,2447,28.0,0.47794117647058826,0.625,1.286764705882353,1.397058823529412,0.2573529411764706,0.03676470588235294,1.6544117647058825,0.9558823529411765,True
2804,Warren Zaïre-Emery,fr FRA,"DF,MF",Paris Saint-Germain,fr Ligue 1,19.0,2006.0,32,27,2447,27.2,3,4,7,3,0,0,3,0,0.26,,,,,,,,,,,,,,,,,,,,,,,,,2804,fr FRA,"DF,MF",fr Ligue 1,19.0,2006.0,27.2,3,19,7,36.8,0.7,0.26,0.16,0.43,0,0,3495,fr FRA,"DF,MF",fr Ligue 1,19.0,2006.0,32,2447,76,80.0,27.2,27,83.0,18,5,39.0,0,2.19,60,23,37,1.36,0.19,2804,fr FRA,"DF,MF",fr Ligue 1,19.0,2006.0,27.2,3,0,0,35,17,0,15,11,29,0,"DF,MF",False,True,True,False,False,True,2447,19.0,1.0661764705882353,0.40441176470588236,1.286764705882353,0.625,0.11029411764705882,0.0,0.5514705882352942,0.0,True
2343,Philipp Sander,de GER,"DF,MF",Gladbach,de Bundesliga,27.0,1998.0,30,29,2445,27.2,2,0,2,2,0,0,4,0,0.07,,,,,,,,,,,,,,,,,,,,,,,,,2343,de GER,"DF,MF",de Bundesliga,27.0,1998.0,27.2,2,25,8,32.0,0.92,0.29,0.08,0.25,0,0,2915,de GER,"DF,MF",de Bundesliga,27.0,1998.0,30,2445,82,79.9,27.2,29,83.0,18,1,30.0,1,1.0,35,39,-4,-0.15,0.88,2343,de GER,"DF,MF",de Bundesliga,27.0,1998.0,27.2,4,0,0,28,14,0,28,50,42,1,"DF,MF",False,True,True,False,False,True,2445,27.0,1.5441176470588236,1.8382352941176472,1.0294117647058825,0.5147058823529412,0.14705882352941177,0.0,1.0294117647058825,0.0,True
2588,Khéphren Thuram,fr FRA,MF,Juventus,it Serie A,24.0,2001.0,35,30,2442,27.1,3,3,6,3,0,0,2,0,0.22,,,,,,,,,,,,,,,,,,,,,,,,,2588,fr FRA,MF,it Serie A,24.0,2001.0,27.1,3,50,15,30.0,1.84,0.55,0.06,0.2,0,0,3233,fr FRA,MF,it Serie A,24.0,2001.0,35,2442,70,71.4,27.1,30,77.0,14,5,25.0,1,1.8,49,25,24,0.88,0.61,2588,fr FRA,MF,it Serie A,24.0,2001.0,27.1,2,0,0,38,12,3,16,12,32,0,MF,False,False,True,False,True,False,2442,24.0,1.1808118081180812,0.44280442804428044,1.4022140221402213,0.44280442804428044,0.07380073800738007,0.0,0.5904059040590406,0.11070110701107011,True
234,Davide Bartesaghi,it ITA,"MF,DF",Milan,it Serie A,19.0,2005.0,31,27,2441,27.1,2,0,2,2,0,0,3,0,0.07,,,,,,,,,,,,,,,,,,,,,,,,,234,it ITA,"MF,DF",it Serie A,19.0,2005.0,27.1,2,22,7,31.8,0.81,0.26,0.09,0.29,0,0,292,it ITA,"MF,DF",it Serie A,19.0,2005.0,31,2441,79,71.4,27.1,27,86.0,20,4,30.0,7,1.77,34,27,7,0.26,-0.75,234,it ITA,"MF,DF",it Serie A,19.0,2005.0,27.1,3,0,0,18,14,4,139,15,35,1,"MF,DF",False,True,True,False,False,True,2441,19.0,1.2915129151291511,0.5535055350553505,0.6642066420664207,0.5166051660516605,0.11070110701107011,0.0,5.1291512915129145,0.14760147601476015,True
2718,Federico Viñas,uy URU,"FW,MF",Oviedo,es La Liga,27.0,1998.0,33,28,2439,27.1,9,1,10,7,2,2,7,3,0.3,,,,,,,,,,,,,,,,,,,,,,,,,2718,uy URU,"FW,MF",es La Liga,27.0,1998.0,27.1,9,57,21,36.8,2.1,0.77,0.12,0.33,2,2,3392,uy URU,"FW,MF",es La Liga,27.0,1998.0,33,2439,74,71.3,27.1,28,83.0,12,5,26.0,0,0.85,20,38,-18,-0.66,0.8,2718,uy URU,"FW,MF",es La Liga,27.0,1998.0,27.1,7,3,1,46,69,13,3,13,32,0,"FW,MF",False,False,True,True,False,True,2439,27.0,1.1808118081180812,0.4797047970479705,1.6974169741697416,2.5461254612546123,0.25830258302583026,0.11070110701107011,0.11070110701107011,0.4797047970479705,True
1830,Miro Muheim,ch SUI,"MF,DF",Hamburger SV,de Bundesliga,27.0,1998.0,29,27,2435,27.1,0,4,4,0,0,0,7,1,0.15,,,,,,,,,,,,,,,,,,,,,,,,,1830,ch SUI,"MF,DF",de Bundesliga,27.0,1998.0,27.1,0,24,7,29.2,0.89,0.26,0.0,0.0,0,0,2264,ch SUI,"MF,DF",de Bundesliga,27.0,1998.0,29,2435,84,79.6,27.1,27,88.0,23,2,30.0,0,1.1,33,42,-9,-0.33,0.39,1830,ch SUI,"MF,DF",de Bundesliga,27.0,1998.0,27.1,7,1,0,39,50,1,148,27,35,0,"MF,DF",False,True,True,False,False,True,2435,27.0,1.2915129151291511,0.9963099630996309,1.4391143911439113,1.8450184501845017,0.25830258302583026,0.03690036900369004,5.461254612546125,0.03690036900369004,True
406,Wouter Burger,nl NED,MF,Hoffenheim,de Bundesliga,24.0,2001.0,30,30,2430,27.0,4,5,9,4,0,0,7,1,0.33,,,,,,,,,,,,,,,,,,,,,,,,,406,nl NED,MF,de Bundesliga,24.0,2001.0,27.0,4,36,13,36.1,1.33,0.48,0.11,0.31,0,0,501,nl NED,MF,de Bundesliga,24.0,2001.0,30,2430,81,79.4,27.0,30,81.0,18,0,,0,1.9,52,35,17,0.63,1.2,406,nl NED,MF,de Bundesliga,24.0,2001.0,27.0,7,1,0,57,12,1,89,19,42,0,MF,False,False,True,False,True,False,2430,24.0,1.5555555555555556,0.7037037037037037,2.111111111111111,0.4444444444444444,0.25925925925925924,0.037037037037037035,3.2962962962962963,0.037037037037037035,True
2522,Yukinari Sugawara,jp JPN,"DF,MF",Werder Bremen,de Bundesliga,25.0,2000.0,31,29,2428,27.0,0,6,6,0,0,0,2,1,0.22,,,,,,,,,,,,,,,,,,,,,,,,,2522,jp JPN,"DF,MF",de Bundesliga,25.0,2000.0,27.0,0,30,11,36.7,1.11,0.41,0.0,0.0,0,0,3153,jp JPN,"DF,MF",de Bundesliga,25.0,2000.0,31,2428,78,79.3,27.0,29,82.0,20,2,21.0,1,1.03,32,43,-11,-0.41,1.3,2522,jp JPN,"DF,MF",de Bundesliga,25.0,2000.0,27.0,2,1,0,22,11,2,74,15,22,0,"DF,MF",False,True,True,False,False,True,2428,25.0,0.8148148148148148,0.5555555555555556,0.8148148148148148,0.4074074074074074,0.07407407407407407,0.037037037037037035,2.740740740740741,0.07407407407407407,True
1673,Han-Noah Massengo,fr FRA,MF,Augsburg,de Bundesliga,24.0,2001.0,33,29,2427,27.0,2,1,3,2,0,0,5,0,0.11,,,,,,,,,,,,,,,,,,,,,,,,,1673,fr FRA,MF,de Bundesliga,24.0,2001.0,27.0,2,20,6,30.0,0.74,0.22,0.1,0.33,0,0,2065,fr FRA,MF,de Bundesliga,24.0,2001.0,33,2427,74,79.3,27.0,29,80.0,14,4,26.0,0,1.27,31,52,-21,-0.78,-1.49,1673,fr FRA,MF,de Bundesliga,24.0,2001.0,27.0,5,0,0,25,23,0,17,36,18,0,MF,False,False,True,False,True,False,2427,24.0,0.6666666666666666,1.3333333333333333,0.9259259259259259,0.8518518518518519,0.18518518518518517,0.0,0.6296296296296297,0.0,True
1621,Rolando Mandragora,it ITA,MF,Fiorentina,it Serie A,28.0,1997.0,34,30,2421,26.9,7,3,10,6,1,1,7,0,0.33,,,,,,,,,,,,,,,,,,,,,,,,,1621,it ITA,MF,it Serie A,28.0,1997.0,26.9,7,64,18,28.1,2.38,0.67,0.09,0.33,1,1,2000,it ITA,MF,it Serie A,28.0,1997.0,34,2421,71,70.8,26.9,30,75.0,11,4,41.0,1,1.03,29,33,-4,-0.15,0.3,1621,it ITA,MF,it Serie A,28.0,1997.0,26.9,7,0,0,37,56,0,69,15,24,0,MF,False,False,True,False,True,False,2421,28.0,0.892193308550186,0.5576208178438662,1.3754646840148699,2.0817843866171004,0.26022304832713755,0.0,2.5650557620817844,0.0,True
1231,Alex Iwobi,ng NGA,MF,Fulham,eng Premier League,29.0,1996.0,29,29,2419,26.9,4,3,7,4,0,0,3,0,0.26,,,,,,,,,,,,,,,,,,,,,,,,,1231,ng NGA,MF,eng Premier League,29.0,1996.0,26.9,4,39,15,38.5,1.45,0.56,0.1,0.27,0,0,1514,ng NGA,MF,eng Premier League,29.0,1996.0,29,2419,83,70.7,26.9,29,83.0,12,0,,0,1.31,36,40,-4,-0.15,-0.15,1231,ng NGA,MF,eng Premier League,29.0,1996.0,26.9,3,0,0,8,10,1,88,15,18,0,MF,False,False,True,False,True,False,2419,29.0,0.6691449814126395,0.5576208178438662,0.29739776951672864,0.3717472118959108,0.11152416356877325,0.0,3.271375464684015,0.03717472118959108,True
783,Aron Dønnum,no NOR,MF,Toulouse,fr Ligue 1,27.0,1998.0,28,28,2419,26.9,4,4,8,1,3,3,10,1,0.19,,,,,,,,,,,,,,,,,,,,,,,,,783,no NOR,MF,fr Ligue 1,27.0,1998.0,26.9,4,40,14,35.0,1.49,0.52,0.03,0.07,3,3,963,no NOR,MF,fr Ligue 1,27.0,1998.0,28,2419,86,79.1,26.9,28,86.0,23,0,,0,1.29,41,37,4,0.15,0.57,783,no NOR,MF,fr Ligue 1,27.0,1998.0,26.9,10,1,1,42,38,0,140,29,29,0,MF,False,False,True,False,True,False,2419,27.0,1.0780669144981414,1.0780669144981414,1.5613382899628254,1.412639405204461,0.3717472118959108,0.03717472118959108,5.204460966542751,0.0,True
746,Tyrhys Dolan,eng ENG,MF,Espanyol,es La Liga,23.0,2001.0,36,28,2415,26.8,2,5,7,2,0,0,7,1,0.26,,,,,,,,,,,,,,,,,,,,,,,,,746,eng ENG,MF,es La Liga,23.0,2001.0,26.8,2,34,12,35.3,1.27,0.45,0.06,0.17,0,0,913,eng ENG,MF,es La Liga,23.0,2001.0,36,2415,67,70.6,26.8,28,76.0,3,8,36.0,0,1.11,32,39,-7,-0.26,0.19,746,eng ENG,MF,es La Liga,23.0,2001.0,26.8,7,1,1,37,46,5,105,15,35,0,MF,False,False,True,False,True,False,2415,23.0,1.3059701492537312,0.5597014925373134,1.380597014925373,1.716417910447761,0.26119402985074625,0.03731343283582089,3.917910447761194,0.18656716417910446,True
924,Martin Frese,dk DEN,"MF,DF",Hellas Verona,it Serie A,27.0,1998.0,31,27,2408,26.8,2,0,2,2,0,0,8,0,0.07,,,,,,,,,,,,,,,,,,,,,,,,,924,dk DEN,"MF,DF",it Serie A,27.0,1998.0,26.8,2,21,11,52.4,0.78,0.41,0.1,0.18,0,0,1144,dk DEN,"MF,DF",it Serie A,27.0,1998.0,31,2408,78,70.4,26.8,27,83.0,17,4,40.0,3,0.61,16,40,-24,-0.9,0.17,924,dk DEN,"MF,DF",it Serie A,27.0,1998.0,26.8,8,0,0,46,20,4,74,30,54,1,"MF,DF",False,True,True,False,False,True,2408,27.0,2.014925373134328,1.1194029850746268,1.716417910447761,0.7462686567164178,0.29850746268656714,0.0,2.761194029850746,0.14925373134328357,True
566,Santi Comesaña,es ESP,MF,Villarreal,es La Liga,28.0,1996.0,34,28,2407,26.7,3,6,9,3,0,0,5,1,0.34,,,,,,,,,,,,,,,,,,,,,,,,,566,es ESP,MF,es La Liga,28.0,1996.0,26.7,3,27,7,25.9,1.01,0.26,0.11,0.43,0,0,699,es ESP,MF,es La Liga,28.0,1996.0,34,2407,71,70.4,26.7,28,81.0,14,6,25.0,1,1.91,55,29,26,0.97,0.97,566,es ESP,MF,es La Liga,28.0,1996.0,26.7,5,1,0,43,28,1,12,31,25,0,MF,False,False,True,False,True,False,2407,28.0,0.9363295880149813,1.1610486891385767,1.6104868913857677,1.0486891385767791,0.18726591760299627,0.03745318352059925,0.449438202247191,0.03745318352059925,True
67,Maghnes Akliouche,fr FRA,"MF,FW",Monaco,fr Ligue 1,23.0,2002.0,31,28,2400,26.7,6,6,12,6,0,0,3,0,0.45,,,,,,,,,,,,,,,,,,,,,,,,,67,fr FRA,"MF,FW",fr Ligue 1,23.0,2002.0,26.7,6,48,19,39.6,1.8,0.71,0.13,0.32,0,0,82,fr FRA,"MF,FW",fr Ligue 1,23.0,2002.0,31,2400,77,78.4,26.7,28,82.0,16,3,33.0,1,1.55,48,38,10,0.37,0.92,67,fr FRA,"MF,FW",fr Ligue 1,23.0,2002.0,26.7,3,0,0,29,36,9,53,18,26,0,"MF,FW",False,False,True,True,False,True,2400,23.0,0.9737827715355806,0.6741573033707865,1.0861423220973783,1.348314606741573,0.11235955056179775,0.0,1.9850187265917603,0.33707865168539325,True
1842,Daniel Muñoz,co COL,MF,Crystal Palace,eng Premier League,29.0,1996.0,29,29,2399,26.7,4,3,7,4,0,0,7,0,0.26,,,,,,,,,,,,,,,,,,,,,,,,,1842,co COL,MF,eng Premier League,29.0,1996.0,26.7,4,26,12,46.2,0.98,0.45,0.15,0.33,0,0,2280,co COL,MF,eng Premier League,29.0,1996.0,29,2399,83,70.1,26.7,29,83.0,22,0,,0,1.34,31,33,-2,-0.08,0.63,1842,co COL,MF,eng Premier League,29.0,1996.0,26.7,7,0,0,34,18,8,62,24,48,0,MF,False,False,True,False,True,False,2399,29.0,1.797752808988764,0.898876404494382,1.2734082397003745,0.6741573033707865,0.2621722846441948,0.0,2.3220973782771535,0.299625468164794,True
224,Melvin Bard,fr FRA,"DF,MF",Nice,fr Ligue 1,24.0,2000.0,29,26,2394,26.6,2,1,3,2,0,0,4,0,0.11,,,,,,,,,,,,,,,,,,,,,,,,,224,fr FRA,"DF,MF",fr Ligue 1,24.0,2000.0,26.6,2,15,5,33.3,0.56,0.19,0.13,0.4,0,0,279,fr FRA,"DF,MF",fr Ligue 1,24.0,2000.0,29,2394,83,78.2,26.6,26,88.0,23,3,39.0,0,0.9,25,51,-26,-0.98,-1.38,224,fr FRA,"DF,MF",fr Ligue 1,24.0,2000.0,26.6,4,0,0,26,27,3,77,41,29,0,"DF,MF",False,True,True,False,False,True,2394,24.0,1.0902255639097744,1.5413533834586466,0.9774436090225563,1.0150375939849623,0.15037593984962405,0.0,2.894736842105263,0.11278195488721804,True
1770,Yankuba Minteh,gm GAM,MF,Brighton,eng Premier League,21.0,2004.0,34,26,2391,26.6,3,4,7,3,0,0,3,0,0.26,,,,,,,,,,,,,,,,,,,,,,,,,1770,gm GAM,MF,eng Premier League,21.0,2004.0,26.6,3,41,11,26.8,1.54,0.41,0.07,0.27,0,0,2188,gm GAM,MF,eng Premier League,21.0,2004.0,34,2391,70,69.9,26.6,26,83.0,11,8,29.0,2,1.26,39,33,6,0.23,0.23,1770,gm GAM,MF,eng Premier League,21.0,2004.0,26.6,3,0,0,32,22,10,159,15,37,0,MF,False,False,True,False,True,False,2391,21.0,1.3909774436090225,0.5639097744360902,1.2030075187969924,0.8270676691729323,0.11278195488721804,0.0,5.977443609022556,0.37593984962406013,True
2770,Florian Wirtz,de GER,MF,Liverpool,eng Premier League,22.0,2003.0,33,27,2378,26.4,5,3,8,5,0,0,1,0,0.3,,,,,,,,,,,,,,,,,,,,,,,,,2770,de GER,MF,eng Premier League,22.0,2003.0,26.4,5,51,18,35.3,1.93,0.68,0.1,0.28,0,0,3456,de GER,MF,eng Premier League,22.0,2003.0,33,2378,72,69.5,26.4,27,82.0,9,6,27.0,0,1.61,38,32,6,0.23,-0.12,2770,de GER,MF,eng Premier League,22.0,2003.0,26.4,1,0,0,22,19,2,32,12,26,0,MF,False,False,True,False,True,False,2378,22.0,0.9848484848484849,0.4545454545454546,0.8333333333333334,0.7196969696969697,0.03787878787878788,0.0,1.2121212121212122,0.07575757575757576,True
2494,Anton Stach,de GER,MF,Leeds United,eng Premier League,26.0,1998.0,29,28,2370,26.3,5,3,8,5,0,0,3,0,0.3,,,,,,,,,,,,,,,,,,,,,,,,,2494,de GER,MF,eng Premier League,26.0,1998.0,26.3,5,55,14,25.5,2.09,0.53,0.09,0.36,0,0,3117,de GER,MF,eng Premier League,26.0,1998.0,29,2370,82,69.3,26.3,28,84.0,19,1,31.0,1,1.03,31,36,-5,-0.19,-0.02,2494,de GER,MF,eng Premier League,26.0,1998.0,26.3,3,0,0,36,24,0,155,19,35,0,MF,False,False,True,False,True,False,2370,26.0,1.3307984790874525,0.7224334600760456,1.3688212927756653,0.9125475285171103,0.11406844106463879,0.0,5.893536121673003,0.0,True
885,Matias Fernandez-Pardo,be BEL,"FW,MF",Lille,fr Ligue 1,20.0,2005.0,29,27,2370,26.3,8,5,13,6,2,2,5,0,0.42,,,,,,,,,,,,,,,,,,,,,,,,,885,be BEL,"FW,MF",fr Ligue 1,20.0,2005.0,26.3,8,68,30,44.1,2.58,1.14,0.09,0.2,2,2,1094,be BEL,"FW,MF",fr Ligue 1,20.0,2005.0,29,2370,82,77.5,26.3,27,85.0,15,2,38.0,2,1.69,32,26,6,0.23,-0.95,885,be BEL,"FW,MF",fr Ligue 1,20.0,2005.0,26.3,5,0,0,15,40,16,57,8,14,0,"FW,MF",False,False,True,True,False,True,2370,20.0,0.532319391634981,0.3041825095057034,0.5703422053231939,1.520912547528517,0.19011406844106463,0.0,2.167300380228137,0.6083650190114068,True
1493,Jamie Leweling,de GER,MF,Stuttgart,de Bundesliga,24.0,2001.0,32,26,2367,26.3,7,9,16,7,0,0,4,0,0.61,,,,,,,,,,,,,,,,,,,,,,,,,1493,de GER,MF,de Bundesliga,24.0,2001.0,26.3,7,49,18,36.7,1.86,0.68,0.14,0.39,0,0,1847,de GER,MF,de Bundesliga,24.0,2001.0,32,2367,74,77.4,26.3,26,84.0,10,6,29.0,0,1.75,50,40,10,0.38,-1.18,1493,de GER,MF,de Bundesliga,24.0,2001.0,26.3,4,0,0,17,43,15,123,13,12,0,MF,False,False,True,False,True,False,2367,24.0,0.45627376425855515,0.49429657794676807,0.6463878326996197,1.6349809885931559,0.1520912547528517,0.0,4.67680608365019,0.5703422053231939,True
394,Hugo Bueno,es ESP,"MF,DF",Wolves,eng Premier League,22.0,2002.0,35,26,2366,26.3,1,2,3,1,0,0,3,0,0.11,,,,,,,,,,,,,,,,,,,,,,,,,394,es ESP,"MF,DF",eng Premier League,22.0,2002.0,26.3,1,16,6,37.5,0.61,0.23,0.06,0.17,0,0,488,es ESP,"MF,DF",eng Premier League,22.0,2002.0,35,2366,68,69.2,26.3,26,84.0,17,9,20.0,0,0.57,20,44,-24,-0.91,0.54,394,es ESP,"MF,DF",eng Premier League,22.0,2002.0,26.3,3,0,0,17,24,3,166,33,35,0,"MF,DF",False,True,True,False,False,True,2366,22.0,1.3307984790874525,1.2547528517110267,0.6463878326996197,0.9125475285171103,0.11406844106463879,0.0,6.311787072243346,0.11406844106463879,True
740,Ritsu Doan,jp JPN,MF,Eintracht Frankfurt,de Bundesliga,27.0,1998.0,31,28,2364,26.3,5,5,10,5,0,0,5,0,0.38,,,,,,,,,,,,,,,,,,,,,,,,,740,jp JPN,MF,de Bundesliga,27.0,1998.0,26.3,5,41,15,36.6,1.56,0.57,0.12,0.33,0,0,907,jp JPN,MF,de Bundesliga,27.0,1998.0,31,2364,76,77.3,26.3,28,81.0,11,3,33.0,1,1.32,50,44,6,0.23,1.52,740,jp JPN,MF,de Bundesliga,27.0,1998.0,26.3,5,0,0,26,35,3,111,17,23,0,MF,False,False,True,False,True,False,2364,27.0,0.8745247148288973,0.6463878326996197,0.9885931558935361,1.3307984790874525,0.19011406844106463,0.0,4.220532319391634,0.11406844106463879,True
1418,Ladislav Krejčí,cz CZE,"DF,MF",Wolves,eng Premier League,26.0,1999.0,28,27,2356,26.2,2,1,3,2,0,0,5,1,0.11,,,,,,,,,,,,,,,,,,,,,,,,,1418,cz CZE,"DF,MF",eng Premier League,26.0,1999.0,26.2,2,21,10,47.6,0.8,0.38,0.1,0.2,0,0,1744,cz CZE,"DF,MF",eng Premier League,26.0,1999.0,28,2356,84,68.9,26.2,27,85.0,21,1,48.0,2,0.57,20,45,-25,-0.96,0.4,1418,cz CZE,"DF,MF",eng Premier League,26.0,1999.0,26.2,5,1,1,33,7,0,17,32,21,1,"DF,MF",False,True,True,False,False,True,2356,26.0,0.8015267175572519,1.2213740458015268,1.2595419847328244,0.26717557251908397,0.19083969465648856,0.03816793893129771,0.648854961832061,0.0,True
1136,Gauthier Hein,fr FRA,"MF,FW",Metz,fr Ligue 1,28.0,1996.0,29,26,2351,26.1,8,7,15,3,5,5,3,1,0.38,,,,,,,,,,,,,,,,,,,,,,,,,1136,fr FRA,"MF,FW",fr Ligue 1,28.0,1996.0,26.1,8,44,13,29.5,1.68,0.5,0.07,0.23,5,5,1403,fr FRA,"MF,FW",fr Ligue 1,28.0,1996.0,29,2351,81,76.8,26.1,26,87.0,19,3,29.0,0,0.45,28,62,-34,-1.3,-0.03,1136,fr FRA,"MF,FW",fr Ligue 1,28.0,1996.0,26.1,3,1,1,15,17,4,147,9,10,0,"MF,FW",False,False,True,True,False,True,2351,28.0,0.38314176245210724,0.3448275862068965,0.5747126436781609,0.6513409961685823,0.11494252873563218,0.038314176245210725,5.632183908045977,0.1532567049808429,True
2026,Elisha Owusu,gh GHA,MF,Auxerre,fr Ligue 1,27.0,1997.0,29,27,2344,26.0,0,0,0,0,0,0,7,0,0.0,,,,,,,,,,,,,,,,,,,,,,,,,2026,gh GHA,MF,fr Ligue 1,27.0,1997.0,26.0,0,7,0,0.0,0.27,0.0,0.0,,0,0,2508,gh GHA,MF,fr Ligue 1,27.0,1997.0,29,2344,81,76.6,26.0,27,86.0,19,2,15.0,0,1.0,26,31,-5,-0.19,0.44,2026,gh GHA,MF,fr Ligue 1,27.0,1997.0,26.0,7,0,0,48,22,0,1,21,51,0,MF,False,False,True,False,True,False,2344,27.0,1.9615384615384615,0.8076923076923077,1.8461538461538463,0.8461538461538461,0.2692307692307692,0.0,0.038461538461538464,0.0,True
2223,Fabian Rieder,ch SUI,MF,Augsburg,de Bundesliga,23.0,2002.0,32,28,2343,26.0,6,3,9,4,2,2,4,0,0.27,,,,,,,,,,,,,,,,,,,,,,,,,2223,ch SUI,MF,de Bundesliga,23.0,2002.0,26.0,6,38,13,34.2,1.46,0.5,0.11,0.31,2,2,2761,ch SUI,MF,de Bundesliga,23.0,2002.0,32,2343,73,76.6,26.0,28,82.0,16,4,13.0,0,1.25,36,53,-17,-0.65,-0.78,2223,ch SUI,MF,de Bundesliga,23.0,2002.0,26.0,4,0,0,45,38,2,116,13,20,0,MF,False,False,True,False,True,False,2343,23.0,0.7692307692307693,0.5,1.7307692307692308,1.4615384615384615,0.15384615384615385,0.0,4.461538461538462,0.07692307692307693,True
692,Amad Diallo,ci CIV,MF,Manchester Utd,eng Premier League,23.0,2002.0,32,27,2341,26.0,2,3,5,2,0,0,2,0,0.19,,,,,,,,,,,,,,,,,,,,,,,,,692,ci CIV,MF,eng Premier League,23.0,2002.0,26.0,2,53,23,43.4,2.04,0.88,0.04,0.09,0,0,853,ci CIV,MF,eng Premier League,23.0,2002.0,32,2341,73,68.5,26.0,27,82.0,17,5,25.0,0,2.03,52,33,19,0.73,0.73,692,ci CIV,MF,eng Premier League,23.0,2002.0,26.0,2,0,0,24,38,12,46,15,23,0,MF,False,False,True,False,True,False,2341,23.0,0.8846153846153846,0.5769230769230769,0.9230769230769231,1.4615384615384615,0.07692307692307693,0.0,1.7692307692307692,0.46153846153846156,True
2833,Yanis Zouaoui,dz ALG,"DF,MF",Le Havre,fr Ligue 1,27.0,1998.0,30,28,2338,26.0,1,1,2,0,1,1,7,0,0.04,,,,,,,,,,,,,,,,,,,,,,,,,2833,dz ALG,"DF,MF",fr Ligue 1,27.0,1998.0,26.0,1,16,5,31.3,0.62,0.19,0.0,0.0,1,1,3532,dz ALG,"DF,MF",fr Ligue 1,27.0,1998.0,30,2338,78,76.4,26.0,28,82.0,14,2,25.0,0,0.93,24,37,-13,-0.5,-0.63,2833,dz ALG,"DF,MF",fr Ligue 1,27.0,1998.0,26.0,7,0,0,22,26,1,182,27,30,1,"DF,MF",False,True,True,False,False,True,2338,27.0,1.1538461538461537,1.0384615384615385,0.8461538461538461,1.0,0.2692307692307692,0.0,7.0,0.038461538461538464,True
2652,Lesley Ugochukwu,fr FRA,MF,Burnley,eng Premier League,21.0,2004.0,35,27,2336,26.0,3,1,4,3,0,0,3,1,0.15,,,,,,,,,,,,,,,,,,,,,,,,,2652,fr FRA,MF,eng Premier League,21.0,2004.0,26.0,3,23,8,34.8,0.89,0.31,0.13,0.38,0,0,3313,fr FRA,MF,eng Premier League,21.0,2004.0,35,2336,67,68.3,26.0,27,78.0,5,8,29.0,2,0.6,28,50,-22,-0.85,0.4,2652,fr FRA,MF,eng Premier League,21.0,2004.0,26.0,3,1,1,28,30,1,7,17,26,0,MF,False,False,True,False,True,False,2336,21.0,1.0,0.6538461538461539,1.0769230769230769,1.1538461538461537,0.11538461538461539,0.038461538461538464,0.2692307692307692,0.038461538461538464,True
160,Fisnik Asllani,xk KVX,"FW,MF",Hoffenheim,de Bundesliga,22.0,2002.0,33,31,2335,25.9,10,7,17,10,0,0,2,0,0.66,,,,,,,,,,,,,,,,,,,,,,,,,160,xk KVX,"FW,MF",de Bundesliga,22.0,2002.0,25.9,10,73,28,38.4,2.81,1.08,0.14,0.36,0,0,197,xk KVX,"FW,MF",de Bundesliga,22.0,2002.0,33,2335,71,76.3,25.9,31,74.0,4,2,24.0,1,1.76,50,41,9,0.35,-0.15,160,xk KVX,"FW,MF",de Bundesliga,22.0,2002.0,25.9,2,0,0,26,37,14,10,5,7,0,"FW,MF",False,False,True,True,False,True,2335,22.0,0.2702702702702703,0.19305019305019305,1.0038610038610039,1.4285714285714286,0.07722007722007722,0.0,0.3861003861003861,0.5405405405405406,True
1392,Ransford Königsdörffer,gh GHA,"FW,MF",Hamburger SV,de Bundesliga,23.0,2001.0,33,29,2329,25.9,5,1,6,5,0,1,2,0,0.23,,,,,,,,,,,,,,,,,,,,,,,,,1392,gh GHA,"FW,MF",de Bundesliga,23.0,2001.0,25.9,5,65,22,33.8,2.51,0.85,0.08,0.23,0,1,1713,gh GHA,"FW,MF",de Bundesliga,23.0,2001.0,33,2329,71,76.1,25.9,29,76.0,5,4,29.0,0,1.12,33,44,-11,-0.43,-0.06,1392,gh GHA,"FW,MF",de Bundesliga,23.0,2001.0,25.9,2,0,0,25,32,28,21,6,4,0,"FW,MF",False,False,True,True,False,True,2329,23.0,0.15444015444015444,0.23166023166023167,0.9652509652509653,1.2355212355212355,0.07722007722007722,0.0,0.8108108108108109,1.0810810810810811,True
904,Jonas Föhrenbach,de GER,"DF,MF",Heidenheim,de Bundesliga,29.0,1996.0,27,25,2325,25.8,1,1,2,1,0,0,3,0,0.08,,,,,,,,,,,,,,,,,,,,,,,,,904,de GER,"DF,MF",de Bundesliga,29.0,1996.0,25.8,1,6,1,16.7,0.23,0.04,0.17,1.0,0,0,1116,de GER,"DF,MF",de Bundesliga,29.0,1996.0,27,2325,86,76.0,25.8,25,88.0,22,2,65.0,4,0.93,34,51,-17,-0.66,1.06,904,de GER,"DF,MF",de Bundesliga,29.0,1996.0,25.8,3,0,0,16,18,1,78,33,27,0,"DF,MF",False,True,True,False,False,True,2325,29.0,1.0465116279069766,1.2790697674418605,0.6201550387596899,0.6976744186046512,0.11627906976744186,0.0,3.0232558139534884,0.03875968992248062,True
2350,Mamadou Sangare,ml MLI,MF,Lens,fr Ligue 1,23.0,2002.0,29,27,2323,25.8,3,4,7,3,0,0,5,0,0.27,,,,,,,,,,,,,,,,,,,,,,,,,2350,ml MLI,MF,fr Ligue 1,23.0,2002.0,25.8,3,53,14,26.4,2.05,0.54,0.06,0.21,0,0,2923,ml MLI,MF,fr Ligue 1,23.0,2002.0,29,2323,80,75.9,25.8,27,84.0,20,2,33.0,0,2.1,47,29,18,0.7,-0.89,2350,ml MLI,MF,fr Ligue 1,23.0,2002.0,25.8,5,0,0,34,43,3,7,40,54,0,MF,False,False,True,False,True,False,2323,23.0,2.093023255813953,1.5503875968992247,1.317829457364341,1.6666666666666665,0.19379844961240308,0.0,0.2713178294573643,0.11627906976744186,True
2468,Carlos Soler,es ESP,MF,Real Sociedad,es La Liga,28.0,1997.0,33,26,2317,25.7,4,3,7,4,0,0,3,1,0.27,,,,,,,,,,,,,,,,,,,,,,,,,2468,es ESP,MF,es La Liga,28.0,1997.0,25.7,4,35,19,54.3,1.36,0.74,0.11,0.21,0,0,3084,es ESP,MF,es La Liga,28.0,1997.0,33,2317,70,67.7,25.7,26,81.0,10,7,31.0,1,1.21,37,39,-2,-0.08,-0.08,2468,es ESP,MF,es La Liga,28.0,1997.0,25.7,3,1,0,28,20,0,73,16,22,0,MF,False,False,True,False,True,False,2317,28.0,0.8560311284046693,0.622568093385214,1.0894941634241246,0.7782101167315175,0.11673151750972763,0.038910505836575876,2.840466926070039,0.0,True
1258,Álex Jiménez,es ESP,"DF,MF",Bournemouth,eng Premier League,20.0,2005.0,31,26,2317,25.7,1,0,1,1,0,0,10,0,0.04,,,,,,,,,,,,,,,,,,,,,,,,,1258,es ESP,"DF,MF",eng Premier League,20.0,2005.0,25.7,1,21,4,19.0,0.82,0.16,0.05,0.25,0,0,1547,es ESP,"DF,MF",eng Premier League,20.0,2005.0,31,2317,75,67.7,25.7,26,84.0,12,5,29.0,1,1.48,41,38,3,0.12,0.03,1258,es ESP,"DF,MF",eng Premier League,20.0,2005.0,25.7,10,0,0,35,20,0,51,27,45,0,"DF,MF",False,True,True,False,False,True,2317,20.0,1.7509727626459144,1.0505836575875487,1.3618677042801557,0.7782101167315175,0.38910505836575876,0.0,1.9844357976653697,0.0,True
1986,Michael Olise,fr FRA,MF,Bayern Munich,de Bundesliga,23.0,2001.0,32,23,2316,25.7,15,19,34,15,0,0,8,0,1.32,,,,,,,,,,,,,,,,,,,,,,,,,1986,fr FRA,MF,de Bundesliga,23.0,2001.0,25.7,15,102,50,49.0,3.96,1.94,0.15,0.3,0,0,2454,fr FRA,MF,de Bundesliga,23.0,2001.0,32,2316,72,75.7,25.7,23,86.0,14,9,38.0,1,2.59,94,25,69,2.68,0.62,1986,fr FRA,MF,de Bundesliga,23.0,2001.0,25.7,8,0,0,32,58,7,146,14,11,0,MF,False,False,True,False,True,False,2316,23.0,0.42801556420233466,0.5447470817120623,1.245136186770428,2.2568093385214008,0.311284046692607,0.0,5.680933852140078,0.27237354085603116,True
2460,Eric Smith,se SWE,"DF,MF",St Pauli,de Bundesliga,28.0,1997.0,27,26,2311,25.7,2,2,4,2,0,0,4,1,0.16,,,,,,,,,,,,,,,,,,,,,,,,,2460,se SWE,"DF,MF",de Bundesliga,28.0,1997.0,25.7,2,12,5,41.7,0.47,0.19,0.17,0.4,0,0,3075,se SWE,"DF,MF",de Bundesliga,28.0,1997.0,27,2311,86,75.5,25.7,26,87.0,23,1,45.0,0,0.74,22,43,-21,-0.82,0.38,2460,se SWE,"DF,MF",de Bundesliga,28.0,1997.0,25.7,4,1,0,15,29,1,64,24,23,0,"DF,MF",False,True,True,False,False,True,2311,28.0,0.8949416342412452,0.933852140077821,0.5836575875486382,1.1284046692607004,0.1556420233463035,0.038910505836575876,2.490272373540856,0.038910505836575876,True
2615,Bazoumana Touré,ci CIV,"MF,FW",Hoffenheim,de Bundesliga,19.0,2006.0,30,29,2308,25.6,5,9,14,5,0,0,2,0,0.55,,,,,,,,,,,,,,,,,,,,,,,,,2615,ci CIV,"MF,FW",de Bundesliga,19.0,2006.0,25.6,5,48,13,27.1,1.87,0.51,0.1,0.38,0,0,3268,ci CIV,"MF,FW",de Bundesliga,19.0,2006.0,30,2308,77,75.4,25.6,29,79.0,10,1,27.0,3,1.7,49,44,5,0.19,-0.76,2615,ci CIV,"MF,FW",de Bundesliga,19.0,2006.0,25.6,2,0,0,44,29,8,118,6,22,0,"MF,FW",False,False,True,True,False,True,2308,19.0,0.859375,0.234375,1.71875,1.1328125,0.078125,0.0,4.609375,0.3125,True
305,Antoine Bernede,fr FRA,MF,Hellas Verona,it Serie A,26.0,1999.0,32,29,2301,25.6,1,2,3,1,0,0,2,0,0.12,,,,,,,,,,,,,,,,,,,,,,,,,305,fr FRA,MF,it Serie A,26.0,1999.0,25.6,1,21,4,19.0,0.82,0.16,0.05,0.25,0,0,376,fr FRA,MF,it Serie A,26.0,1999.0,32,2301,72,67.3,25.6,29,76.0,10,3,29.0,1,0.56,18,38,-20,-0.78,0.5,305,fr FRA,MF,it Serie A,26.0,1999.0,25.6,2,0,0,55,20,1,25,16,39,0,MF,False,False,True,False,True,False,2301,26.0,1.5234375,0.625,2.1484375,0.78125,0.078125,0.0,0.9765625,0.0390625,True
2616,Idrissa Touré,de GER,MF,Pisa,it Serie A,27.0,1998.0,32,26,2279,25.3,1,0,1,1,0,0,4,1,0.04,,,,,,,,,,,,,,,,,,,,,,,,,2616,de GER,MF,it Serie A,27.0,1998.0,25.3,1,29,8,27.6,1.15,0.32,0.03,0.13,0,0,3269,de GER,MF,it Serie A,27.0,1998.0,32,2279,71,66.6,25.3,26,83.0,19,6,19.0,4,0.53,17,46,-29,-1.15,0.12,2616,de GER,MF,it Serie A,27.0,1998.0,25.3,4,1,0,23,19,5,67,25,28,0,MF,False,False,True,False,True,False,2279,27.0,1.1067193675889329,0.9881422924901185,0.9090909090909091,0.7509881422924901,0.15810276679841898,0.039525691699604744,2.6482213438735176,0.1976284584980237,True
2021,Dango Ouattara,bf BFA,MF,Brentford,eng Premier League,23.0,2002.0,32,25,2276,25.3,7,3,10,7,0,0,5,0,0.4,,,,,,,,,,,,,,,,,,,,,,,,,2021,bf BFA,MF,eng Premier League,23.0,2002.0,25.3,7,56,20,35.7,2.21,0.79,0.13,0.35,0,0,2501,bf BFA,MF,eng Premier League,23.0,2002.0,32,2276,71,66.5,25.3,25,84.0,12,7,25.0,0,1.25,35,35,0,0.0,-0.24,2021,bf BFA,MF,eng Premier League,23.0,2002.0,25.3,5,0,0,27,39,8,107,24,14,0,MF,False,False,True,False,True,False,2276,23.0,0.5533596837944664,0.9486166007905138,1.0671936758893281,1.541501976284585,0.1976284584980237,0.0,4.229249011857707,0.31620553359683795,True
1562,Kristoffer Lund,us USA,"DF,MF",Köln,de Bundesliga,23.0,2002.0,33,26,2276,25.3,0,2,2,0,0,0,2,0,0.08,,,,,,,,,,,,,,,,,,,,,,,,,1562,us USA,"DF,MF",de Bundesliga,23.0,2002.0,25.3,0,20,3,15.0,0.79,0.12,0.0,0.0,0,0,1935,us USA,"DF,MF",de Bundesliga,23.0,2002.0,33,2276,69,74.4,25.3,26,81.0,12,7,24.0,1,0.97,35,47,-12,-0.47,-0.24,1562,us USA,"DF,MF",de Bundesliga,23.0,2002.0,25.3,2,0,0,13,40,3,83,28,26,0,"DF,MF",False,True,True,False,False,True,2276,23.0,1.0276679841897234,1.1067193675889329,0.5138339920948617,1.5810276679841897,0.07905138339920949,0.0,3.2806324110671934,0.11857707509881422,True
2297,Julian Ryerson,no NOR,MF,Dortmund,de Bundesliga,27.0,1997.0,31,26,2266,25.2,0,15,15,0,0,0,8,0,0.6,,,,,,,,,,,,,,,,,,,,,,,,,2297,no NOR,MF,de Bundesliga,27.0,1997.0,25.2,0,12,1,8.3,0.48,0.04,0.0,0.0,0,0,2854,no NOR,MF,de Bundesliga,27.0,1997.0,31,2266,73,74.1,25.2,26,84.0,15,5,17.0,2,2.23,48,21,27,1.07,0.05,2297,no NOR,MF,de Bundesliga,27.0,1997.0,25.2,8,0,0,26,21,4,250,12,21,0,MF,False,False,True,False,True,False,2266,27.0,0.8333333333333334,0.4761904761904762,1.0317460317460319,0.8333333333333334,0.31746031746031744,0.0,9.920634920634921,0.15873015873015872,True
1401,Koffi Kouao,ci CIV,"DF,MF",Metz,fr Ligue 1,27.0,1998.0,27,27,2265,25.2,2,1,3,2,0,0,10,0,0.12,,,,,,,,,,,,,,,,,,,,,,,,,1401,ci CIV,"DF,MF",fr Ligue 1,27.0,1998.0,25.2,2,23,10,43.5,0.91,0.4,0.09,0.2,0,0,1726,ci CIV,"DF,MF",fr Ligue 1,27.0,1998.0,27,2265,84,74.0,25.2,27,84.0,18,0,,5,0.56,21,48,-27,-1.07,0.85,1401,ci CIV,"DF,MF",fr Ligue 1,27.0,1998.0,25.2,10,0,0,32,33,3,59,28,46,1,"DF,MF",False,True,True,False,False,True,2265,27.0,1.8253968253968254,1.1111111111111112,1.2698412698412698,1.3095238095238095,0.39682539682539686,0.0,2.3412698412698414,0.11904761904761905,True
1488,Johann Lepenant,fr FRA,MF,Nantes,fr Ligue 1,22.0,2002.0,28,24,2263,25.1,0,1,1,0,0,0,4,0,0.04,,,,,,,,,,,,,,,,,,,,,,,,,1488,fr FRA,MF,fr Ligue 1,22.0,2002.0,25.1,0,22,7,31.8,0.87,0.28,0.0,0.0,0,0,1839,fr FRA,MF,fr Ligue 1,22.0,2002.0,28,2263,81,74.0,25.1,24,88.0,18,4,40.0,0,0.64,21,33,-12,-0.48,0.76,1488,fr FRA,MF,fr Ligue 1,22.0,2002.0,25.1,4,0,0,29,48,0,74,28,47,0,MF,False,False,True,False,True,False,2263,22.0,1.8725099601593624,1.1155378486055776,1.1553784860557768,1.9123505976095616,0.1593625498007968,0.0,2.948207171314741,0.0,True
2784,Lamine Yamal,es ESP,"MF,FW",Barcelona,es La Liga,18.0,2007.0,28,26,2262,25.1,16,11,27,13,3,4,1,0,0.95,,,,,,,,,,,,,,,,,,,,,,,,,2784,es ESP,"MF,FW",es La Liga,18.0,2007.0,25.1,16,117,37,31.6,4.66,1.47,0.11,0.35,3,4,3473,es ESP,"MF,FW",es La Liga,18.0,2007.0,28,2262,81,66.1,25.1,26,85.0,16,2,29.0,0,2.61,62,23,39,1.55,0.0,2784,es ESP,"MF,FW",es La Liga,18.0,2007.0,25.1,1,0,0,28,52,14,77,8,20,0,"MF,FW",False,False,True,True,False,True,2262,18.0,0.796812749003984,0.3187250996015936,1.1155378486055776,2.0717131474103585,0.0398406374501992,0.0,3.0677290836653386,0.5577689243027888,True
1099,Malo Gusto,fr FRA,"DF,MF",Chelsea,eng Premier League,22.0,2003.0,34,26,2261,25.1,2,3,5,2,0,0,5,1,0.2,,,,,,,,,,,,,,,,,,,,,,,,,1099,fr FRA,"DF,MF",eng Premier League,22.0,2003.0,25.1,2,12,6,50.0,0.48,0.24,0.17,0.33,0,0,1361,fr FRA,"DF,MF",eng Premier League,22.0,2003.0,34,2261,67,66.1,25.1,26,80.0,10,8,24.0,1,1.32,42,35,7,0.28,0.36,1099,fr FRA,"DF,MF",eng Premier League,22.0,2003.0,25.1,5,1,1,20,20,1,58,30,23,1,"DF,MF",False,True,True,False,False,True,2261,22.0,0.9163346613545816,1.195219123505976,0.796812749003984,0.796812749003984,0.199203187250996,0.0398406374501992,2.3107569721115535,0.0398406374501992,True
2266,Iván Romero,es ESP,"FW,MF",Levante,es La Liga,24.0,2001.0,32,28,2259,25.1,7,1,8,7,0,1,5,0,0.32,,,,,,,,,,,,,,,,,,,,,,,,,2266,es ESP,"FW,MF",es La Liga,24.0,2001.0,25.1,7,59,18,30.5,2.35,0.72,0.12,0.39,0,1,2815,es ESP,"FW,MF",es La Liga,24.0,2001.0,32,2259,71,66.1,25.1,28,77.0,4,4,25.0,3,1.16,27,31,-4,-0.16,0.62,2266,es ESP,"FW,MF",es La Liga,24.0,2001.0,25.1,5,0,0,41,77,7,21,12,22,0,"FW,MF",False,False,True,True,False,True,2259,24.0,0.8764940239043825,0.4780876494023904,1.6334661354581672,3.0677290836653386,0.199203187250996,0.0,0.8366533864541832,0.2788844621513944,True
756,Niklas Dorsch,de GER,MF,Heidenheim,de Bundesliga,27.0,1998.0,32,27,2258,25.1,0,1,1,0,0,0,2,0,0.04,,,,,,,,,,,,,,,,,,,,,,,,,756,de GER,MF,de Bundesliga,27.0,1998.0,25.1,0,14,3,21.4,0.56,0.12,0.0,0.0,0,0,926,de GER,MF,de Bundesliga,27.0,1998.0,32,2258,71,73.8,25.1,27,79.0,10,5,24.0,1,0.81,28,51,-23,-0.92,-0.02,756,de GER,MF,de Bundesliga,27.0,1998.0,25.1,2,0,0,30,27,1,33,19,31,0,MF,False,False,True,False,True,False,2258,27.0,1.2350597609561753,0.7569721115537849,1.195219123505976,1.0756972111553784,0.0796812749003984,0.0,1.3147410358565736,0.0398406374501992,True
2809,Nicolò Zaniolo,it ITA,"FW,MF",Udinese,it Serie A,26.0,1999.0,32,28,2257,25.1,5,6,11,5,0,0,8,0,0.44,,,,,,,,,,,,,,,,,,,,,,,,,2809,it ITA,"FW,MF",it Serie A,26.0,1999.0,25.1,5,72,22,30.6,2.87,0.88,0.07,0.23,0,0,3500,it ITA,"FW,MF",it Serie A,26.0,1999.0,32,2257,71,66.0,25.1,28,77.0,10,4,23.0,0,1.34,29,27,2,0.08,0.47,2809,it ITA,"FW,MF",it Serie A,26.0,1999.0,25.1,8,0,0,61,61,6,120,4,21,0,"FW,MF",False,False,True,True,False,True,2257,26.0,0.8366533864541832,0.1593625498007968,2.4302788844621515,2.4302788844621515,0.3187250996015936,0.0,4.780876494023904,0.2390438247011952,True
2748,Timothy Weah,us USA,"MF,DF",Marseille,fr Ligue 1,25.0,2000.0,29,26,2253,25.0,2,2,4,2,0,0,5,0,0.16,,,,,,,,,,,,,,,,,,,,,,,,,2748,us USA,"MF,DF",fr Ligue 1,25.0,2000.0,25.0,2,29,10,34.5,1.16,0.4,0.07,0.2,0,0,3429,us USA,"MF,DF",fr Ligue 1,25.0,2000.0,29,2253,78,73.6,25.0,26,82.0,15,3,37.0,1,1.69,47,34,13,0.52,-0.04,2748,us USA,"MF,DF",fr Ligue 1,25.0,2000.0,25.0,5,0,0,32,18,1,62,15,35,0,"MF,DF",False,True,True,False,False,True,2253,25.0,1.4,0.6,1.28,0.72,0.2,0.0,2.48,0.04,True
2398,Jan Schöppner,de GER,MF,Heidenheim,de Bundesliga,26.0,1999.0,31,29,2252,25.0,3,3,6,3,0,0,5,0,0.24,,,,,,,,,,,,,,,,,,,,,,,,,2398,de GER,MF,de Bundesliga,26.0,1999.0,25.0,3,25,7,28.0,1.0,0.28,0.12,0.43,0,0,2984,de GER,MF,de Bundesliga,26.0,1999.0,31,2252,73,73.6,25.0,29,76.0,15,2,28.0,2,0.81,26,51,-25,-1.0,-0.33,2398,de GER,MF,de Bundesliga,26.0,1999.0,25.0,5,0,0,21,17,3,14,32,17,0,MF,False,False,True,False,True,False,2252,26.0,0.68,1.28,0.84,0.68,0.2,0.0,0.56,0.12,True
1458,Valentino Lazaro,at AUT,MF,Torino,it Serie A,29.0,1996.0,31,26,2252,25.0,0,2,2,0,0,0,4,0,0.08,,,,,,,,,,,,,,,,,,,,,,,,,1458,at AUT,MF,it Serie A,29.0,1996.0,25.0,0,8,2,25.0,0.32,0.08,0.0,0.0,0,0,1801,at AUT,MF,it Serie A,29.0,1996.0,31,2252,73,65.8,25.0,26,82.0,15,5,24.0,7,1.1,23,48,-25,-1.0,-1.46,1458,at AUT,MF,it Serie A,29.0,1996.0,25.0,4,0,0,37,9,1,135,22,25,0,MF,False,False,True,False,True,False,2252,29.0,1.0,0.88,1.48,0.36,0.16,0.0,5.4,0.04,True
1102,Albert Guðmundsson,is ISL,"FW,MF",Fiorentina,it Serie A,28.0,1997.0,33,27,2250,25.0,5,4,9,2,3,3,4,1,0.24,,,,,,,,,,,,,,,,,,,,,,,,,1102,is ISL,"FW,MF",it Serie A,28.0,1997.0,25.0,5,41,15,36.6,1.64,0.6,0.05,0.13,3,3,1364,is ISL,"FW,MF",it Serie A,28.0,1997.0,33,2250,68,65.8,25.0,27,78.0,9,6,26.0,2,1.0,29,28,1,0.04,0.81,1102,is ISL,"FW,MF",it Serie A,28.0,1997.0,25.0,4,1,0,34,30,6,54,3,4,0,"FW,MF",False,False,True,True,False,True,2250,28.0,0.16,0.12,1.36,1.2,0.16,0.04,2.16,0.24,True
852,Abde Ezzalzouli,ma MAR,"MF,FW",Real Betis,es La Liga,23.0,2001.0,29,26,2247,25.0,10,8,18,10,0,0,3,0,0.72,,,,,,,,,,,,,,,,,,,,,,,,,852,ma MAR,"MF,FW",es La Liga,23.0,2001.0,25.0,10,73,26,35.6,2.92,1.04,0.14,0.38,0,0,1044,ma MAR,"MF,FW",es La Liga,23.0,2001.0,29,2247,77,65.7,25.0,26,83.0,16,3,30.0,0,1.62,45,34,11,0.44,0.44,852,ma MAR,"MF,FW",es La Liga,23.0,2001.0,25.0,3,0,0,28,71,4,55,15,32,0,"MF,FW",False,False,True,True,False,True,2247,23.0,1.28,0.6,1.12,2.84,0.12,0.0,2.2,0.16,True
1252,Mathias Jensen,dk DEN,MF,Brentford,eng Premier League,29.0,1996.0,36,26,2247,25.0,3,1,4,3,0,0,3,0,0.16,,,,,,,,,,,,,,,,,,,,,,,,,1252,dk DEN,MF,eng Premier League,29.0,1996.0,25.0,3,29,8,27.6,1.16,0.32,0.1,0.38,0,0,1541,dk DEN,MF,eng Premier League,29.0,1996.0,36,2247,62,65.7,25.0,26,81.0,13,10,13.0,2,1.47,35,33,2,0.08,0.0,1252,dk DEN,MF,eng Premier League,29.0,1996.0,25.0,3,0,0,20,15,2,124,21,23,0,MF,False,False,True,False,True,False,2247,29.0,0.92,0.84,0.8,0.6,0.12,0.0,4.96,0.08,True
2657,Deniz Undav,de GER,"FW,MF",Stuttgart,de Bundesliga,29.0,1996.0,29,25,2241,24.9,19,7,26,19,0,1,5,0,1.04,,,,,,,,,,,,,,,,,,,,,,,,,2657,de GER,"FW,MF",de Bundesliga,29.0,1996.0,24.9,19,124,46,37.1,4.98,1.85,0.15,0.41,0,1,3318,de GER,"FW,MF",de Bundesliga,29.0,1996.0,29,2241,77,73.2,24.9,25,84.0,13,4,36.0,0,1.83,55,36,19,0.76,0.43,2657,de GER,"FW,MF",de Bundesliga,29.0,1996.0,24.9,5,0,0,32,23,25,16,4,14,0,"FW,MF",False,False,True,True,False,True,2241,29.0,0.5622489959839357,0.1606425702811245,1.285140562248996,0.9236947791164659,0.20080321285140562,0.0,0.642570281124498,1.0040160642570282,True
810,Jacques Ekomie,ga GAB,"DF,MF",Angers,fr Ligue 1,21.0,2003.0,32,25,2239,24.9,0,0,0,0,0,0,3,0,0.0,,,,,,,,,,,,,,,,,,,,,,,,,810,ga GAB,"DF,MF",fr Ligue 1,21.0,2003.0,24.9,0,12,3,25.0,0.48,0.12,0.0,0.0,0,0,995,ga GAB,"DF,MF",fr Ligue 1,21.0,2003.0,32,2239,70,73.2,24.9,25,84.0,17,7,20.0,0,1.13,21,35,-14,-0.56,-0.01,810,ga GAB,"DF,MF",fr Ligue 1,21.0,2003.0,24.9,3,0,0,30,31,6,65,31,32,0,"DF,MF",False,True,True,False,False,True,2239,21.0,1.285140562248996,1.244979919678715,1.2048192771084338,1.244979919678715,0.12048192771084339,0.0,2.610441767068273,0.24096385542168677,True
1199,Pablo Ibáñez,es ESP,MF,Alavés,es La Liga,26.0,1998.0,37,28,2236,24.8,1,1,2,1,0,0,7,0,0.08,,,,,,,,,,,,,,,,,,,,,,,,,1199,es ESP,MF,es La Liga,26.0,1998.0,24.8,1,47,13,27.7,1.89,0.52,0.02,0.08,0,0,1478,es ESP,MF,es La Liga,26.0,1998.0,37,2236,60,65.4,24.8,28,71.0,6,9,27.0,0,1.16,22,33,-11,-0.44,-0.37,1199,es ESP,MF,es La Liga,26.0,1998.0,24.8,7,0,0,38,66,3,38,21,37,0,MF,False,False,True,False,True,False,2236,26.0,1.4919354838709677,0.8467741935483871,1.532258064516129,2.661290322580645,0.282258064516129,0.0,1.532258064516129,0.12096774193548386,True
791,Éderson,br BRA,MF,Atalanta,it Serie A,26.0,1999.0,30,26,2230,24.8,2,1,3,1,1,1,3,0,0.08,,,,,,,,,,,,,,,,,,,,,,,,,791,br BRA,MF,it Serie A,26.0,1999.0,24.8,2,35,11,31.4,1.41,0.44,0.03,0.09,1,1,974,br BRA,MF,it Serie A,26.0,1999.0,30,2230,74,65.2,24.8,26,81.0,16,4,28.0,3,1.53,30,18,12,0.48,0.26,791,br BRA,MF,it Serie A,26.0,1999.0,24.8,3,0,0,34,40,2,12,28,35,0,MF,False,False,True,False,True,False,2230,26.0,1.411290322580645,1.129032258064516,1.3709677419354838,1.6129032258064515,0.12096774193548386,0.0,0.48387096774193544,0.08064516129032258,True
2722,Vitinha,pt POR,"FW,MF",Genoa,it Serie A,25.0,2000.0,35,28,2226,24.7,5,1,6,5,0,0,5,0,0.24,,,,,,,,,,,,,,,,,,,,,,,,,2722,pt POR,"FW,MF",it Serie A,25.0,2000.0,24.7,5,65,20,30.8,2.63,0.81,0.08,0.25,0,0,3398,pt POR,"FW,MF",it Serie A,25.0,2000.0,35,2226,64,65.1,24.7,28,75.0,5,7,17.0,2,1.06,26,34,-8,-0.32,-0.17,2722,pt POR,"FW,MF",it Serie A,25.0,2000.0,24.7,5,0,0,33,68,14,67,14,32,0,"FW,MF",False,False,True,True,False,True,2226,25.0,1.2955465587044535,0.5668016194331984,1.3360323886639676,2.753036437246964,0.20242914979757085,0.0,2.7125506072874495,0.5668016194331984,True
2688,José Luis García Vayá,es ESP,"MF,DF",Valencia,es La Liga,26.0,1998.0,31,26,2225,24.7,2,0,2,1,1,3,4,0,0.04,,,,,,,,,,,,,,,,,,,,,,,,,2688,es ESP,"MF,DF",es La Liga,26.0,1998.0,24.7,2,24,3,12.5,0.97,0.12,0.04,0.33,1,3,3353,es ESP,"MF,DF",es La Liga,26.0,1998.0,31,2225,72,65.1,24.7,26,82.0,12,5,20.0,7,1.29,24,34,-10,-0.4,-0.48,2688,es ESP,"MF,DF",es La Liga,26.0,1998.0,24.7,4,0,0,30,14,1,46,19,33,0,"MF,DF",False,True,True,False,False,True,2225,26.0,1.3360323886639676,0.7692307692307693,1.2145748987854252,0.5668016194331984,0.16194331983805668,0.0,1.8623481781376519,0.04048582995951417,True
2315,Bukayo Saka,eng ENG,"FW,MF",Arsenal,eng Premier League,23.0,2001.0,31,25,2222,24.7,7,5,12,6,1,1,2,0,0.45,,,,,,,,,,,,,,,,,,,,,,,,,2315,eng ENG,"FW,MF",eng Premier League,23.0,2001.0,24.7,7,71,27,38.0,2.88,1.09,0.08,0.22,1,1,2878,eng ENG,"FW,MF",eng Premier League,23.0,2001.0,31,2222,72,65.0,24.7,25,82.0,15,6,27.0,1,2.35,46,16,30,1.22,0.16,2315,eng ENG,"FW,MF",eng Premier League,23.0,2001.0,24.7,2,0,0,33,54,14,122,16,19,0,"FW,MF",False,False,True,True,False,True,2222,23.0,0.7692307692307693,0.6477732793522267,1.3360323886639676,2.1862348178137654,0.08097165991902834,0.0,4.939271255060729,0.5668016194331984,True
1339,Ilan Kebbal,dz ALG,"MF,FW",Paris FC,fr Ligue 1,27.0,1998.0,29,26,2222,24.7,9,4,13,6,3,4,7,0,0.41,,,,,,,,,,,,,,,,,,,,,,,,,1339,dz ALG,"MF,FW",fr Ligue 1,27.0,1998.0,24.7,9,49,20,40.8,1.98,0.81,0.12,0.3,3,4,1644,dz ALG,"MF,FW",fr Ligue 1,27.0,1998.0,29,2222,77,72.6,24.7,26,83.0,14,3,22.0,1,1.24,34,38,-4,-0.16,-0.27,1339,dz ALG,"MF,FW",fr Ligue 1,27.0,1998.0,24.7,7,0,0,15,61,3,110,7,15,0,"MF,FW",False,False,True,True,False,True,2222,27.0,0.6072874493927126,0.2834008097165992,0.6072874493927126,2.4696356275303644,0.2834008097165992,0.0,4.4534412955465585,0.12145748987854252,True
1939,Brooke Norton-Cuffy,eng ENG,"MF,DF",Genoa,it Serie A,21.0,2004.0,27,25,2212,24.6,2,1,3,2,0,0,5,1,0.12,,,,,,,,,,,,,,,,,,,,,,,,,1939,eng ENG,"MF,DF",it Serie A,21.0,2004.0,24.6,2,15,6,40.0,0.61,0.24,0.13,0.33,0,0,2394,eng ENG,"MF,DF",it Serie A,21.0,2004.0,27,2212,82,64.7,24.6,25,86.0,19,2,32.0,1,0.96,28,38,-10,-0.41,-0.41,1939,eng ENG,"MF,DF",it Serie A,21.0,2004.0,24.6,5,1,1,23,16,0,80,11,31,0,"MF,DF",False,True,True,False,False,True,2212,21.0,1.2601626016260161,0.44715447154471544,0.9349593495934959,0.6504065040650406,0.2032520325203252,0.04065040650406504,3.252032520325203,0.0,True
2545,Musa Al-Taamari,jo JOR,"MF,FW",Rennes,fr Ligue 1,28.0,1997.0,33,25,2212,24.6,6,6,12,6,0,0,4,0,0.49,,,,,,,,,,,,,,,,,,,,,,,,,2545,jo JOR,"MF,FW",fr Ligue 1,28.0,1997.0,24.6,6,64,23,35.9,2.6,0.94,0.09,0.26,0,0,3183,jo JOR,"MF,FW",fr Ligue 1,28.0,1997.0,33,2212,67,72.3,24.6,25,79.0,4,8,31.0,0,1.79,45,32,13,0.53,0.95,2545,jo JOR,"MF,FW",fr Ligue 1,28.0,1997.0,24.6,4,0,0,16,27,26,86,11,16,0,"MF,FW",False,False,True,True,False,True,2212,28.0,0.6504065040650406,0.44715447154471544,0.6504065040650406,1.097560975609756,0.16260162601626016,0.0,3.495934959349593,1.056910569105691,True
1036,Jon Gorrotxategi,es ESP,MF,Real Sociedad,es La Liga,23.0,2002.0,30,26,2210,24.6,1,3,4,1,0,0,7,0,0.16,,,,,,,,,,,,,,,,,,,,,,,,,1036,es ESP,MF,es La Liga,23.0,2002.0,24.6,1,13,1,7.7,0.53,0.04,0.08,1.0,0,0,1285,es ESP,MF,es La Liga,23.0,2002.0,30,2210,74,64.6,24.6,26,80.0,15,4,30.0,2,1.2,36,39,-3,-0.12,-0.2,1036,es ESP,MF,es La Liga,23.0,2002.0,24.6,7,0,0,33,27,0,5,31,29,1,MF,False,False,True,False,True,False,2210,23.0,1.178861788617886,1.2601626016260161,1.3414634146341462,1.097560975609756,0.2845528455284553,0.0,0.2032520325203252,0.0,True
2715,Fabio Vieira,pt POR,"MF,FW",Hamburger SV,de Bundesliga,25.0,2000.0,29,25,2206,24.5,7,5,12,6,1,1,4,2,0.45,,,,,,,,,,,,,,,,,,,,,,,,,2715,pt POR,"MF,FW",de Bundesliga,25.0,2000.0,24.5,7,59,19,32.2,2.41,0.78,0.1,0.32,1,1,3384,pt POR,"MF,FW",de Bundesliga,25.0,2000.0,29,2206,76,72.1,24.5,25,84.0,10,4,24.0,0,1.14,29,36,-7,-0.29,0.45,2715,pt POR,"MF,FW",de Bundesliga,25.0,2000.0,24.5,4,2,1,18,44,1,59,15,9,0,"MF,FW",False,False,True,True,False,True,2206,25.0,0.3673469387755102,0.6122448979591837,0.7346938775510204,1.7959183673469388,0.16326530612244897,0.08163265306122448,2.4081632653061225,0.04081632653061224,True
903,Youssouf Fofana,fr FRA,MF,Milan,it Serie A,26.0,1999.0,33,28,2203,24.5,2,3,5,2,0,0,4,0,0.2,,,,,,,,,,,,,,,,,,,,,,,,,903,fr FRA,MF,it Serie A,26.0,1999.0,24.5,2,45,18,40.0,1.84,0.74,0.04,0.11,0,0,1115,fr FRA,MF,it Serie A,26.0,1999.0,33,2203,67,64.4,24.5,28,73.0,8,5,29.0,3,1.88,37,21,16,0.65,0.51,903,fr FRA,MF,it Serie A,26.0,1999.0,24.5,4,0,0,21,16,0,10,19,19,0,MF,False,False,True,False,True,False,2203,26.0,0.7755102040816326,0.7755102040816326,0.8571428571428571,0.6530612244897959,0.16326530612244897,0.0,0.40816326530612246,0.0,True
2490,Djibril Sow,ch SUI,MF,Sevilla,es La Liga,28.0,1997.0,33,27,2187,24.3,5,4,9,5,0,0,6,0,0.37,,,,,,,,,,,,,,,,,,,,,,,,,2490,ch SUI,MF,es La Liga,28.0,1997.0,24.3,5,19,8,42.1,0.78,0.33,0.26,0.63,0,0,3109,ch SUI,MF,es La Liga,28.0,1997.0,33,2187,66,63.9,24.3,27,76.0,10,6,22.0,2,1.0,27,43,-16,-0.66,-0.8,2490,ch SUI,MF,es La Liga,28.0,1997.0,24.3,6,0,0,42,29,3,22,23,27,0,MF,False,False,True,False,True,False,2187,28.0,1.1111111111111112,0.9465020576131687,1.728395061728395,1.1934156378600822,0.24691358024691357,0.0,0.9053497942386831,0.12345679012345678,True
809,Jurgen Ekkelenkamp,nl NED,MF,Udinese,it Serie A,25.0,2000.0,31,27,2186,24.3,5,3,8,5,0,0,1,0,0.33,,,,,,,,,,,,,,,,,,,,,,,,,809,nl NED,MF,it Serie A,25.0,2000.0,24.3,5,33,15,45.5,1.36,0.62,0.15,0.33,0,0,994,nl NED,MF,it Serie A,25.0,2000.0,31,2186,71,63.9,24.3,27,78.0,5,4,22.0,4,1.35,29,30,-1,-0.04,0.1,809,nl NED,MF,it Serie A,25.0,2000.0,24.3,1,0,0,22,19,3,32,18,27,0,MF,False,False,True,False,True,False,2186,25.0,1.1111111111111112,0.7407407407407407,0.9053497942386831,0.7818930041152263,0.0411522633744856,0.0,1.316872427983539,0.12345679012345678,True
1777,Maximilian Mittelstädt,de GER,"DF,MF",Stuttgart,de Bundesliga,28.0,1997.0,32,24,2186,24.3,6,4,10,2,4,4,4,0,0.25,,,,,,,,,,,,,,,,,,,,,,,,,1777,de GER,"DF,MF",de Bundesliga,28.0,1997.0,24.3,6,31,16,51.6,1.28,0.66,0.06,0.13,4,4,2199,de GER,"DF,MF",de Bundesliga,28.0,1997.0,32,2186,68,71.4,24.3,24,84.0,12,8,22.0,1,1.75,49,29,20,0.82,0.62,1777,de GER,"DF,MF",de Bundesliga,28.0,1997.0,24.3,4,0,0,11,26,2,122,35,42,0,"DF,MF",False,True,True,False,False,True,2186,28.0,1.728395061728395,1.4403292181069958,0.45267489711934156,1.0699588477366255,0.1646090534979424,0.0,5.020576131687243,0.0823045267489712,True
2633,Philipp Treu,de GER,"DF,MF",Freiburg,de Bundesliga,24.0,2000.0,28,24,2186,24.3,1,2,3,1,0,0,2,0,0.12,,,,,,,,,,,,,,,,,,,,,,,,,2633,de GER,"DF,MF",de Bundesliga,24.0,2000.0,24.3,1,17,5,29.4,0.7,0.21,0.06,0.2,0,0,3289,de GER,"DF,MF",de Bundesliga,24.0,2000.0,28,2186,78,71.4,24.3,24,87.0,18,4,27.0,4,1.32,33,38,-5,-0.21,-0.1,2633,de GER,"DF,MF",de Bundesliga,24.0,2000.0,24.3,2,0,0,20,37,2,32,7,27,0,"DF,MF",False,True,True,False,False,True,2186,24.0,1.1111111111111112,0.28806584362139914,0.823045267489712,1.522633744855967,0.0823045267489712,0.0,1.316872427983539,0.0823045267489712,True
652,Charles De Ketelaere,be BEL,"MF,FW",Atalanta,it Serie A,24.0,2001.0,31,26,2177,24.2,3,5,8,3,0,0,4,0,0.33,,,,,,,,,,,,,,,,,,,,,,,,,652,be BEL,"MF,FW",it Serie A,24.0,2001.0,24.2,3,46,16,34.8,1.9,0.66,0.07,0.19,0,0,804,be BEL,"MF,FW",it Serie A,24.0,2001.0,31,2177,70,63.7,24.2,26,79.0,10,5,27.0,0,1.45,33,20,13,0.54,0.39,652,be BEL,"MF,FW",it Serie A,24.0,2001.0,24.2,4,0,0,23,36,3,46,5,15,0,"MF,FW",False,False,True,True,False,True,2177,24.0,0.6198347107438017,0.2066115702479339,0.9504132231404959,1.4876033057851241,0.1652892561983471,0.0,1.9008264462809918,0.12396694214876033,True
1933,Felix Nmecha,de GER,MF,Dortmund,de Bundesliga,24.0,2000.0,29,25,2176,24.2,2,3,5,2,0,1,0,0,0.21,,,,,,,,,,,,,,,,,,,,,,,,,1933,de GER,MF,de Bundesliga,24.0,2000.0,24.2,2,33,7,21.2,1.36,0.29,0.06,0.29,0,1,2388,de GER,MF,de Bundesliga,24.0,2000.0,29,2176,75,71.1,24.2,25,83.0,8,4,23.0,0,2.31,51,28,23,0.95,-0.37,1933,de GER,MF,de Bundesliga,24.0,2000.0,24.2,0,0,0,28,22,2,7,25,23,0,MF,False,False,True,False,True,False,2176,24.0,0.9504132231404959,1.0330578512396695,1.15702479338843,0.9090909090909092,0.0,0.0,0.2892561983471075,0.08264462809917356,True
2368,Ismaila Sarr,sn SEN,MF,Crystal Palace,eng Premier League,27.0,1998.0,28,24,2174,24.2,9,1,10,6,3,3,2,0,0.29,,,,,,,,,,,,,,,,,,,,,,,,,2368,sn SEN,MF,eng Premier League,27.0,1998.0,24.2,9,48,21,43.8,1.99,0.87,0.13,0.29,3,3,2947,sn SEN,MF,eng Premier League,27.0,1998.0,28,2174,78,63.6,24.2,24,85.0,18,4,34.0,0,1.18,31,29,2,0.08,0.95,2368,sn SEN,MF,eng Premier League,27.0,1998.0,24.2,2,0,0,12,42,14,24,7,9,0,MF,False,False,True,False,True,False,2174,27.0,0.37190082644628103,0.2892561983471075,0.49586776859504134,1.7355371900826446,0.08264462809917356,0.0,0.9917355371900827,0.578512396694215,True
1200,Arijon Ibrahimović,de GER,"MF,FW",Heidenheim,de Bundesliga,19.0,2005.0,32,25,2169,24.1,2,4,6,1,1,1,2,0,0.21,,,,,,,,,,,,,,,,,,,,,,,,,1200,de GER,"MF,FW",de Bundesliga,19.0,2005.0,24.1,2,47,19,40.4,1.95,0.79,0.02,0.05,1,1,1479,de GER,"MF,FW",de Bundesliga,19.0,2005.0,32,2169,68,70.9,24.1,25,78.0,10,7,30.0,0,0.78,29,49,-20,-0.83,0.28,1200,de GER,"MF,FW",de Bundesliga,19.0,2005.0,24.1,2,0,0,13,27,5,127,23,18,0,"MF,FW",False,False,True,True,False,True,2169,19.0,0.7468879668049793,0.954356846473029,0.5394190871369294,1.120331950207469,0.08298755186721991,0.0,5.269709543568465,0.20746887966804978,True
222,Valentín Barco,ar ARG,MF,Strasbourg,fr Ligue 1,21.0,2004.0,27,24,2168,24.1,2,4,6,2,0,0,5,1,0.25,,,,,,,,,,,,,,,,,,,,,,,,,222,ar ARG,MF,fr Ligue 1,21.0,2004.0,24.1,2,27,10,37.0,1.12,0.42,0.07,0.2,0,0,277,ar ARG,MF,fr Ligue 1,21.0,2004.0,27,2168,80,70.8,24.1,24,86.0,18,3,36.0,0,1.81,45,33,12,0.5,0.6,222,ar ARG,MF,fr Ligue 1,21.0,2004.0,24.1,5,1,0,24,61,2,103,14,33,0,MF,False,False,True,False,True,False,2168,21.0,1.3692946058091287,0.5809128630705394,0.9958506224066389,2.5311203319502074,0.20746887966804978,0.04149377593360996,4.273858921161826,0.08298755186721991,True
438,Adama Camara,fr FRA,"MF,DF",Paris FC,fr Ligue 1,28.0,1996.0,29,26,2159,24.0,1,0,1,1,0,0,8,0,0.04,,,,,,,,,,,,,,,,,,,,,,,,,438,fr FRA,"MF,DF",fr Ligue 1,28.0,1996.0,24.0,1,17,5,29.4,0.71,0.21,0.06,0.2,0,0,535,fr FRA,"MF,DF",fr Ligue 1,28.0,1996.0,29,2159,74,70.6,24.0,26,80.0,9,3,24.0,4,1.38,27,34,-7,-0.29,-0.69,438,fr FRA,"MF,DF",fr Ligue 1,28.0,1996.0,24.0,8,0,0,26,18,0,14,38,30,0,"MF,DF",False,True,True,False,False,True,2159,28.0,1.25,1.5833333333333333,1.0833333333333333,0.75,0.3333333333333333,0.0,0.5833333333333334,0.0,True
1545,Pol Lozano,es ESP,MF,Espanyol,es La Liga,25.0,1999.0,33,28,2157,24.0,2,1,3,2,0,0,12,1,0.13,,,,,,,,,,,,,,,,,,,,,,,,,1545,es ESP,MF,es La Liga,25.0,1999.0,24.0,2,17,5,29.4,0.71,0.21,0.12,0.4,0,0,1912,es ESP,MF,es La Liga,25.0,1999.0,33,2157,65,63.1,24.0,28,74.0,10,5,15.0,2,1.33,30,36,-6,-0.25,0.18,1545,es ESP,MF,es La Liga,25.0,1999.0,24.0,12,1,1,64,29,0,29,23,19,0,MF,False,False,True,False,True,False,2157,25.0,0.7916666666666666,0.9583333333333334,2.6666666666666665,1.2083333333333333,0.5,0.041666666666666664,1.2083333333333333,0.0,True
1652,Aarón Martín,es ESP,"MF,DF",Genoa,it Serie A,28.0,1997.0,33,26,2156,24.0,1,5,6,1,0,1,2,0,0.25,,,,,,,,,,,,,,,,,,,,,,,,,1652,es ESP,"MF,DF",it Serie A,28.0,1997.0,24.0,1,11,4,36.4,0.46,0.17,0.09,0.25,0,1,2040,es ESP,"MF,DF",it Serie A,28.0,1997.0,33,2156,65,63.0,24.0,26,79.0,15,7,13.0,5,1.12,28,37,-9,-0.38,-0.3,1652,es ESP,"MF,DF",it Serie A,28.0,1997.0,24.0,2,0,0,31,27,0,194,10,28,0,"MF,DF",False,True,True,False,False,True,2156,28.0,1.1666666666666667,0.4166666666666667,1.2916666666666667,1.125,0.08333333333333333,0.0,8.083333333333334,0.0,True
13,Abner,br BRA,"DF,MF",Lyon,fr Ligue 1,25.0,2000.0,26,25,2150,23.9,3,2,5,3,0,0,4,1,0.21,,,,,,,,,,,,,,,,,,,,,,,,,13,br BRA,"DF,MF",fr Ligue 1,25.0,2000.0,23.9,3,17,7,41.2,0.71,0.29,0.18,0.43,0,0,15,br BRA,"DF,MF",fr Ligue 1,25.0,2000.0,26,2150,83,70.3,23.9,25,86.0,17,1,3.0,2,1.81,35,25,10,0.42,0.12,13,br BRA,"DF,MF",fr Ligue 1,25.0,2000.0,23.9,4,1,0,23,6,1,61,8,24,0,"DF,MF",False,True,True,False,False,True,2150,25.0,1.00418410041841,0.3347280334728034,0.9623430962343097,0.2510460251046025,0.1673640167364017,0.041841004184100423,2.552301255230126,0.041841004184100423,True
2008,Aimar Oroz,es ESP,"MF,FW",Osasuna,es La Liga,23.0,2001.0,31,26,2139,23.8,0,2,2,0,0,0,6,0,0.08,,,,,,,,,,,,,,,,,,,,,,,,,2008,es ESP,"MF,FW",es La Liga,23.0,2001.0,23.8,0,29,4,13.8,1.22,0.17,0.0,0.0,0,0,2484,es ESP,"MF,FW",es La Liga,23.0,2001.0,31,2139,69,62.5,23.8,26,77.0,6,5,25.0,0,1.23,25,29,-4,-0.17,-0.03,2008,es ESP,"MF,FW",es La Liga,23.0,2001.0,23.8,6,0,0,33,67,1,32,8,18,0,"MF,FW",False,False,True,True,False,True,2139,23.0,0.7563025210084033,0.3361344537815126,1.3865546218487395,2.815126050420168,0.25210084033613445,0.0,1.3445378151260503,0.04201680672268907,True
2484,Matìas Soulé,ar ARG,"MF,FW",Roma,it Serie A,22.0,2003.0,33,28,2139,23.8,6,5,11,6,0,0,1,0,0.46,,,,,,,,,,,,,,,,,,,,,,,,,2484,ar ARG,"MF,FW",it Serie A,22.0,2003.0,23.8,6,52,18,34.6,2.19,0.76,0.12,0.33,0,0,3103,ar ARG,"MF,FW",it Serie A,22.0,2003.0,33,2139,65,62.5,23.8,28,72.0,1,5,26.0,0,2.0,37,17,20,0.84,0.28,2484,ar ARG,"MF,FW",it Serie A,22.0,2003.0,23.8,1,0,0,7,41,6,70,9,15,0,"MF,FW",False,False,True,True,False,True,2139,22.0,0.6302521008403361,0.37815126050420167,0.29411764705882354,1.722689075630252,0.04201680672268907,0.0,2.941176470588235,0.25210084033613445,True
264,Yassin Belkhdim,fr FRA,MF,Angers,fr Ligue 1,23.0,2002.0,27,26,2135,23.7,2,2,4,2,0,0,5,0,0.17,,,,,,,,,,,,,,,,,,,,,,,,,264,fr FRA,MF,fr Ligue 1,23.0,2002.0,23.7,2,33,14,42.4,1.39,0.59,0.06,0.14,0,0,328,fr FRA,MF,fr Ligue 1,23.0,2002.0,27,2135,79,69.8,23.7,26,81.0,11,1,30.0,0,1.22,17,32,-15,-0.63,-0.24,264,fr FRA,MF,fr Ligue 1,23.0,2002.0,23.7,5,0,0,29,29,2,42,32,43,0,MF,False,False,True,False,True,False,2135,23.0,1.8143459915611815,1.350210970464135,1.2236286919831223,1.2236286919831223,0.2109704641350211,0.0,1.7721518987341773,0.08438818565400844,True
2074,Marcus Pedersen,no NOR,"MF,DF",Torino,it Serie A,25.0,2000.0,29,23,2134,23.7,1,2,3,1,0,0,3,0,0.13,,,,,,,,,,,,,,,,,,,,,,,,,2074,no NOR,"MF,DF",it Serie A,25.0,2000.0,23.7,1,15,3,20.0,0.63,0.13,0.07,0.33,0,0,2568,no NOR,"MF,DF",it Serie A,25.0,2000.0,29,2134,74,62.4,23.7,23,85.0,15,6,32.0,4,1.21,31,35,-4,-0.17,0.88,2074,no NOR,"MF,DF",it Serie A,25.0,2000.0,23.7,3,0,0,31,6,3,110,10,14,0,"MF,DF",False,True,True,False,False,True,2134,25.0,0.5907172995780591,0.4219409282700422,1.3080168776371308,0.25316455696202533,0.12658227848101267,0.0,4.641350210970464,0.12658227848101267,True
1082,Pape Gueye,sn SEN,MF,Villarreal,es La Liga,26.0,1999.0,30,26,2131,23.7,5,2,7,4,1,1,8,0,0.25,,,,,,,,,,,,,,,,,,,,,,,,,1082,sn SEN,MF,es La Liga,26.0,1999.0,23.7,5,47,13,27.7,1.98,0.55,0.09,0.31,1,1,1340,sn SEN,MF,es La Liga,26.0,1999.0,30,2131,71,62.3,23.7,26,79.0,10,4,23.0,3,1.87,47,28,19,0.8,0.31,1082,sn SEN,MF,es La Liga,26.0,1999.0,23.7,8,0,0,35,54,2,14,35,22,0,MF,False,False,True,False,True,False,2131,26.0,0.9282700421940928,1.4767932489451476,1.4767932489451476,2.278481012658228,0.33755274261603374,0.0,0.5907172995780591,0.08438818565400844,True
727,Sofiane Diop,ma MAR,"MF,FW",Nice,fr Ligue 1,25.0,2000.0,33,26,2130,23.7,8,2,10,6,2,2,5,0,0.34,,,,,,,,,,,,,,,,,,,,,,,,,727,ma MAR,"MF,FW",fr Ligue 1,25.0,2000.0,23.7,8,54,17,31.5,2.28,0.72,0.11,0.35,2,2,893,ma MAR,"MF,FW",fr Ligue 1,25.0,2000.0,33,2130,65,69.6,23.7,26,75.0,5,7,27.0,0,0.97,29,43,-14,-0.59,0.28,727,ma MAR,"MF,FW",fr Ligue 1,25.0,2000.0,23.7,5,0,0,22,46,7,37,18,9,0,"MF,FW",False,False,True,True,False,True,2130,25.0,0.379746835443038,0.759493670886076,0.9282700421940928,1.9409282700421941,0.2109704641350211,0.0,1.5611814345991561,0.29535864978902954,True
1825,Samir El Mourabet,ma MAR,MF,Strasbourg,fr Ligue 1,19.0,2005.0,33,25,2128,23.6,1,2,3,1,0,0,4,0,0.13,,,,,,,,,,,,,,,,,,,,,,,,,1825,ma MAR,MF,fr Ligue 1,19.0,2005.0,23.6,1,12,1,8.3,0.51,0.04,0.08,1.0,0,0,2259,ma MAR,MF,fr Ligue 1,19.0,2005.0,33,2128,64,69.5,23.6,25,76.0,10,8,27.0,0,1.58,41,28,13,0.55,0.74,1825,ma MAR,MF,fr Ligue 1,19.0,2005.0,23.6,4,0,0,23,26,3,18,27,37,0,MF,False,False,True,False,True,False,2128,19.0,1.5677966101694913,1.1440677966101693,0.9745762711864406,1.1016949152542372,0.1694915254237288,0.0,0.7627118644067796,0.1271186440677966,True
1657,Mario Martín,es ESP,"MF,FW",Getafe,es La Liga,21.0,2004.0,35,26,2125,23.6,2,1,3,2,0,0,11,0,0.13,,,,,,,,,,,,,,,,,,,,,,,,,1657,es ESP,"MF,FW",es La Liga,21.0,2004.0,23.6,2,26,6,23.1,1.1,0.25,0.08,0.33,0,0,2046,es ESP,"MF,FW",es La Liga,21.0,2004.0,35,2125,61,62.1,23.6,26,71.0,6,9,32.0,0,1.29,19,27,-8,-0.34,-0.48,1657,es ESP,"MF,FW",es La Liga,21.0,2004.0,23.6,11,0,0,71,34,4,13,16,32,0,"MF,FW",False,False,True,True,False,True,2125,21.0,1.3559322033898304,0.6779661016949152,3.0084745762711864,1.4406779661016949,0.4661016949152542,0.0,0.5508474576271186,0.1694915254237288,True
1017,Diego Gómez,py PAR,"MF,FW",Brighton,eng Premier League,22.0,2003.0,32,26,2120,23.6,5,1,6,5,0,0,9,0,0.25,,,,,,,,,,,,,,,,,,,,,,,,,1017,py PAR,"MF,FW",eng Premier League,22.0,2003.0,23.6,5,42,14,33.3,1.78,0.59,0.12,0.36,0,0,1259,py PAR,"MF,FW",eng Premier League,22.0,2003.0,32,2120,66,62.0,23.6,26,75.0,2,6,28.0,0,1.41,26,29,-3,-0.13,-0.75,1017,py PAR,"MF,FW",eng Premier League,22.0,2003.0,23.6,9,0,0,49,11,1,23,19,49,0,"MF,FW",False,False,True,True,False,True,2120,22.0,2.0762711864406778,0.8050847457627118,2.0762711864406778,0.4661016949152542,0.3813559322033898,0.0,0.9745762711864406,0.0423728813559322,True
178,Arthur Avom,cm CMR,MF,Lorient,fr Ligue 1,20.0,2004.0,31,22,2119,23.5,2,1,3,2,0,0,3,0,0.13,,,,,,,,,,,,,,,,,,,,,,,,,178,cm CMR,MF,fr Ligue 1,20.0,2004.0,23.5,2,21,6,28.6,0.89,0.25,0.1,0.33,0,0,218,cm CMR,MF,fr Ligue 1,20.0,2004.0,31,2119,68,69.2,23.5,22,87.0,17,9,23.0,1,1.29,30,31,-1,-0.04,0.15,178,cm CMR,MF,fr Ligue 1,20.0,2004.0,23.5,3,0,0,23,38,0,45,28,31,1,MF,False,False,True,False,True,False,2119,20.0,1.3191489361702127,1.1914893617021276,0.9787234042553191,1.6170212765957446,0.1276595744680851,0.0,1.9148936170212767,0.0,True
2723,Vitinha,pt POR,MF,Paris Saint-Germain,fr Ligue 1,25.0,2000.0,29,24,2119,23.5,1,7,8,1,0,0,2,0,0.34,,,,,,,,,,,,,,,,,,,,,,,,,2723,pt POR,MF,fr Ligue 1,25.0,2000.0,23.5,1,34,10,29.4,1.44,0.42,0.03,0.1,0,0,3399,pt POR,MF,fr Ligue 1,25.0,2000.0,29,2119,73,69.2,23.5,24,81.0,18,5,35.0,2,2.24,50,19,31,1.32,-0.02,2723,pt POR,MF,fr Ligue 1,25.0,2000.0,23.5,2,0,0,14,21,0,21,26,20,0,MF,False,False,True,False,True,False,2119,25.0,0.851063829787234,1.1063829787234043,0.5957446808510638,0.8936170212765957,0.0851063829787234,0.0,0.8936170212765957,0.0,True
2009,Riccardo Orsolini,it ITA,"MF,FW",Bologna,it Serie A,28.0,1997.0,35,26,2111,23.5,10,1,11,6,4,6,2,0,0.3,,,,,,,,,,,,,,,,,,,,,,,,,2009,it ITA,"MF,FW",it Serie A,28.0,1997.0,23.5,10,82,31,37.8,3.5,1.32,0.07,0.19,4,6,2485,it ITA,"MF,FW",it Serie A,28.0,1997.0,35,2111,60,61.7,23.5,26,74.0,8,9,22.0,2,1.54,32,31,1,0.04,-0.09,2009,it ITA,"MF,FW",it Serie A,28.0,1997.0,23.5,2,0,0,21,44,18,41,7,15,0,"MF,FW",False,False,True,True,False,True,2111,28.0,0.6382978723404256,0.2978723404255319,0.8936170212765957,1.872340425531915,0.0851063829787234,0.0,1.7446808510638299,0.7659574468085106,True
1553,Florentino Luís,pt POR,MF,Burnley,eng Premier League,25.0,1999.0,31,25,2105,23.4,0,2,2,0,0,0,6,0,0.09,,,,,,,,,,,,,,,,,,,,,,,,,1553,pt POR,MF,eng Premier League,25.0,1999.0,23.4,0,13,2,15.4,0.56,0.09,0.0,0.0,0,0,1922,pt POR,MF,eng Premier League,25.0,1999.0,31,2105,68,61.5,23.4,25,79.0,9,6,20.0,4,0.52,20,45,-25,-1.07,-0.25,1553,pt POR,MF,eng Premier League,25.0,1999.0,23.4,6,0,0,40,8,1,11,40,49,0,MF,False,False,True,False,True,False,2105,25.0,2.094017094017094,1.7094017094017095,1.7094017094017095,0.3418803418803419,0.25641025641025644,0.0,0.47008547008547014,0.042735042735042736,True
2076,Pedri,es ESP,MF,Barcelona,es La Liga,22.0,2002.0,29,23,2104,23.4,2,9,11,2,0,0,2,1,0.47,,,,,,,,,,,,,,,,,,,,,,,,,2076,es ESP,MF,es La Liga,22.0,2002.0,23.4,2,21,10,47.6,0.9,0.43,0.1,0.2,0,0,2570,es ESP,MF,es La Liga,22.0,2002.0,29,2104,73,61.5,23.4,23,83.0,11,6,32.0,1,2.52,60,21,39,1.67,0.3,2076,es ESP,MF,es La Liga,22.0,2002.0,23.4,2,1,1,9,43,1,12,24,33,0,MF,False,False,True,False,True,False,2104,22.0,1.4102564102564104,1.0256410256410258,0.38461538461538464,1.8376068376068377,0.08547008547008547,0.042735042735042736,0.5128205128205129,0.042735042735042736,True
2439,Giuliano Simeone,ar ARG,MF,Atlético Madrid,es La Liga,22.0,2002.0,31,25,2099,23.3,4,6,10,4,0,0,2,0,0.43,,,,,,,,,,,,,,,,,,,,,,,,,2439,ar ARG,MF,es La Liga,22.0,2002.0,23.3,4,36,14,38.9,1.54,0.6,0.11,0.29,0,0,3045,ar ARG,MF,es La Liga,22.0,2002.0,31,2099,68,61.4,23.3,25,75.0,7,6,35.0,2,1.9,42,26,16,0.69,0.55,2439,ar ARG,MF,es La Liga,22.0,2002.0,23.3,2,0,0,21,40,7,48,20,25,0,MF,False,False,True,False,True,False,2099,22.0,1.0729613733905579,0.8583690987124464,0.9012875536480687,1.7167381974248928,0.08583690987124463,0.0,2.060085836909871,0.3004291845493562,True
552,Alexis Claude-Maurice,fr FRA,"MF,FW",Augsburg,de Bundesliga,27.0,1998.0,29,25,2097,23.3,5,4,9,4,1,2,3,0,0.34,,,,,,,,,,,,,,,,,,,,,,,,,552,fr FRA,"MF,FW",de Bundesliga,27.0,1998.0,23.3,5,71,26,36.6,3.05,1.12,0.06,0.15,1,2,684,fr FRA,"MF,FW",de Bundesliga,27.0,1998.0,29,2097,72,68.5,23.3,25,80.0,11,4,22.0,1,1.28,29,43,-14,-0.6,-0.41,552,fr FRA,"MF,FW",de Bundesliga,27.0,1998.0,23.3,3,0,0,23,42,1,65,8,26,0,"MF,FW",False,False,True,True,False,True,2097,27.0,1.1158798283261802,0.34334763948497854,0.9871244635193133,1.8025751072961373,0.12875536480686695,0.0,2.7896995708154506,0.04291845493562232,True
2519,Gabriel Suazo,cl CHI,"DF,MF",Sevilla,es La Liga,27.0,1997.0,29,25,2096,23.3,0,2,2,0,0,0,7,0,0.09,,,,,,,,,,,,,,,,,,,,,,,,,2519,cl CHI,"DF,MF",es La Liga,27.0,1997.0,23.3,0,5,2,40.0,0.21,0.09,0.0,0.0,0,0,3150,cl CHI,"DF,MF",es La Liga,27.0,1997.0,29,2096,72,61.3,23.3,25,81.0,19,4,18.0,1,1.31,28,37,-9,-0.39,-0.05,2519,cl CHI,"DF,MF",es La Liga,27.0,1997.0,23.3,7,0,0,33,15,2,95,29,62,0,"DF,MF",False,True,True,False,False,True,2096,27.0,2.6609442060085837,1.2446351931330473,1.4163090128755365,0.6437768240343348,0.3004291845493562,0.0,4.07725321888412,0.08583690987124463,True
382,Sascha Britschgi,ch SUI,"MF,DF",Parma,it Serie A,18.0,2006.0,29,22,2095,23.3,0,2,2,0,0,0,7,1,0.09,,,,,,,,,,,,,,,,,,,,,,,,,382,ch SUI,"MF,DF",it Serie A,18.0,2006.0,23.3,0,13,3,23.1,0.56,0.13,0.0,0.0,0,0,474,ch SUI,"MF,DF",it Serie A,18.0,2006.0,29,2095,72,61.3,23.3,22,86.0,16,7,30.0,6,1.31,18,27,-9,-0.39,0.22,382,ch SUI,"MF,DF",it Serie A,18.0,2006.0,23.3,7,1,1,18,23,0,48,8,18,0,"MF,DF",False,True,True,False,False,True,2095,18.0,0.7725321888412017,0.34334763948497854,0.7725321888412017,0.9871244635193133,0.3004291845493562,0.04291845493562232,2.060085836909871,0.0,True
897,Phil Foden,eng ENG,MF,Manchester City,eng Premier League,25.0,2000.0,33,23,2086,23.2,7,5,12,7,0,0,4,0,0.52,,,,,,,,,,,,,,,,,,,,,,,,,897,eng ENG,MF,eng Premier League,25.0,2000.0,23.2,7,55,19,34.5,2.37,0.82,0.13,0.37,0,0,1109,eng ENG,MF,eng Premier League,25.0,2000.0,33,2086,63,61.0,23.2,23,83.0,13,10,17.0,3,2.0,53,19,34,1.47,0.93,897,eng ENG,MF,eng Premier League,25.0,2000.0,23.2,4,0,0,18,31,3,119,10,16,0,MF,False,False,True,False,True,False,2086,25.0,0.6896551724137931,0.4310344827586207,0.7758620689655172,1.3362068965517242,0.1724137931034483,0.0,5.129310344827586,0.12931034482758622,True
106,Nadiem Amiri,de GER,MF,Mainz 05,de Bundesliga,28.0,1996.0,26,24,2083,23.1,12,2,14,4,8,8,6,0,0.26,,,,,,,,,,,,,,,,,,,,,,,,,106,de GER,MF,de Bundesliga,28.0,1996.0,23.1,12,54,22,40.7,2.33,0.95,0.07,0.18,8,8,132,de GER,MF,de Bundesliga,28.0,1996.0,26,2083,80,68.1,23.1,24,85.0,13,2,28.0,0,1.08,32,33,-1,-0.04,0.69,106,de GER,MF,de Bundesliga,28.0,1996.0,23.1,6,0,0,20,26,3,136,19,18,0,MF,False,False,True,False,True,False,2083,28.0,0.7792207792207791,0.8225108225108224,0.8658008658008658,1.1255411255411254,0.2597402597402597,0.0,5.887445887445887,0.12987012987012986,True
2743,Aaron Wan-Bissaka,cd COD,"DF,MF",West Ham United,eng Premier League,27.0,1997.0,25,23,2081,23.1,0,2,2,0,0,0,4,0,0.09,,,,,,,,,,,,,,,,,,,,,,,,,2743,cd COD,"DF,MF",eng Premier League,27.0,1997.0,23.1,0,0,0,,0.0,0.0,,,0,0,3424,cd COD,"DF,MF",eng Premier League,27.0,1997.0,25,2081,83,60.8,23.1,23,87.0,19,2,36.0,5,0.96,27,43,-16,-0.69,-0.49,2743,cd COD,"DF,MF",eng Premier League,27.0,1997.0,23.1,4,0,0,23,12,1,43,41,24,0,"DF,MF",False,True,True,False,False,True,2081,27.0,1.0389610389610389,1.7748917748917747,0.9956709956709956,0.5194805194805194,0.17316017316017315,0.0,1.8614718614718613,0.04329004329004329,True
2128,Yeremi Pino,es ESP,"MF,FW",Crystal Palace,eng Premier League,22.0,2002.0,34,26,2080,23.1,2,2,4,2,0,0,4,0,0.17,,,,,,,,,,,,,,,,,,,,,,,,,2128,es ESP,"MF,FW",eng Premier League,22.0,2002.0,23.1,2,45,11,24.4,1.95,0.48,0.04,0.18,0,0,2636,es ESP,"MF,FW",eng Premier League,22.0,2002.0,34,2080,61,60.8,23.1,26,73.0,4,8,23.0,2,1.15,20,28,-8,-0.35,-0.21,2128,es ESP,"MF,FW",eng Premier League,22.0,2002.0,23.1,4,0,0,30,24,10,79,8,20,0,"MF,FW",False,False,True,True,False,True,2080,22.0,0.8658008658008658,0.3463203463203463,1.2987012987012987,1.0389610389610389,0.17316017316017315,0.0,3.41991341991342,0.4329004329004329,True
568,Francisco Conceição,pt POR,"MF,FW",Juventus,it Serie A,22.0,2002.0,31,27,2078,23.1,3,5,8,3,0,0,3,0,0.35,,,,,,,,,,,,,,,,,,,,,,,,,568,pt POR,"MF,FW",it Serie A,22.0,2002.0,23.1,3,73,23,31.5,3.16,1.0,0.04,0.13,0,0,702,pt POR,"MF,FW",it Serie A,22.0,2002.0,31,2078,67,60.8,23.1,27,73.0,2,4,25.0,2,1.68,30,18,12,0.52,-0.49,568,pt POR,"MF,FW",it Serie A,22.0,2002.0,23.1,3,0,0,32,40,3,92,7,26,0,"MF,FW",False,False,True,True,False,True,2078,22.0,1.1255411255411254,0.30303030303030304,1.3852813852813852,1.7316017316017316,0.12987012987012986,0.0,3.9826839826839824,0.12987012987012986,True
1627,Johan Manzambi,ch SUI,MF,Freiburg,de Bundesliga,19.0,2005.0,27,26,2077,23.1,5,4,9,5,0,0,4,2,0.39,,,,,,,,,,,,,,,,,,,,,,,,,1627,ch SUI,MF,de Bundesliga,19.0,2005.0,23.1,5,51,13,25.5,2.21,0.56,0.1,0.38,0,0,2007,ch SUI,MF,de Bundesliga,19.0,2005.0,27,2077,77,67.9,23.1,26,78.0,8,1,45.0,1,1.37,36,36,0,0.0,0.55,1627,ch SUI,MF,de Bundesliga,19.0,2005.0,23.1,4,2,0,22,78,2,35,27,14,0,MF,False,False,True,False,True,False,2077,19.0,0.6060606060606061,1.1688311688311688,0.9523809523809523,3.3766233766233764,0.17316017316017315,0.08658008658008658,1.5151515151515151,0.08658008658008658,True
2349,Ibrahim Sangaré,ci CIV,MF,Nottingham Forest,eng Premier League,27.0,1997.0,28,25,2075,23.1,2,2,4,2,0,0,5,0,0.17,,,,,,,,,,,,,,,,,,,,,,,,,2349,ci CIV,MF,eng Premier League,27.0,1997.0,23.1,2,16,5,31.3,0.69,0.22,0.13,0.4,0,0,2922,ci CIV,MF,eng Premier League,27.0,1997.0,28,2075,74,60.7,23.1,25,82.0,16,3,12.0,3,1.32,32,26,6,0.26,0.86,2349,ci CIV,MF,eng Premier League,27.0,1997.0,23.1,5,0,0,42,18,0,8,22,32,0,MF,False,False,True,False,True,False,2075,27.0,1.3852813852813852,0.9523809523809523,1.8181818181818181,0.7792207792207791,0.21645021645021645,0.0,0.3463203463203463,0.0,True
1891,Paul Nebel,de GER,MF,Mainz 05,de Bundesliga,22.0,2002.0,30,24,2073,23.0,5,2,7,5,0,0,2,2,0.3,,,,,,,,,,,,,,,,,,,,,,,,,1891,de GER,MF,de Bundesliga,22.0,2002.0,23.0,5,32,8,25.0,1.39,0.35,0.16,0.63,0,0,2341,de GER,MF,de Bundesliga,22.0,2002.0,30,2073,69,67.7,23.0,24,82.0,13,6,17.0,0,1.27,27,37,-10,-0.43,-0.53,1891,de GER,MF,de Bundesliga,22.0,2002.0,23.0,2,2,0,29,20,3,129,12,30,0,MF,False,False,True,False,True,False,2073,22.0,1.3043478260869565,0.5217391304347826,1.2608695652173914,0.8695652173913043,0.08695652173913043,0.08695652173913043,5.608695652173913,0.13043478260869565,True
764,Ismaël Doukouré,fr FRA,"DF,MF",Strasbourg,fr Ligue 1,22.0,2003.0,25,25,2072,23.0,0,2,2,0,0,0,4,2,0.09,,,,,,,,,,,,,,,,,,,,,,,,,764,fr FRA,"DF,MF",fr Ligue 1,22.0,2003.0,23.0,0,7,3,42.9,0.3,0.13,0.0,0.0,0,0,935,fr FRA,"DF,MF",fr Ligue 1,22.0,2003.0,25,2072,83,67.7,23.0,25,83.0,19,0,,0,1.56,42,31,11,0.48,0.48,764,fr FRA,"DF,MF",fr Ligue 1,22.0,2003.0,23.0,4,2,0,21,17,0,3,24,11,2,"DF,MF",False,True,True,False,False,True,2072,22.0,0.4782608695652174,1.0434782608695652,0.9130434782608695,0.7391304347826086,0.17391304347826086,0.08695652173913043,0.13043478260869565,0.0,True
2445,Danel Sinani,lu LUX,"MF,FW",St Pauli,de Bundesliga,28.0,1997.0,30,23,2069,23.0,5,3,8,2,3,3,4,0,0.22,,,,,,,,,,,,,,,,,,,,,,,,,2445,lu LUX,"MF,FW",de Bundesliga,28.0,1997.0,23.0,5,49,18,36.7,2.13,0.78,0.04,0.11,3,3,3053,lu LUX,"MF,FW",de Bundesliga,28.0,1997.0,30,2069,69,67.6,23.0,23,83.0,15,7,22.0,2,0.77,18,43,-25,-1.09,-0.54,2445,lu LUX,"MF,FW",de Bundesliga,28.0,1997.0,23.0,4,0,0,39,27,10,135,5,16,0,"MF,FW",False,False,True,True,False,True,2069,28.0,0.6956521739130435,0.21739130434782608,1.6956521739130435,1.173913043478261,0.17391304347826086,0.0,5.869565217391305,0.43478260869565216,True
1989,Dani Olmo,es ESP,MF,Barcelona,es La Liga,27.0,1998.0,33,24,2067,23.0,7,8,15,7,0,0,1,0,0.65,,,,,,,,,,,,,,,,,,,,,,,,,1989,es ESP,MF,es La Liga,27.0,1998.0,23.0,7,70,21,30.0,3.05,0.91,0.1,0.33,0,0,2457,es ESP,MF,es La Liga,27.0,1998.0,33,2067,63,60.4,23.0,24,75.0,8,9,30.0,0,2.48,56,17,39,1.7,0.37,1989,es ESP,MF,es La Liga,27.0,1998.0,23.0,1,0,0,27,42,6,28,14,23,0,MF,False,False,True,False,True,False,2067,27.0,1.0,0.6086956521739131,1.173913043478261,1.826086956521739,0.043478260869565216,0.0,1.2173913043478262,0.2608695652173913,True
562,Santiago Colombatto,ar ARG,MF,Oviedo,es La Liga,28.0,1997.0,32,23,2064,22.9,0,1,1,0,0,0,6,0,0.04,,,,,,,,,,,,,,,,,,,,,,,,,562,ar ARG,MF,es La Liga,28.0,1997.0,22.9,0,15,2,13.3,0.65,0.09,0.0,0.0,0,0,695,ar ARG,MF,es La Liga,28.0,1997.0,32,2064,65,60.4,22.9,23,81.0,8,9,22.0,4,0.75,12,34,-22,-0.96,-0.16,562,ar ARG,MF,es La Liga,28.0,1997.0,22.9,6,0,0,44,41,1,67,14,22,0,MF,False,False,True,False,True,False,2064,28.0,0.9606986899563319,0.6113537117903931,1.9213973799126638,1.7903930131004369,0.26200873362445415,0.0,2.9257641921397384,0.04366812227074236,True
763,Guela Doué,ci CIV,"DF,MF",Strasbourg,fr Ligue 1,22.0,2002.0,24,23,2061,22.9,2,6,8,2,0,0,3,0,0.35,,,,,,,,,,,,,,,,,,,,,,,,,763,ci CIV,"DF,MF",fr Ligue 1,22.0,2002.0,22.9,2,12,5,41.7,0.52,0.22,0.17,0.4,0,0,934,ci CIV,"DF,MF",fr Ligue 1,22.0,2002.0,24,2061,86,67.4,22.9,23,88.0,19,1,30.0,0,1.63,46,32,14,0.61,0.88,763,ci CIV,"DF,MF",fr Ligue 1,22.0,2002.0,22.9,3,0,0,42,24,0,52,27,38,0,"DF,MF",False,True,True,False,False,True,2061,22.0,1.6593886462882097,1.1790393013100438,1.834061135371179,1.0480349344978166,0.13100436681222707,0.0,2.2707423580786026,0.0,True
1073,Javier Guerra,es ESP,"MF,FW",Valencia,es La Liga,22.0,2003.0,36,25,2061,22.9,4,6,10,4,0,0,3,0,0.44,,,,,,,,,,,,,,,,,,,,,,,,,1073,es ESP,"MF,FW",es La Liga,22.0,2003.0,22.9,4,31,12,38.7,1.35,0.52,0.13,0.33,0,0,1329,es ESP,"MF,FW",es La Liga,22.0,2003.0,36,2061,57,60.3,22.9,25,75.0,6,11,18.0,2,1.36,30,31,-1,-0.04,0.49,1073,es ESP,"MF,FW",es La Liga,22.0,2003.0,22.9,3,0,0,27,20,2,46,23,15,0,"MF,FW",False,False,True,True,False,True,2061,22.0,0.6550218340611355,1.0043668122270744,1.1790393013100438,0.8733624454148472,0.13100436681222707,0.0,2.0087336244541487,0.08733624454148473,True
2491,Djed Spence,eng ENG,"DF,MF",Tottenham Hotspur,eng Premier League,24.0,2000.0,30,23,2055,22.8,0,0,0,0,0,0,4,0,0.0,,,,,,,,,,,,,,,,,,,,,,,,,2491,eng ENG,"DF,MF",eng Premier League,24.0,2000.0,22.8,0,13,8,61.5,0.57,0.35,0.0,0.0,0,0,3110,eng ENG,"DF,MF",eng Premier League,24.0,2000.0,30,2055,69,60.1,22.8,23,83.0,16,7,21.0,4,1.2,30,31,-1,-0.04,0.48,2491,eng ENG,"DF,MF",eng Premier League,24.0,2000.0,22.8,4,0,0,28,21,4,49,15,25,0,"DF,MF",False,True,True,False,False,True,2055,24.0,1.0964912280701753,0.6578947368421052,1.2280701754385965,0.9210526315789473,0.17543859649122806,0.0,2.1491228070175437,0.17543859649122806,True
631,Mikkel Damsgaard,dk DEN,MF,Brentford,eng Premier League,25.0,2000.0,33,24,2054,22.8,4,4,8,4,0,0,0,0,0.35,,,,,,,,,,,,,,,,,,,,,,,,,631,dk DEN,MF,eng Premier League,25.0,2000.0,22.8,4,29,11,37.9,1.27,0.48,0.14,0.36,0,0,780,dk DEN,MF,eng Premier League,25.0,2000.0,33,2054,62,60.1,22.8,24,78.0,9,9,21.0,2,1.42,37,32,5,0.22,0.35,631,dk DEN,MF,eng Premier League,25.0,2000.0,22.8,0,0,0,18,23,4,95,24,34,0,MF,False,False,True,False,True,False,2054,25.0,1.4912280701754386,1.0526315789473684,0.7894736842105263,1.0087719298245614,0.0,0.0,4.166666666666667,0.17543859649122806,True
581,Félix Correia,pt POR,MF,Lille,fr Ligue 1,24.0,2001.0,34,26,2053,22.8,4,5,9,4,0,0,2,0,0.39,,,,,,,,,,,,,,,,,,,,,,,,,581,pt POR,MF,fr Ligue 1,24.0,2001.0,22.8,4,37,8,21.6,1.62,0.35,0.11,0.5,0,0,719,pt POR,MF,fr Ligue 1,24.0,2001.0,34,2053,60,67.1,22.8,26,73.0,2,8,18.0,0,1.79,36,22,14,0.61,0.52,581,pt POR,MF,fr Ligue 1,24.0,2001.0,22.8,2,0,0,14,28,3,84,21,13,0,MF,False,False,True,False,True,False,2053,24.0,0.5701754385964912,0.9210526315789473,0.6140350877192983,1.2280701754385965,0.08771929824561403,0.0,3.6842105263157894,0.13157894736842105,True
1801,Diego Moreira,be BEL,MF,Strasbourg,fr Ligue 1,20.0,2004.0,27,23,2034,22.6,4,6,10,4,0,0,4,0,0.44,,,,,,,,,,,,,,,,,,,,,,,,,1801,be BEL,MF,fr Ligue 1,20.0,2004.0,22.6,4,29,11,37.9,1.28,0.49,0.14,0.36,0,0,2232,be BEL,MF,fr Ligue 1,20.0,2004.0,27,2034,75,66.5,22.6,23,84.0,8,4,26.0,0,1.52,43,31,12,0.53,0.62,1801,be BEL,MF,fr Ligue 1,20.0,2004.0,22.6,4,0,0,17,27,8,89,20,25,0,MF,False,False,True,False,True,False,2034,20.0,1.1061946902654867,0.8849557522123893,0.7522123893805309,1.1946902654867255,0.17699115044247787,0.0,3.9380530973451324,0.35398230088495575,True
2805,Denis Zakaria,ch SUI,"DF,MF",Monaco,fr Ligue 1,28.0,1996.0,24,23,2031,22.6,2,1,3,2,0,0,4,1,0.13,,,,,,,,,,,,,,,,,,,,,,,,,2805,ch SUI,"DF,MF",fr Ligue 1,28.0,1996.0,22.6,2,18,3,16.7,0.8,0.13,0.11,0.67,0,0,3496,ch SUI,"DF,MF",fr Ligue 1,28.0,1996.0,24,2031,85,66.4,22.6,23,88.0,19,1,12.0,0,1.67,40,32,8,0.35,0.53,2805,ch SUI,"DF,MF",fr Ligue 1,28.0,1996.0,22.6,4,1,0,26,7,0,11,45,25,1,"DF,MF",False,True,True,False,False,True,2031,28.0,1.1061946902654867,1.9911504424778759,1.1504424778761062,0.30973451327433627,0.17699115044247787,0.04424778761061947,0.48672566371681414,0.0,True
1952,Antonio Nusa,no NOR,"FW,MF",RB Leipzig,de Bundesliga,20.0,2005.0,31,24,2027,22.5,4,3,7,4,0,0,0,0,0.31,,,,,,,,,,,,,,,,,,,,,,,,,1952,no NOR,"FW,MF",de Bundesliga,20.0,2005.0,22.5,4,61,20,32.8,2.71,0.89,0.07,0.2,0,0,2410,no NOR,"FW,MF",de Bundesliga,20.0,2005.0,31,2027,65,66.2,22.5,24,77.0,4,7,26.0,0,2.0,42,29,13,0.58,0.05,1952,no NOR,"FW,MF",de Bundesliga,20.0,2005.0,22.5,0,0,0,9,64,1,68,7,14,0,"FW,MF",False,False,True,True,False,True,2027,20.0,0.6222222222222222,0.3111111111111111,0.4,2.8444444444444446,0.0,0.0,3.022222222222222,0.044444444444444446,True
2239,Marc Roca,es ESP,MF,Real Betis,es La Liga,28.0,1996.0,29,23,2026,22.5,1,1,2,1,0,0,1,0,0.09,,,,,,,,,,,,,,,,,,,,,,,,,2239,es ESP,MF,es La Liga,28.0,1996.0,22.5,1,17,7,41.2,0.76,0.31,0.06,0.14,0,0,2783,es ESP,MF,es La Liga,28.0,1996.0,29,2026,70,59.2,22.5,23,82.0,17,6,24.0,6,1.69,36,30,6,0.27,-0.06,2239,es ESP,MF,es La Liga,28.0,1996.0,22.5,1,0,0,42,23,0,10,23,29,0,MF,False,False,True,False,True,False,2026,28.0,1.288888888888889,1.0222222222222221,1.8666666666666667,1.0222222222222221,0.044444444444444446,0.0,0.4444444444444444,0.0,True
257,Maximilian Beier,de GER,"MF,FW",Dortmund,de Bundesliga,22.0,2002.0,32,24,2026,22.5,9,6,15,9,0,0,3,0,0.67,,,,,,,,,,,,,,,,,,,,,,,,,257,de GER,"MF,FW",de Bundesliga,22.0,2002.0,22.5,9,50,20,40.0,2.22,0.89,0.18,0.45,0,0,320,de GER,"MF,FW",de Bundesliga,22.0,2002.0,32,2026,63,66.2,22.5,24,77.0,4,8,23.0,1,2.16,48,18,30,1.33,0.81,257,de GER,"MF,FW",de Bundesliga,22.0,2002.0,22.5,3,0,0,31,24,3,28,11,16,0,"MF,FW",False,False,True,True,False,True,2026,22.0,0.7111111111111111,0.4888888888888889,1.3777777777777778,1.0666666666666667,0.13333333333333333,0.0,1.2444444444444445,0.13333333333333333,True
2093,Mathias Pereira Lage,pt POR,"MF,FW",St Pauli,de Bundesliga,28.0,1996.0,28,25,2018,22.4,2,2,4,2,0,0,3,0,0.18,,,,,,,,,,,,,,,,,,,,,,,,,2093,pt POR,"MF,FW",de Bundesliga,28.0,1996.0,22.4,2,43,15,34.9,1.92,0.67,0.05,0.13,0,0,2593,pt POR,"MF,FW",de Bundesliga,28.0,1996.0,28,2018,72,65.9,22.4,25,77.0,6,3,27.0,0,0.82,21,37,-16,-0.71,0.58,2093,pt POR,"MF,FW",de Bundesliga,28.0,1996.0,22.4,3,0,0,32,32,15,58,16,23,0,"MF,FW",False,False,True,True,False,True,2018,28.0,1.0267857142857144,0.7142857142857143,1.4285714285714286,1.4285714285714286,0.13392857142857142,0.0,2.5892857142857144,0.6696428571428572,True
1093,Arda Güler,tr TUR,MF,Real Madrid,es La Liga,20.0,2005.0,33,25,2014,22.4,4,9,13,4,0,0,1,0,0.58,,,,,,,,,,,,,,,,,,,,,,,,,1093,tr TUR,MF,es La Liga,20.0,2005.0,22.4,4,49,19,38.8,2.19,0.85,0.08,0.21,0,0,1353,tr TUR,MF,es La Liga,20.0,2005.0,33,2014,61,58.9,22.4,25,72.0,3,8,27.0,0,2.3,43,21,22,0.98,-0.3,1093,tr TUR,MF,es La Liga,20.0,2005.0,22.4,1,0,0,21,32,3,129,8,28,0,MF,False,False,True,False,True,False,2014,20.0,1.25,0.35714285714285715,0.9375000000000001,1.4285714285714286,0.044642857142857144,0.0,5.758928571428572,0.13392857142857142,True
1064,Marco Grüll,at AUT,"MF,FW",Werder Bremen,de Bundesliga,27.0,1998.0,33,23,2006,22.3,3,1,4,3,0,0,5,0,0.18,,,,,,,,,,,,,,,,,,,,,,,,,1064,at AUT,"MF,FW",de Bundesliga,27.0,1998.0,22.3,3,43,13,30.2,1.93,0.58,0.07,0.23,0,0,1319,at AUT,"MF,FW",de Bundesliga,27.0,1998.0,33,2006,61,65.6,22.3,23,77.0,6,10,24.0,0,0.94,21,38,-17,-0.76,-0.25,1064,at AUT,"MF,FW",de Bundesliga,27.0,1998.0,22.3,5,0,0,33,28,2,69,14,20,0,"MF,FW",False,False,True,True,False,True,2006,27.0,0.8968609865470851,0.6278026905829596,1.4798206278026906,1.2556053811659191,0.22421524663677128,0.0,3.094170403587444,0.08968609865470852,True
459,Nicolás Capaldo,ar ARG,"DF,MF",Hamburger SV,de Bundesliga,26.0,1998.0,26,24,2001,22.2,1,3,4,1,0,0,10,0,0.18,,,,,,,,,,,,,,,,,,,,,,,,,459,ar ARG,"DF,MF",de Bundesliga,26.0,1998.0,22.2,1,22,6,27.3,0.99,0.27,0.05,0.17,0,0,560,ar ARG,"DF,MF",de Bundesliga,26.0,1998.0,26,2001,77,65.4,22.2,24,82.0,12,2,14.0,1,1.04,27,34,-7,-0.31,0.28,459,ar ARG,"DF,MF",de Bundesliga,26.0,1998.0,22.2,10,0,0,31,46,2,21,35,46,0,"DF,MF",False,True,True,False,False,True,2001,26.0,2.0720720720720722,1.5765765765765767,1.3963963963963963,2.0720720720720722,0.45045045045045046,0.0,0.9459459459459459,0.0900900900900901,True
906,Michael Folorunsho,it ITA,"MF,FW",Cagliari,it Serie A,27.0,1998.0,27,24,1999,22.2,2,0,2,2,0,0,3,0,0.09,,,,,,,,,,,,,,,,,,,,,,,,,906,it ITA,"MF,FW",it Serie A,27.0,1998.0,22.2,2,36,9,25.0,1.62,0.41,0.06,0.22,0,0,1119,it ITA,"MF,FW",it Serie A,27.0,1998.0,27,1999,74,58.5,22.2,24,81.0,11,3,21.0,0,0.96,20,30,-10,-0.45,-0.26,906,it ITA,"MF,FW",it Serie A,27.0,1998.0,22.2,3,0,0,35,49,13,22,10,10,0,"MF,FW",False,False,True,True,False,True,1999,27.0,0.45045045045045046,0.45045045045045046,1.5765765765765767,2.2072072072072073,0.13513513513513514,0.0,0.990990990990991,0.5855855855855856,True
486,Cesare Casadei,it ITA,MF,Torino,it Serie A,22.0,2003.0,33,19,1997,22.2,6,0,6,6,0,0,5,0,0.27,,,,,,,,,,,,,,,,,,,,,,,,,486,it ITA,MF,it Serie A,22.0,2003.0,22.2,6,35,17,48.6,1.58,0.77,0.17,0.35,0,0,592,it ITA,MF,it Serie A,22.0,2003.0,33,1997,61,58.4,22.2,19,84.0,15,14,28.0,4,1.18,28,36,-8,-0.36,0.34,486,it ITA,MF,it Serie A,22.0,2003.0,22.2,5,0,0,52,16,2,4,9,16,0,MF,False,False,True,False,True,False,1997,22.0,0.7207207207207208,0.40540540540540543,2.3423423423423424,0.7207207207207208,0.22522522522522523,0.0,0.1801801801801802,0.0900900900900901,True
669,Jessy Deminguet,fr FRA,MF,Metz,fr Ligue 1,27.0,1998.0,31,25,1995,22.2,2,0,2,2,0,0,4,0,0.09,,,,,,,,,,,,,,,,,,,,,,,,,669,fr FRA,MF,fr Ligue 1,27.0,1998.0,22.2,2,17,7,41.2,0.77,0.32,0.12,0.29,0,0,828,fr FRA,MF,fr Ligue 1,27.0,1998.0,31,1995,64,65.2,22.2,25,75.0,1,6,22.0,0,0.52,18,47,-29,-1.31,-0.04,669,fr FRA,MF,fr Ligue 1,27.0,1998.0,22.2,4,0,0,28,32,0,19,22,21,0,MF,False,False,True,False,True,False,1995,27.0,0.9459459459459459,0.990990990990991,1.2612612612612613,1.4414414414414416,0.1801801801801802,0.0,0.8558558558558559,0.0,True
2336,Juanlu Sánchez,es ESP,"MF,DF",Sevilla,es La Liga,21.0,2003.0,32,23,1990,22.1,0,3,3,0,0,0,6,1,0.14,,,,,,,,,,,,,,,,,,,,,,,,,2336,es ESP,"MF,DF",es La Liga,21.0,2003.0,22.1,0,14,1,7.1,0.63,0.05,0.0,0.0,0,0,2907,es ESP,"MF,DF",es La Liga,21.0,2003.0,32,1990,62,58.2,22.1,23,75.0,9,9,29.0,3,0.94,24,36,-12,-0.54,-0.42,2336,es ESP,"MF,DF",es La Liga,21.0,2003.0,22.1,6,1,1,23,42,4,59,11,42,0,"MF,DF",False,True,True,False,False,True,1990,21.0,1.9004524886877827,0.4977375565610859,1.0407239819004523,1.9004524886877827,0.27149321266968324,0.04524886877828054,2.669683257918552,0.18099547511312217,True
79,Carles Aleñá,es ESP,MF,Alavés,es La Liga,27.0,1998.0,34,23,1989,22.1,0,4,4,0,0,0,5,0,0.18,,,,,,,,,,,,,,,,,,,,,,,,,79,es ESP,MF,es La Liga,27.0,1998.0,22.1,0,29,5,17.2,1.31,0.23,0.0,0.0,0,0,97,es ESP,MF,es La Liga,27.0,1998.0,34,1989,59,58.2,22.1,23,73.0,4,11,27.0,3,1.06,23,35,-12,-0.54,-0.54,79,es ESP,MF,es La Liga,27.0,1998.0,22.1,5,0,0,38,36,1,121,12,24,0,MF,False,False,True,False,True,False,1989,27.0,1.085972850678733,0.5429864253393665,1.7194570135746605,1.6289592760180995,0.2262443438914027,0.0,5.475113122171946,0.04524886877828054,True
1176,Franck Honorat,fr FRA,"MF,FW",Gladbach,de Bundesliga,28.0,1996.0,28,24,1977,22.0,2,6,8,2,0,0,0,0,0.36,,,,,,,,,,,,,,,,,,,,,,,,,1176,fr FRA,"MF,FW",de Bundesliga,28.0,1996.0,22.0,2,17,5,29.4,0.77,0.23,0.12,0.4,0,0,1453,fr FRA,"MF,FW",de Bundesliga,28.0,1996.0,28,1977,71,64.6,22.0,24,78.0,8,4,29.0,0,1.18,24,32,-8,-0.36,-0.11,1176,fr FRA,"MF,FW",de Bundesliga,28.0,1996.0,22.0,0,0,0,12,6,10,134,5,13,0,"MF,FW",False,False,True,True,False,True,1977,28.0,0.5909090909090909,0.22727272727272727,0.5454545454545454,0.2727272727272727,0.0,0.0,6.090909090909091,0.45454545454545453,True
2041,Igor Paixão,br BRA,MF,Marseille,fr Ligue 1,25.0,2000.0,30,22,1975,21.9,6,5,11,6,0,0,3,0,0.5,,,,,,,,,,,,,,,,,,,,,,,,,2041,br BRA,MF,fr Ligue 1,25.0,2000.0,21.9,6,57,23,40.4,2.6,1.05,0.11,0.26,0,0,2524,br BRA,MF,fr Ligue 1,25.0,2000.0,30,1975,66,64.5,21.9,22,77.0,7,8,35.0,0,1.83,40,28,12,0.55,0.05,2041,br BRA,MF,fr Ligue 1,25.0,2000.0,21.9,3,0,0,21,34,9,57,17,12,0,MF,False,False,True,False,True,False,1975,25.0,0.5479452054794521,0.7762557077625571,0.9589041095890412,1.5525114155251143,0.13698630136986303,0.0,2.6027397260273974,0.4109589041095891,True
1495,Keane Lewis-Potter,eng ENG,"DF,MF",Brentford,eng Premier League,24.0,2001.0,36,22,1972,21.9,3,3,6,3,0,0,1,0,0.27,,,,,,,,,,,,,,,,,,,,,,,,,1495,eng ENG,"DF,MF",eng Premier League,24.0,2001.0,21.9,3,31,9,29.0,1.41,0.41,0.1,0.33,0,0,1849,eng ENG,"DF,MF",eng Premier League,24.0,2001.0,36,1972,55,57.7,21.9,22,81.0,10,14,14.0,2,1.39,28,32,-4,-0.18,-0.62,1495,eng ENG,"DF,MF",eng Premier League,24.0,2001.0,21.9,1,0,0,15,36,3,69,10,14,0,"DF,MF",False,True,True,False,False,True,1972,24.0,0.6392694063926941,0.4566210045662101,0.6849315068493151,1.6438356164383563,0.04566210045662101,0.0,3.1506849315068495,0.13698630136986303,True
1769,Óscar Mingueza,es ESP,MF,Celta Vigo,es La Liga,26.0,1999.0,34,21,1968,21.9,1,4,5,1,0,0,4,0,0.23,,,,,,,,,,,,,,,,,,,,,,,,,1769,es ESP,MF,es La Liga,26.0,1999.0,21.9,1,14,5,35.7,0.64,0.23,0.07,0.2,0,0,2187,es ESP,MF,es La Liga,26.0,1999.0,34,1968,58,57.5,21.9,21,78.0,9,13,25.0,4,1.44,37,26,11,0.5,0.87,1769,es ESP,MF,es La Liga,26.0,1999.0,21.9,4,0,0,15,28,1,68,9,20,0,MF,False,False,True,False,True,False,1968,26.0,0.9132420091324202,0.4109589041095891,0.6849315068493151,1.2785388127853883,0.18264840182648404,0.0,3.1050228310502286,0.04566210045662101,True
369,Domagoj Bradarić,hr CRO,MF,Hellas Verona,it Serie A,25.0,1999.0,29,23,1966,21.8,0,1,1,0,0,0,2,0,0.05,,,,,,,,,,,,,,,,,,,,,,,,,369,hr CRO,MF,it Serie A,25.0,1999.0,21.8,0,13,6,46.2,0.6,0.27,0.0,0.0,0,0,458,hr CRO,MF,it Serie A,25.0,1999.0,29,1966,68,57.5,21.8,23,80.0,12,6,23.0,5,0.45,17,39,-22,-1.01,-0.14,369,hr CRO,MF,it Serie A,25.0,1999.0,21.8,2,0,0,8,10,2,108,9,20,0,MF,False,False,True,False,True,False,1966,25.0,0.9174311926605504,0.4128440366972477,0.36697247706422015,0.4587155963302752,0.09174311926605504,0.0,4.954128440366972,0.09174311926605504,True
230,Harvey Barnes,eng ENG,"FW,MF",Newcastle United,eng Premier League,27.0,1997.0,37,19,1966,21.8,7,1,8,7,0,0,1,0,0.37,,,,,,,,,,,,,,,,,,,,,,,,,230,eng ENG,"FW,MF",eng Premier League,27.0,1997.0,21.8,7,58,21,36.2,2.66,0.96,0.12,0.33,0,0,287,eng ENG,"FW,MF",eng Premier League,27.0,1997.0,37,1966,53,57.5,21.8,19,79.0,7,18,26.0,1,1.24,35,31,4,0.18,0.55,230,eng ENG,"FW,MF",eng Premier League,27.0,1997.0,21.8,1,0,0,17,23,3,74,3,5,0,"FW,MF",False,False,True,True,False,True,1966,27.0,0.2293577981651376,0.13761467889908258,0.7798165137614679,1.055045871559633,0.04587155963302752,0.0,3.3944954128440368,0.13761467889908258,True
2183,Lilian Raolisoa,fr FRA,"MF,DF",Angers,fr Ligue 1,25.0,2000.0,32,21,1966,21.8,2,4,6,2,0,0,3,0,0.27,,,,,,,,,,,,,,,,,,,,,,,,,2183,fr FRA,"MF,DF",fr Ligue 1,25.0,2000.0,21.8,2,16,5,31.3,0.73,0.23,0.13,0.4,0,0,2717,fr FRA,"MF,DF",fr Ligue 1,25.0,2000.0,32,1966,61,64.2,21.8,21,81.0,8,11,24.0,0,1.13,18,31,-13,-0.6,-0.1,2183,fr FRA,"MF,DF",fr Ligue 1,25.0,2000.0,21.8,3,0,0,27,17,1,99,14,31,0,"MF,DF",False,True,True,False,False,True,1966,25.0,1.4220183486238531,0.6422018348623852,1.238532110091743,0.7798165137614679,0.13761467889908258,0.0,4.541284403669724,0.04587155963302752,True
2220,Richarlison,br BRA,"FW,MF",Tottenham Hotspur,eng Premier League,28.0,1997.0,32,20,1964,21.8,11,4,15,11,0,0,5,0,0.69,,,,,,,,,,,,,,,,,,,,,,,,,2220,br BRA,"FW,MF",eng Premier League,28.0,1997.0,21.8,11,61,26,42.6,2.8,1.19,0.18,0.42,0,0,2757,br BRA,"FW,MF",eng Premier League,28.0,1997.0,32,1964,61,57.4,21.8,20,83.0,12,12,25.0,1,1.19,29,27,2,0.09,0.77,2220,br BRA,"FW,MF",eng Premier League,28.0,1997.0,21.8,5,0,0,23,33,10,18,7,16,0,"FW,MF",False,False,True,True,False,True,1964,28.0,0.7339449541284403,0.3211009174311926,1.055045871559633,1.5137614678899083,0.2293577981651376,0.0,0.8256880733944953,0.4587155963302752,True
1240,Reece James,eng ENG,"DF,MF",Chelsea,eng Premier League,25.0,1999.0,29,20,1963,21.8,2,4,6,2,0,0,4,0,0.28,,,,,,,,,,,,,,,,,,,,,,,,,1240,eng ENG,"DF,MF",eng Premier League,25.0,1999.0,21.8,2,22,7,31.8,1.01,0.32,0.09,0.29,0,0,1527,eng ENG,"DF,MF",eng Premier League,25.0,1999.0,29,1963,68,57.4,21.8,20,86.0,15,9,27.0,3,1.55,33,20,13,0.6,1.03,1240,eng ENG,"DF,MF",eng Premier League,25.0,1999.0,21.8,4,0,0,26,22,1,126,32,33,0,"DF,MF",False,True,True,False,False,True,1963,25.0,1.5137614678899083,1.4678899082568806,1.1926605504587156,1.0091743119266054,0.18348623853211007,0.0,5.779816513761467,0.04587155963302752,True
1742,Dayann Methalie,fr FRA,MF,Toulouse,fr Ligue 1,19.0,2006.0,28,23,1961,21.8,2,1,3,2,0,0,9,0,0.14,,,,,,,,,,,,,,,,,,,,,,,,,1742,fr FRA,MF,fr Ligue 1,19.0,2006.0,21.8,2,15,7,46.7,0.69,0.32,0.13,0.29,0,0,2156,fr FRA,MF,fr Ligue 1,19.0,2006.0,28,1961,70,64.1,21.8,23,79.0,7,5,27.0,0,1.11,21,29,-8,-0.37,-1.1,1742,fr FRA,MF,fr Ligue 1,19.0,2006.0,21.8,9,0,0,57,12,1,43,23,31,0,MF,False,False,True,False,True,False,1961,19.0,1.4220183486238531,1.055045871559633,2.614678899082569,0.5504587155963303,0.4128440366972477,0.0,1.9724770642201834,0.04587155963302752,True
1533,Maxime Lopez,fr FRA,MF,Paris FC,fr Ligue 1,27.0,1997.0,26,22,1960,21.8,0,3,3,0,0,0,11,0,0.14,,,,,,,,,,,,,,,,,,,,,,,,,1533,fr FRA,MF,fr Ligue 1,27.0,1997.0,21.8,0,13,6,46.2,0.6,0.28,0.0,0.0,0,0,1897,fr FRA,MF,fr Ligue 1,27.0,1997.0,26,1960,75,64.1,21.8,22,83.0,17,4,32.0,2,1.19,29,36,-7,-0.32,-0.65,1533,fr FRA,MF,fr Ligue 1,27.0,1997.0,21.8,11,0,0,27,8,5,83,11,17,0,MF,False,False,True,False,True,False,1960,27.0,0.7798165137614679,0.5045871559633027,1.238532110091743,0.36697247706422015,0.5045871559633027,0.0,3.8073394495412844,0.2293577981651376,True
1347,Aljoscha Kemlein,de GER,MF,Union Berlin,de Bundesliga,20.0,2004.0,30,23,1959,21.8,0,2,2,0,0,0,4,0,0.09,,,,,,,,,,,,,,,,,,,,,,,,,1347,de GER,MF,de Bundesliga,20.0,2004.0,21.8,0,17,2,11.8,0.78,0.09,0.0,0.0,0,0,1652,de GER,MF,de Bundesliga,20.0,2004.0,30,1959,65,64.0,21.8,23,79.0,8,7,20.0,4,1.13,28,31,-3,-0.14,0.76,1347,de GER,MF,de Bundesliga,20.0,2004.0,21.8,4,0,0,22,11,0,9,18,25,0,MF,False,False,True,False,True,False,1959,20.0,1.146788990825688,0.8256880733944953,1.0091743119266054,0.5045871559633027,0.18348623853211007,0.0,0.4128440366972477,0.0,True
1603,Said El Mala,de GER,"FW,MF",Köln,de Bundesliga,18.0,2006.0,34,20,1956,21.7,13,4,17,12,1,1,4,0,0.74,,,,,,,,,,,,,,,,,,,,,,,,,1603,de GER,"FW,MF",de Bundesliga,18.0,2006.0,21.7,13,74,30,40.5,3.4,1.38,0.16,0.4,1,1,1978,de GER,"FW,MF",de Bundesliga,18.0,2006.0,34,1956,58,63.9,21.7,20,79.0,6,14,28.0,0,0.94,32,37,-5,-0.23,0.5,1603,de GER,"FW,MF",de Bundesliga,18.0,2006.0,21.7,4,0,0,15,23,18,39,8,14,0,"FW,MF",False,False,True,True,False,True,1956,18.0,0.6451612903225806,0.3686635944700461,0.6912442396313364,1.0599078341013826,0.18433179723502305,0.0,1.7972350230414746,0.8294930875576038,True
2049,Cole Palmer,eng ENG,MF,Chelsea,eng Premier League,23.0,2002.0,26,24,1955,21.7,10,1,11,5,5,6,5,0,0.28,,,,,,,,,,,,,,,,,,,,,,,,,2049,eng ENG,MF,eng Premier League,23.0,2002.0,21.7,10,64,25,39.1,2.95,1.15,0.08,0.2,5,6,2533,eng ENG,MF,eng Premier League,23.0,2002.0,26,1955,75,57.2,21.7,24,79.0,12,2,33.0,1,1.04,32,33,-1,-0.05,-0.48,2049,eng ENG,MF,eng Premier League,23.0,2002.0,21.7,5,0,0,13,37,2,35,13,12,0,MF,False,False,True,False,True,False,1955,23.0,0.5529953917050692,0.599078341013825,0.599078341013825,1.7050691244239633,0.2304147465437788,0.0,1.6129032258064517,0.09216589861751152,True
2576,Tanner Tessmann,us USA,MF,Lyon,fr Ligue 1,23.0,2001.0,29,22,1953,21.7,1,0,1,1,0,0,2,0,0.05,,,,,,,,,,,,,,,,,,,,,,,,,2576,us USA,MF,fr Ligue 1,23.0,2001.0,21.7,1,26,8,30.8,1.2,0.37,0.04,0.13,0,0,3220,us USA,MF,fr Ligue 1,23.0,2001.0,29,1953,67,63.8,21.7,22,82.0,14,7,21.0,0,1.86,32,21,11,0.51,0.34,2576,us USA,MF,fr Ligue 1,23.0,2001.0,21.7,2,0,0,21,19,3,17,13,21,0,MF,False,False,True,False,True,False,1953,23.0,0.967741935483871,0.599078341013825,0.967741935483871,0.8755760368663594,0.09216589861751152,0.0,0.783410138248848,0.1382488479262673,True
1264,Joelinton,br BRA,MF,Newcastle United,eng Premier League,28.0,1996.0,27,23,1951,21.7,2,1,3,2,0,0,10,0,0.14,,,,,,,,,,,,,,,,,,,,,,,,,1264,br BRA,MF,eng Premier League,28.0,1996.0,21.7,2,32,11,34.4,1.48,0.51,0.06,0.18,0,0,1554,br BRA,MF,eng Premier League,28.0,1996.0,27,1951,72,57.0,21.7,23,81.0,13,4,24.0,3,1.48,34,27,7,0.32,0.87,1264,br BRA,MF,eng Premier League,28.0,1996.0,21.7,10,0,0,46,27,1,11,28,23,0,MF,False,False,True,False,True,False,1951,28.0,1.0599078341013826,1.2903225806451613,2.119815668202765,1.2442396313364055,0.4608294930875576,0.0,0.5069124423963134,0.04608294930875576,True
1928,Justin Njinmah,de GER,"FW,MF",Werder Bremen,de Bundesliga,24.0,2000.0,33,22,1947,21.6,5,0,5,5,0,0,2,0,0.23,,,,,,,,,,,,,,,,,,,,,,,,,1928,de GER,"FW,MF",de Bundesliga,24.0,2000.0,21.6,5,62,23,37.1,2.87,1.06,0.08,0.22,0,0,2382,de GER,"FW,MF",de Bundesliga,24.0,2000.0,33,1947,59,63.6,21.6,22,77.0,6,11,23.0,1,0.94,18,45,-27,-1.25,-1.57,1928,de GER,"FW,MF",de Bundesliga,24.0,2000.0,21.6,2,0,0,8,25,20,34,6,14,0,"FW,MF",False,False,True,True,False,True,1947,24.0,0.6481481481481481,0.27777777777777773,0.37037037037037035,1.1574074074074074,0.09259259259259259,0.0,1.574074074074074,0.9259259259259258,True
2677,Jari Vandeputte,be BEL,MF,Cremonese,it Serie A,29.0,1996.0,32,23,1944,21.6,1,5,6,1,0,0,3,0,0.28,,,,,,,,,,,,,,,,,,,,,,,,,2677,be BEL,MF,it Serie A,29.0,1996.0,21.6,1,20,8,40.0,0.93,0.37,0.05,0.13,0,0,3341,be BEL,MF,it Serie A,29.0,1996.0,32,1944,61,56.8,21.6,23,72.0,6,9,32.0,3,1.03,18,28,-10,-0.46,0.45,2677,be BEL,MF,it Serie A,29.0,1996.0,21.6,3,0,0,34,25,1,162,18,21,0,MF,False,False,True,False,True,False,1944,29.0,0.9722222222222222,0.8333333333333333,1.574074074074074,1.1574074074074074,0.13888888888888887,0.0,7.499999999999999,0.046296296296296294,True
1126,Haissem Hassan,eg EGY,"MF,FW",Oviedo,es La Liga,23.0,2002.0,37,20,1942,21.6,0,3,3,0,0,0,1,0,0.14,,,,,,,,,,,,,,,,,,,,,,,,,1126,eg EGY,"MF,FW",es La Liga,23.0,2002.0,21.6,0,34,8,23.5,1.58,0.37,0.0,0.0,0,0,1392,eg EGY,"MF,FW",es La Liga,23.0,2002.0,37,1942,52,56.8,21.6,20,71.0,3,17,30.0,1,0.76,11,33,-22,-1.02,-0.29,1126,eg EGY,"MF,FW",es La Liga,23.0,2002.0,21.6,1,0,0,12,25,3,113,6,26,0,"MF,FW",False,False,True,True,False,True,1942,23.0,1.2037037037037037,0.27777777777777773,0.5555555555555555,1.1574074074074074,0.046296296296296294,0.0,5.231481481481481,0.13888888888888887,True
1274,Curtis Jones,eng ENG,"MF,DF",Liverpool,eng Premier League,24.0,2001.0,34,18,1937,21.5,1,2,3,1,0,0,2,0,0.14,,,,,,,,,,,,,,,,,,,,,,,,,1274,eng ENG,"MF,DF",eng Premier League,24.0,2001.0,21.5,1,22,7,31.8,1.02,0.33,0.05,0.14,0,0,1564,eng ENG,"MF,DF",eng Premier League,24.0,2001.0,34,1937,57,56.6,21.5,18,83.0,9,16,28.0,2,1.47,38,38,0,0.0,-0.61,1274,eng ENG,"MF,DF",eng Premier League,24.0,2001.0,21.5,2,0,0,17,29,0,16,18,23,0,"MF,DF",False,True,True,False,False,True,1937,24.0,1.069767441860465,0.8372093023255814,0.7906976744186046,1.3488372093023255,0.09302325581395349,0.0,0.7441860465116279,0.0,True
2344,James Sands,us USA,MF,St Pauli,de Bundesliga,25.0,2000.0,24,23,1934,21.5,1,0,1,1,0,0,4,0,0.05,,,,,,,,,,,,,,,,,,,,,,,,,2344,us USA,MF,de Bundesliga,25.0,2000.0,21.5,1,16,4,25.0,0.74,0.19,0.06,0.25,0,0,2916,us USA,MF,de Bundesliga,25.0,2000.0,24,1934,81,63.2,21.5,23,84.0,15,1,11.0,0,1.0,17,34,-17,-0.79,0.33,2344,us USA,MF,de Bundesliga,25.0,2000.0,21.5,4,0,0,26,38,0,9,41,23,0,MF,False,False,True,False,True,False,1934,25.0,1.069767441860465,1.9069767441860466,1.2093023255813953,1.7674418604651163,0.18604651162790697,0.0,0.4186046511627907,0.0,True
181,Yasin Ayari,se SWE,MF,Brighton,eng Premier League,21.0,2003.0,29,20,1929,21.4,3,3,6,3,0,0,1,0,0.28,,,,,,,,,,,,,,,,,,,,,,,,,181,se SWE,MF,eng Premier League,21.0,2003.0,21.4,3,41,10,24.4,1.91,0.47,0.07,0.3,0,0,221,se SWE,MF,eng Premier League,21.0,2003.0,29,1929,67,56.4,21.4,20,86.0,15,9,22.0,2,1.55,32,24,8,0.37,0.49,181,se SWE,MF,eng Premier League,21.0,2003.0,21.4,1,0,0,24,28,0,24,26,25,0,MF,False,False,True,False,True,False,1929,21.0,1.1682242990654206,1.2149532710280375,1.1214953271028039,1.3084112149532712,0.04672897196261683,0.0,1.1214953271028039,0.0,True
2461,Emile Smith Rowe,eng ENG,MF,Fulham,eng Premier League,25.0,2000.0,37,22,1923,21.4,3,0,3,3,0,0,1,0,0.14,,,,,,,,,,,,,,,,,,,,,,,,,2461,eng ENG,MF,eng Premier League,25.0,2000.0,21.4,3,36,11,30.6,1.68,0.51,0.08,0.27,0,0,3076,eng ENG,MF,eng Premier League,25.0,2000.0,37,1923,52,56.2,21.4,22,73.0,1,15,21.0,0,1.38,27,28,-1,-0.05,0.13,2461,eng ENG,MF,eng Premier League,25.0,2000.0,21.4,1,0,0,10,17,3,13,22,22,0,MF,False,False,True,False,True,False,1923,25.0,1.0280373831775702,1.0280373831775702,0.4672897196261683,0.7943925233644861,0.04672897196261683,0.0,0.6074766355140188,0.14018691588785048,True
262,Rafik Belghali,dz ALG,MF,Hellas Verona,it Serie A,23.0,2002.0,26,22,1920,21.3,2,0,2,2,0,0,6,0,0.09,,,,,,,,,,,,,,,,,,,,,,,,,262,dz ALG,MF,it Serie A,23.0,2002.0,21.3,2,21,6,28.6,0.98,0.28,0.1,0.33,0,0,326,dz ALG,MF,it Serie A,23.0,2002.0,26,1920,74,56.1,21.3,22,82.0,12,4,29.0,1,0.58,15,28,-13,-0.61,0.77,262,dz ALG,MF,it Serie A,23.0,2002.0,21.3,6,0,0,20,10,6,60,17,13,0,MF,False,False,True,False,True,False,1920,23.0,0.6103286384976525,0.7981220657276995,0.9389671361502347,0.4694835680751174,0.28169014084507044,0.0,2.816901408450704,0.28169014084507044,True
110,Mohamed Amoura,dz ALG,"FW,MF",Wolfsburg,de Bundesliga,25.0,2000.0,30,23,1919,21.3,8,3,11,7,1,1,2,0,0.47,,,,,,,,,,,,,,,,,,,,,,,,,110,dz ALG,"FW,MF",de Bundesliga,25.0,2000.0,21.3,8,60,19,31.7,2.81,0.89,0.12,0.37,1,1,138,dz ALG,"FW,MF",de Bundesliga,25.0,2000.0,30,1919,64,62.7,21.3,23,78.0,8,7,18.0,0,0.97,32,32,0,0.0,1.89,110,dz ALG,"FW,MF",de Bundesliga,25.0,2000.0,21.3,2,0,0,21,11,12,34,7,22,0,"FW,MF",False,False,True,True,False,True,1919,25.0,1.0328638497652582,0.32863849765258213,0.9859154929577465,0.5164319248826291,0.09389671361502347,0.0,1.596244131455399,0.5633802816901409,True
271,Jude Bellingham,eng ENG,MF,Real Madrid,es La Liga,22.0,2003.0,28,22,1916,21.3,6,4,10,6,0,0,3,0,0.47,,,,,,,,,,,,,,,,,,,,,,,,,271,eng ENG,MF,es La Liga,22.0,2003.0,21.3,6,51,26,51.0,2.4,1.22,0.12,0.23,0,0,335,eng ENG,MF,es La Liga,22.0,2003.0,28,1916,68,56.0,21.3,22,81.0,14,6,21.0,0,2.21,42,19,23,1.08,-0.06,271,eng ENG,MF,es La Liga,22.0,2003.0,21.3,3,0,0,33,55,4,16,14,37,0,MF,False,False,True,False,True,False,1916,22.0,1.7370892018779343,0.6572769953051643,1.5492957746478873,2.5821596244131455,0.14084507042253522,0.0,0.7511737089201878,0.18779342723004694,True
938,Gianluca Gaetano,it ITA,"MF,FW",Cagliari,it Serie A,25.0,2000.0,33,21,1912,21.2,2,4,6,2,0,0,4,0,0.28,,,,,,,,,,,,,,,,,,,,,,,,,938,it ITA,"MF,FW",it Serie A,25.0,2000.0,21.2,2,34,11,32.4,1.6,0.52,0.06,0.18,0,0,1164,it ITA,"MF,FW",it Serie A,25.0,2000.0,33,1912,58,55.9,21.2,21,77.0,10,12,24.0,0,1.21,27,30,-3,-0.14,0.46,938,it ITA,"MF,FW",it Serie A,25.0,2000.0,21.2,4,0,0,26,29,0,38,23,15,0,"MF,FW",False,False,True,True,False,True,1912,25.0,0.7075471698113208,1.0849056603773586,1.2264150943396226,1.3679245283018868,0.18867924528301888,0.0,1.7924528301886793,0.0,True
1308,Daichi Kamada,jp JPN,MF,Crystal Palace,eng Premier League,28.0,1996.0,28,22,1902,21.1,0,0,0,0,0,0,3,0,0.0,,,,,,,,,,,,,,,,,,,,,,,,,1308,jp JPN,MF,eng Premier League,28.0,1996.0,21.1,0,19,4,21.1,0.9,0.19,0.0,0.0,0,0,1607,jp JPN,MF,eng Premier League,28.0,1996.0,28,1902,68,55.6,21.1,22,80.0,8,6,22.0,0,1.43,32,28,4,0.19,1.02,1308,jp JPN,MF,eng Premier League,28.0,1996.0,21.1,3,0,0,30,28,1,42,14,35,0,MF,False,False,True,False,True,False,1902,28.0,1.6587677725118481,0.6635071090047393,1.4218009478672984,1.3270142180094786,0.14218009478672985,0.0,1.990521327014218,0.04739336492890995,True
2776,Nick Woltemade,de GER,"FW,MF",Newcastle United,eng Premier League,23.0,2002.0,33,24,1902,21.1,8,3,11,7,1,1,0,0,0.47,,,,,,,,,,,,,,,,,,,,,,,,,2776,de GER,"FW,MF",eng Premier League,23.0,2002.0,21.1,8,32,13,40.6,1.51,0.62,0.22,0.54,1,1,3463,de GER,"FW,MF",eng Premier League,23.0,2002.0,33,1902,58,55.6,21.1,24,73.0,3,9,16.0,1,1.24,31,29,2,0.09,0.33,2776,de GER,"FW,MF",eng Premier League,23.0,2002.0,21.1,0,0,0,20,20,8,3,5,13,1,"FW,MF",False,False,True,True,False,True,1902,23.0,0.6161137440758293,0.23696682464454974,0.947867298578199,0.947867298578199,0.0,0.0,0.14218009478672985,0.3791469194312796,True
1290,James Justin,eng ENG,"DF,MF",Leeds United,eng Premier League,27.0,1998.0,29,21,1901,21.1,2,1,3,2,0,0,4,0,0.14,,,,,,,,,,,,,,,,,,,,,,,,,1290,eng ENG,"DF,MF",eng Premier League,27.0,1998.0,21.1,2,24,6,25.0,1.14,0.28,0.08,0.33,0,0,1586,eng ENG,"DF,MF",eng Premier League,27.0,1998.0,29,1901,66,55.6,21.1,21,86.0,17,8,12.0,7,1.41,27,26,1,0.05,0.52,1290,eng ENG,"DF,MF",eng Premier League,27.0,1998.0,21.1,4,0,0,13,31,2,38,26,38,0,"DF,MF",False,True,True,False,False,True,1901,27.0,1.8009478672985781,1.2322274881516586,0.6161137440758293,1.4691943127962084,0.1895734597156398,0.0,1.8009478672985781,0.0947867298578199,True
1489,Mehdi Léris,dz ALG,MF,Pisa,it Serie A,27.0,1998.0,34,21,1900,21.1,2,3,5,2,0,0,2,0,0.24,,,,,,,,,,,,,,,,,,,,,,,,,1489,dz ALG,MF,it Serie A,27.0,1998.0,21.1,2,25,7,28.0,1.18,0.33,0.08,0.29,0,0,1840,dz ALG,MF,it Serie A,27.0,1998.0,34,1900,56,55.6,21.1,21,73.0,5,13,28.0,3,0.47,16,42,-26,-1.23,-0.11,1489,dz ALG,MF,it Serie A,27.0,1998.0,21.1,2,0,0,27,22,8,99,23,37,0,MF,False,False,True,False,True,False,1900,27.0,1.7535545023696681,1.0900473933649288,1.2796208530805686,1.0426540284360188,0.0947867298578199,0.0,4.691943127962085,0.3791469194312796,True
1376,Derrick Köhn,gh GHA,"MF,DF",Union Berlin,de Bundesliga,26.0,1999.0,29,21,1899,21.1,1,2,3,0,1,1,5,1,0.09,,,,,,,,,,,,,,,,,,,,,,,,,1376,gh GHA,"MF,DF",de Bundesliga,26.0,1999.0,21.1,1,28,5,17.9,1.33,0.24,0.0,0.0,1,1,1693,gh GHA,"MF,DF",de Bundesliga,26.0,1999.0,29,1899,65,62.1,21.1,21,82.0,10,8,21.0,2,1.17,25,32,-7,-0.33,0.21,1376,gh GHA,"MF,DF",de Bundesliga,26.0,1999.0,21.1,5,1,0,33,16,6,114,8,22,0,"MF,DF",False,True,True,False,False,True,1899,26.0,1.0426540284360188,0.3791469194312796,1.5639810426540284,0.7582938388625592,0.23696682464454974,0.04739336492890995,5.402843601895734,0.2843601895734597,True
2807,Nicola Zalewski,pl POL,MF,Atalanta,it Serie A,23.0,2002.0,33,24,1897,21.1,2,4,6,2,0,0,3,0,0.28,,,,,,,,,,,,,,,,,,,,,,,,,2807,pl POL,MF,it Serie A,23.0,2002.0,21.1,2,38,7,18.4,1.8,0.33,0.05,0.29,0,0,3498,pl POL,MF,it Serie A,23.0,2002.0,33,1897,57,55.5,21.1,24,69.0,5,9,28.0,3,1.64,29,13,16,0.76,0.82,2807,pl POL,MF,it Serie A,23.0,2002.0,21.1,3,0,0,21,51,3,124,16,20,0,MF,False,False,True,False,True,False,1897,23.0,0.947867298578199,0.7582938388625592,0.995260663507109,2.4170616113744074,0.14218009478672985,0.0,5.8767772511848335,0.14218009478672985,True
1461,Théo Le Bris,fr FRA,MF,Lorient,fr Ligue 1,22.0,2002.0,28,22,1893,21.0,2,2,4,2,0,0,0,0,0.19,,,,,,,,,,,,,,,,,,,,,,,,,1461,fr FRA,MF,fr Ligue 1,22.0,2002.0,21.0,2,17,7,41.2,0.81,0.33,0.12,0.29,0,0,1804,fr FRA,MF,fr Ligue 1,22.0,2002.0,28,1893,68,61.9,21.0,22,81.0,7,6,19.0,1,1.36,30,26,4,0.19,0.73,1461,fr FRA,MF,fr Ligue 1,22.0,2002.0,21.0,0,0,0,8,7,0,81,17,28,0,MF,False,False,True,False,True,False,1893,22.0,1.3333333333333333,0.8095238095238095,0.38095238095238093,0.3333333333333333,0.0,0.0,3.857142857142857,0.0,True
127,Ilyas Ansah,de GER,"MF,FW",Union Berlin,de Bundesliga,20.0,2004.0,33,23,1892,21.0,5,1,6,5,0,0,1,0,0.29,,,,,,,,,,,,,,,,,,,,,,,,,127,de GER,"MF,FW",de Bundesliga,20.0,2004.0,21.0,5,33,12,36.4,1.57,0.57,0.15,0.42,0,0,159,de GER,"MF,FW",de Bundesliga,20.0,2004.0,33,1892,57,61.8,21.0,23,73.0,3,10,22.0,1,1.18,28,31,-3,-0.14,0.7,127,de GER,"MF,FW",de Bundesliga,20.0,2004.0,21.0,1,0,0,21,43,9,19,4,9,0,"MF,FW",False,False,True,True,False,True,1892,20.0,0.42857142857142855,0.19047619047619047,1.0,2.0476190476190474,0.047619047619047616,0.0,0.9047619047619048,0.42857142857142855,True
1827,Louis Mouton,fr FRA,MF,Angers,fr Ligue 1,23.0,2002.0,32,24,1891,21.0,2,1,3,2,0,0,2,1,0.14,,,,,,,,,,,,,,,,,,,,,,,,,1827,fr FRA,MF,fr Ligue 1,23.0,2002.0,21.0,2,36,8,22.2,1.71,0.38,0.06,0.25,0,0,2261,fr FRA,MF,fr Ligue 1,23.0,2002.0,32,1891,59,61.8,21.0,24,73.0,2,8,17.0,0,1.09,15,28,-13,-0.62,-0.16,1827,fr FRA,MF,fr Ligue 1,23.0,2002.0,21.0,2,1,0,20,16,4,31,12,26,0,MF,False,False,True,False,True,False,1891,23.0,1.2380952380952381,0.5714285714285714,0.9523809523809523,0.7619047619047619,0.09523809523809523,0.047619047619047616,1.4761904761904763,0.19047619047619047,True
93,Carlos Álvarez,es ESP,MF,Levante,es La Liga,21.0,2003.0,30,23,1890,21.0,3,1,4,3,0,0,3,0,0.19,,,,,,,,,,,,,,,,,,,,,,,,,93,es ESP,MF,es La Liga,21.0,2003.0,21.0,3,30,11,36.7,1.43,0.52,0.1,0.27,0,0,118,es ESP,MF,es La Liga,21.0,2003.0,30,1890,63,55.3,21.0,23,76.0,7,7,21.0,1,0.93,20,35,-15,-0.71,-0.77,93,es ESP,MF,es La Liga,21.0,2003.0,21.0,3,0,0,22,49,2,54,13,13,0,MF,False,False,True,False,True,False,1890,21.0,0.6190476190476191,0.6190476190476191,1.0476190476190477,2.3333333333333335,0.14285714285714285,0.0,2.5714285714285716,0.09523809523809523,True
989,Dimitris Giannoulis,gr GRE,MF,Augsburg,de Bundesliga,29.0,1995.0,27,25,1888,21.0,2,5,7,2,0,0,8,0,0.33,,,,,,,,,,,,,,,,,,,,,,,,,989,gr GRE,MF,de Bundesliga,29.0,1995.0,21.0,2,10,6,60.0,0.48,0.29,0.2,0.33,0,0,1225,gr GRE,MF,de Bundesliga,29.0,1995.0,27,1888,70,61.7,21.0,25,74.0,9,2,25.0,0,1.37,32,39,-7,-0.33,0.36,989,gr GRE,MF,de Bundesliga,29.0,1995.0,21.0,8,0,0,16,20,4,99,21,20,0,MF,False,False,True,False,True,False,1888,29.0,0.9523809523809523,1.0,0.7619047619047619,0.9523809523809523,0.38095238095238093,0.0,4.714285714285714,0.19047619047619047,True
1326,Atakan Karazor,tr TUR,MF,Stuttgart,de Bundesliga,28.0,1996.0,28,22,1884,20.9,0,1,1,0,0,0,5,1,0.05,,,,,,,,,,,,,,,,,,,,,,,,,1326,tr TUR,MF,de Bundesliga,28.0,1996.0,20.9,0,7,2,28.6,0.33,0.1,0.0,0.0,0,0,1627,tr TUR,MF,de Bundesliga,28.0,1996.0,28,1884,67,61.6,20.9,22,84.0,12,6,7.0,3,1.82,37,29,8,0.38,-0.69,1326,tr TUR,MF,de Bundesliga,28.0,1996.0,20.9,5,1,0,20,34,1,7,15,27,0,MF,False,False,True,False,True,False,1884,28.0,1.291866028708134,0.7177033492822967,0.9569377990430623,1.6267942583732058,0.23923444976076558,0.04784688995215311,0.3349282296650718,0.04784688995215311,True
826,Julio Enciso,py PAR,"MF,FW",Strasbourg,fr Ligue 1,21.0,2004.0,27,22,1883,20.9,3,6,9,2,1,1,2,0,0.38,,,,,,,,,,,,,,,,,,,,,,,,,826,py PAR,"MF,FW",fr Ligue 1,21.0,2004.0,20.9,3,61,22,36.1,2.92,1.05,0.03,0.09,1,1,1013,py PAR,"MF,FW",fr Ligue 1,21.0,2004.0,27,1883,70,61.5,20.9,22,80.0,7,5,23.0,1,1.41,35,30,5,0.24,-0.22,826,py PAR,"MF,FW",fr Ligue 1,21.0,2004.0,20.9,2,0,0,20,31,5,61,7,10,0,"MF,FW",False,False,True,True,False,True,1883,21.0,0.47846889952153115,0.3349282296650718,0.9569377990430623,1.4832535885167466,0.09569377990430622,0.0,2.91866028708134,0.23923444976076558,True
288,Rodrigo Bentancur,uy URU,MF,Tottenham Hotspur,eng Premier League,28.0,1997.0,26,23,1883,20.9,1,1,2,1,0,0,7,0,0.1,,,,,,,,,,,,,,,,,,,,,,,,,288,uy URU,MF,eng Premier League,28.0,1997.0,20.9,1,13,3,23.1,0.62,0.14,0.08,0.33,0,0,357,uy URU,MF,eng Premier League,28.0,1997.0,26,1883,72,55.1,20.9,23,79.0,11,3,21.0,1,1.35,28,25,3,0.14,0.85,288,uy URU,MF,eng Premier League,28.0,1997.0,20.9,7,0,0,19,8,1,7,36,36,0,MF,False,False,True,False,True,False,1883,28.0,1.722488038277512,1.722488038277512,0.9090909090909092,0.3827751196172249,0.3349282296650718,0.0,0.3349282296650718,0.04784688995215311,True
424,Noah Cadiou,gp GLP,MF,Lorient,fr Ligue 1,26.0,1998.0,28,20,1879,20.9,3,1,4,3,0,0,2,0,0.19,,,,,,,,,,,,,,,,,,,,,,,,,424,gp GLP,MF,fr Ligue 1,26.0,1998.0,20.9,3,19,9,47.4,0.91,0.43,0.16,0.33,0,0,520,gp GLP,MF,fr Ligue 1,26.0,1998.0,28,1879,67,61.4,20.9,20,86.0,17,8,20.0,4,1.43,31,33,-2,-0.1,-0.02,424,gp GLP,MF,fr Ligue 1,26.0,1998.0,20.9,2,0,0,27,13,0,3,24,16,0,MF,False,False,True,False,True,False,1879,26.0,0.7655502392344498,1.1483253588516746,1.291866028708134,0.6220095693779905,0.09569377990430622,0.0,0.14354066985645933,0.0,True
1887,Cher Ndour,it ITA,MF,Fiorentina,it Serie A,21.0,2004.0,33,20,1876,20.8,3,0,3,3,0,0,2,0,0.14,,,,,,,,,,,,,,,,,,,,,,,,,1887,it ITA,MF,it Serie A,21.0,2004.0,20.8,3,24,8,33.3,1.15,0.38,0.13,0.38,0,0,2336,it ITA,MF,it Serie A,21.0,2004.0,33,1876,57,54.9,20.8,20,79.0,9,13,23.0,5,1.24,18,22,-4,-0.19,0.1,1887,it ITA,MF,it Serie A,21.0,2004.0,20.8,2,0,0,26,23,1,20,15,17,0,MF,False,False,True,False,True,False,1876,21.0,0.8173076923076923,0.7211538461538461,1.25,1.1057692307692308,0.09615384615384615,0.0,0.9615384615384615,0.04807692307692307,True
710,Pedro Díaz,es ESP,MF,Rayo Vallecano,es La Liga,27.0,1998.0,34,21,1870,20.8,0,1,1,0,0,0,2,0,0.05,,,,,,,,,,,,,,,,,,,,,,,,,710,es ESP,MF,es La Liga,27.0,1998.0,20.8,0,44,6,13.6,2.12,0.29,0.0,0.0,0,0,874,es ESP,MF,es La Liga,27.0,1998.0,34,1870,55,54.7,20.8,21,76.0,9,13,21.0,1,1.32,24,31,-7,-0.34,-0.57,710,es ESP,MF,es La Liga,27.0,1998.0,20.8,2,0,0,20,13,0,38,9,25,0,MF,False,False,True,False,True,False,1870,27.0,1.2019230769230769,0.43269230769230765,0.9615384615384615,0.625,0.09615384615384615,0.0,1.8269230769230769,0.0,True
2591,Youri Tielemans,be BEL,MF,Aston Villa,eng Premier League,28.0,1997.0,25,21,1862,20.7,0,4,4,0,0,0,0,0,0.19,,,,,,,,,,,,,,,,,,,,,,,,,2591,be BEL,MF,eng Premier League,28.0,1997.0,20.7,0,24,7,29.2,1.16,0.34,0.0,0.0,0,0,3237,be BEL,MF,eng Premier League,28.0,1997.0,25,1862,74,54.4,20.7,21,85.0,14,4,21.0,0,1.88,32,27,5,0.24,0.13,2591,be BEL,MF,eng Premier League,28.0,1997.0,20.7,0,0,0,25,40,1,45,16,39,0,MF,False,False,True,False,True,False,1862,28.0,1.884057971014493,0.7729468599033816,1.2077294685990339,1.9323671497584543,0.0,0.0,2.1739130434782608,0.04830917874396135,True
1666,Pablo Martínez,es ESP,MF,Levante,es La Liga,27.0,1998.0,27,21,1857,20.6,1,5,6,1,0,0,3,0,0.29,,,,,,,,,,,,,,,,,,,,,,,,,1666,es ESP,MF,es La Liga,27.0,1998.0,20.6,1,28,4,14.3,1.36,0.19,0.04,0.25,0,0,2057,es ESP,MF,es La Liga,27.0,1998.0,27,1857,69,54.3,20.6,21,81.0,8,6,28.0,1,1.37,25,28,-3,-0.15,0.49,1666,es ESP,MF,es La Liga,27.0,1998.0,20.6,3,0,0,30,12,3,87,19,10,0,MF,False,False,True,False,True,False,1857,27.0,0.48543689320388345,0.9223300970873786,1.4563106796116503,0.5825242718446602,0.14563106796116504,0.0,4.223300970873786,0.14563106796116504,True
1695,Ibrahim Maza,dz ALG,MF,Leverkusen,de Bundesliga,19.0,2005.0,28,20,1849,20.5,3,4,7,3,0,0,2,0,0.34,,,,,,,,,,,,,,,,,,,,,,,,,1695,dz ALG,MF,de Bundesliga,19.0,2005.0,20.5,3,54,17,31.5,2.63,0.83,0.06,0.18,0,0,2091,dz ALG,MF,de Bundesliga,19.0,2005.0,28,1849,66,60.4,20.5,20,79.0,9,8,33.0,2,1.64,42,27,15,0.73,0.28,1695,dz ALG,MF,de Bundesliga,19.0,2005.0,20.5,2,0,0,19,36,3,64,16,24,0,MF,False,False,True,False,True,False,1849,19.0,1.170731707317073,0.7804878048780488,0.926829268292683,1.7560975609756098,0.0975609756097561,0.0,3.1219512195121952,0.14634146341463414,True
441,Lamine Camara,sn SEN,MF,Monaco,fr Ligue 1,21.0,2004.0,24,22,1847,20.5,3,4,7,3,0,0,6,0,0.34,,,,,,,,,,,,,,,,,,,,,,,,,441,sn SEN,MF,fr Ligue 1,21.0,2004.0,20.5,3,25,4,16.0,1.22,0.19,0.12,0.75,0,0,541,sn SEN,MF,fr Ligue 1,21.0,2004.0,24,1847,77,60.4,20.5,22,82.0,15,2,17.0,0,1.88,40,27,13,0.63,1.15,441,sn SEN,MF,fr Ligue 1,21.0,2004.0,20.5,6,0,0,28,48,0,101,38,33,0,MF,False,False,True,False,True,False,1847,21.0,1.6097560975609757,1.853658536585366,1.3658536585365855,2.341463414634146,0.2926829268292683,0.0,4.926829268292683,0.0,True
2157,Cameron Puertas,ch SUI,MF,Werder Bremen,de Bundesliga,26.0,1998.0,28,22,1846,20.5,1,2,3,1,0,0,6,0,0.15,,,,,,,,,,,,,,,,,,,,,,,,,2157,ch SUI,MF,de Bundesliga,26.0,1998.0,20.5,1,37,8,21.6,1.8,0.39,0.03,0.13,0,0,2681,ch SUI,MF,de Bundesliga,26.0,1998.0,28,1846,66,60.3,20.5,22,80.0,10,6,15.0,3,1.04,24,30,-6,-0.29,0.97,2157,ch SUI,MF,de Bundesliga,26.0,1998.0,20.5,6,0,0,37,22,2,77,19,37,0,MF,False,False,True,False,True,False,1846,26.0,1.8048780487804879,0.926829268292683,1.8048780487804879,1.0731707317073171,0.2926829268292683,0.0,3.7560975609756095,0.0975609756097561,True
2565,Jackson Tchatchoua,cm CMR,"MF,DF",Wolves,eng Premier League,23.0,2001.0,31,19,1845,20.5,0,1,1,0,0,0,3,0,0.05,,,,,,,,,,,,,,,,,,,,,,,,,2565,cm CMR,"MF,DF",eng Premier League,23.0,2001.0,20.5,0,3,1,33.3,0.15,0.05,0.0,0.0,0,0,3207,cm CMR,"MF,DF",eng Premier League,23.0,2001.0,31,1845,60,53.9,20.5,19,82.0,14,12,24.0,6,0.55,17,37,-20,-0.98,0.22,2565,cm CMR,"MF,DF",eng Premier League,23.0,2001.0,20.5,3,0,0,8,9,2,90,14,15,0,"MF,DF",False,True,True,False,False,True,1845,23.0,0.7317073170731707,0.6829268292682927,0.3902439024390244,0.43902439024390244,0.14634146341463414,0.0,4.390243902439025,0.0975609756097561,True
493,Timothy Castagne,be BEL,"DF,MF",Fulham,eng Premier League,29.0,1995.0,30,20,1845,20.5,0,0,0,0,0,0,4,0,0.0,,,,,,,,,,,,,,,,,,,,,,,,,493,be BEL,"DF,MF",eng Premier League,29.0,1995.0,20.5,0,14,6,42.9,0.68,0.29,0.0,0.0,0,0,603,be BEL,"DF,MF",eng Premier League,29.0,1995.0,30,1845,62,53.9,20.5,20,86.0,16,10,12.0,8,1.2,25,32,-7,-0.34,-0.51,493,be BEL,"DF,MF",eng Premier League,29.0,1995.0,20.5,4,0,0,18,11,1,48,28,24,0,"DF,MF",False,True,True,False,False,True,1845,29.0,1.170731707317073,1.3658536585365855,0.8780487804878049,0.5365853658536586,0.1951219512195122,0.0,2.341463414634146,0.04878048780487805,True
1184,Callum Hudson-Odoi,eng ENG,MF,Nottingham Forest,eng Premier League,24.0,2000.0,30,21,1841,20.5,3,4,7,3,0,0,0,0,0.34,,,,,,,,,,,,,,,,,,,,,,,,,1184,eng ENG,MF,eng Premier League,24.0,2000.0,20.5,3,30,10,33.3,1.47,0.49,0.1,0.3,0,0,1461,eng ENG,MF,eng Premier League,24.0,2000.0,30,1841,61,53.8,20.5,21,75.0,4,9,31.0,0,1.0,21,26,-5,-0.24,-0.36,1184,eng ENG,MF,eng Premier League,24.0,2000.0,20.5,0,0,0,12,12,2,91,8,7,0,MF,False,False,True,False,True,False,1841,24.0,0.34146341463414637,0.3902439024390244,0.5853658536585366,0.5853658536585366,0.0,0.0,4.439024390243903,0.0975609756097561,True
1253,Oliver Jensen,dk DEN,MF,Parma,it Serie A,23.0,2002.0,34,19,1840,20.4,1,1,2,1,0,0,2,0,0.1,,,,,,,,,,,,,,,,,,,,,,,,,1253,dk DEN,MF,it Serie A,23.0,2002.0,20.4,1,15,3,20.0,0.73,0.15,0.07,0.33,0,0,1542,dk DEN,MF,it Serie A,23.0,2002.0,34,1840,54,53.8,20.4,19,78.0,9,15,23.0,4,1.21,14,28,-14,-0.68,-0.46,1253,dk DEN,MF,it Serie A,23.0,2002.0,20.4,2,0,0,13,20,2,14,17,8,0,MF,False,False,True,False,True,False,1840,23.0,0.3921568627450981,0.8333333333333334,0.6372549019607844,0.9803921568627452,0.09803921568627452,0.0,0.6862745098039216,0.09803921568627452,True
2390,Xaver Schlager,at AUT,MF,RB Leipzig,de Bundesliga,27.0,1997.0,26,21,1837,20.4,3,1,4,3,0,0,6,0,0.2,,,,,,,,,,,,,,,,,,,,,,,,,2390,at AUT,MF,de Bundesliga,27.0,1997.0,20.4,3,21,7,33.3,1.03,0.34,0.14,0.43,0,0,2973,at AUT,MF,de Bundesliga,27.0,1997.0,26,1837,71,60.0,20.4,21,83.0,16,5,21.0,1,1.88,40,29,11,0.54,-0.05,2390,at AUT,MF,de Bundesliga,27.0,1997.0,20.4,6,0,0,25,16,2,11,7,25,0,MF,False,False,True,False,True,False,1837,27.0,1.2254901960784315,0.3431372549019608,1.2254901960784315,0.7843137254901962,0.29411764705882354,0.0,0.5392156862745099,0.09803921568627452,True
1394,Teun Koopmeiners,nl NED,"MF,DF",Juventus,it Serie A,27.0,1998.0,33,18,1827,20.3,0,0,0,0,0,0,5,0,0.0,,,,,,,,,,,,,,,,,,,,,,,,,1394,nl NED,"MF,DF",it Serie A,27.0,1998.0,20.3,0,28,7,25.0,1.38,0.34,0.0,0.0,0,0,1715,nl NED,"MF,DF",it Serie A,27.0,1998.0,33,1827,55,53.4,20.3,18,82.0,11,15,23.0,4,1.7,25,22,3,0.15,-1.21,1394,nl NED,"MF,DF",it Serie A,27.0,1998.0,20.3,5,0,0,33,11,3,47,18,13,0,"MF,DF",False,True,True,False,False,True,1827,27.0,0.6403940886699507,0.8866995073891625,1.625615763546798,0.541871921182266,0.24630541871921183,0.0,2.315270935960591,0.14778325123152708,True
1069,Gonçalo Guedes,pt POR,MF,Real Sociedad,es La Liga,28.0,1996.0,32,22,1823,20.3,8,4,12,8,0,0,3,0,0.59,,,,,,,,,,,,,,,,,,,,,,,,,1069,pt POR,MF,es La Liga,28.0,1996.0,20.3,8,46,18,39.1,2.27,0.89,0.17,0.44,0,0,1325,pt POR,MF,es La Liga,28.0,1996.0,32,1823,57,53.3,20.3,22,72.0,5,10,25.0,0,1.31,32,26,6,0.3,0.75,1069,pt POR,MF,es La Liga,28.0,1996.0,20.3,3,0,0,18,33,13,70,4,16,0,MF,False,False,True,False,True,False,1823,28.0,0.7881773399014778,0.19704433497536944,0.8866995073891625,1.625615763546798,0.14778325123152708,0.0,3.4482758620689653,0.6403940886699507,True
2420,Ryan Sessegnon,eng ENG,"DF,MF",Fulham,eng Premier League,25.0,2000.0,27,20,1823,20.3,3,1,4,3,0,0,0,0,0.2,,,,,,,,,,,,,,,,,,,,,,,,,2420,eng ENG,"DF,MF",eng Premier League,25.0,2000.0,20.3,3,16,4,25.0,0.79,0.2,0.19,0.75,0,0,3013,eng ENG,"DF,MF",eng Premier League,25.0,2000.0,27,1823,68,53.3,20.3,20,85.0,14,7,19.0,1,1.33,32,29,3,0.15,0.54,2420,eng ENG,"DF,MF",eng Premier League,25.0,2000.0,20.3,0,0,0,33,3,4,55,23,29,0,"DF,MF",False,True,True,False,False,True,1823,25.0,1.4285714285714286,1.1330049261083743,1.625615763546798,0.14778325123152708,0.0,0.0,2.70935960591133,0.19704433497536944,True
391,Tajon Buchanan,ca CAN,MF,Villarreal,es La Liga,26.0,1999.0,34,21,1819,20.2,7,1,8,7,0,0,8,0,0.4,,,,,,,,,,,,,,,,,,,,,,,,,391,ca CAN,MF,es La Liga,26.0,1999.0,20.2,7,27,11,40.7,1.34,0.54,0.26,0.64,0,0,485,ca CAN,MF,es La Liga,26.0,1999.0,34,1819,54,53.2,20.2,21,72.0,5,13,24.0,2,1.76,35,18,17,0.84,0.34,391,ca CAN,MF,es La Liga,26.0,1999.0,20.2,8,0,0,18,36,8,33,22,19,0,MF,False,False,True,False,True,False,1819,26.0,0.9405940594059407,1.0891089108910892,0.8910891089108911,1.7821782178217822,0.39603960396039606,0.0,1.6336633663366338,0.39603960396039606,True
104,Mohamed Amine Sbai,fr FRA,"MF,FW",Angers,fr Ligue 1,24.0,2000.0,25,23,1818,20.2,3,1,4,3,0,1,3,1,0.2,,,,,,,,,,,,,,,,,,,,,,,,,104,fr FRA,"MF,FW",fr Ligue 1,24.0,2000.0,20.2,3,34,16,47.1,1.68,0.79,0.09,0.19,0,1,130,fr FRA,"MF,FW",fr Ligue 1,24.0,2000.0,25,1818,73,59.4,20.2,23,77.0,5,2,28.0,1,1.2,17,26,-9,-0.45,0.28,104,fr FRA,"MF,FW",fr Ligue 1,24.0,2000.0,20.2,3,1,1,15,24,5,59,4,10,0,"MF,FW",False,False,True,True,False,True,1818,24.0,0.49504950495049505,0.19801980198019803,0.7425742574257426,1.188118811881188,0.1485148514851485,0.04950495049504951,2.9207920792079207,0.24752475247524752,True
850,Eberechi Eze,eng ENG,"MF,FW",Arsenal,eng Premier League,27.0,1998.0,32,21,1812,20.1,7,2,9,7,0,0,1,0,0.45,,,,,,,,,,,,,,,,,,,,,,,,,850,eng ENG,"MF,FW",eng Premier League,27.0,1998.0,20.1,7,57,18,31.6,2.83,0.89,0.12,0.39,0,0,1042,eng ENG,"MF,FW",eng Premier League,27.0,1998.0,32,1812,57,53.0,20.1,21,74.0,5,11,24.0,4,2.09,37,14,23,1.14,-0.03,850,eng ENG,"MF,FW",eng Premier League,27.0,1998.0,20.1,1,0,0,14,38,1,8,11,13,0,"MF,FW",False,False,True,True,False,True,1812,27.0,0.6467661691542288,0.5472636815920398,0.6965174129353233,1.8905472636815919,0.04975124378109452,0.0,0.3980099502487562,0.04975124378109452,True
1451,Hugo Larsson,se SWE,MF,Eintracht Frankfurt,de Bundesliga,21.0,2004.0,25,21,1812,20.1,2,2,4,2,0,0,0,0,0.2,,,,,,,,,,,,,,,,,,,,,,,,,1451,se SWE,MF,de Bundesliga,21.0,2004.0,20.1,2,13,6,46.2,0.65,0.3,0.15,0.33,0,0,1788,se SWE,MF,de Bundesliga,21.0,2004.0,25,1812,72,59.2,20.1,21,81.0,10,4,29.0,3,1.28,33,32,1,0.05,0.41,1451,se SWE,MF,de Bundesliga,21.0,2004.0,20.1,0,0,0,7,2,0,9,27,9,0,MF,False,False,True,False,True,False,1812,21.0,0.4477611940298507,1.3432835820895521,0.34825870646766166,0.09950248756218905,0.0,0.0,0.4477611940298507,0.0,True
1267,Ísak Jóhannesson,is ISL,MF,Köln,de Bundesliga,22.0,2003.0,31,21,1809,20.1,1,2,3,1,0,0,6,0,0.15,,,,,,,,,,,,,,,,,,,,,,,,,1267,is ISL,MF,de Bundesliga,22.0,2003.0,20.1,1,14,5,35.7,0.7,0.25,0.07,0.2,0,0,1557,is ISL,MF,de Bundesliga,22.0,2003.0,31,1809,58,59.1,20.1,21,76.0,8,10,22.0,1,0.97,25,39,-14,-0.7,-0.7,1267,is ISL,MF,de Bundesliga,22.0,2003.0,20.1,6,0,0,14,5,2,65,8,15,0,MF,False,False,True,False,True,False,1809,22.0,0.7462686567164178,0.3980099502487562,0.6965174129353233,0.24875621890547261,0.29850746268656714,0.0,3.233830845771144,0.09950248756218905,True
2289,Aitor Ruibal,es ESP,"DF,MF",Real Betis,es La Liga,29.0,1996.0,27,20,1808,20.1,4,2,6,4,0,0,6,1,0.3,,,,,,,,,,,,,,,,,,,,,,,,,2289,es ESP,"DF,MF",es La Liga,29.0,1996.0,20.1,4,31,12,38.7,1.54,0.6,0.13,0.33,0,0,2846,es ESP,"DF,MF",es La Liga,29.0,1996.0,27,1808,67,52.9,20.1,20,80.0,9,7,29.0,4,1.67,30,21,9,0.45,0.34,2289,es ESP,"DF,MF",es La Liga,29.0,1996.0,20.1,6,1,1,32,25,1,31,20,32,0,"DF,MF",False,True,True,False,False,True,1808,29.0,1.5920398009950247,0.9950248756218905,1.5920398009950247,1.243781094527363,0.29850746268656714,0.04975124378109452,1.5422885572139302,0.04975124378109452,True
1428,Sael Kumbedi,fr FRA,"DF,MF",Wolfsburg,de Bundesliga,20.0,2005.0,24,20,1804,20.0,0,5,5,0,0,0,2,0,0.25,,,,,,,,,,,,,,,,,,,,,,,,,1428,fr FRA,"DF,MF",de Bundesliga,20.0,2005.0,20.0,0,5,0,0.0,0.25,0.0,0.0,,0,0,1757,fr FRA,"DF,MF",de Bundesliga,20.0,2005.0,24,1804,75,59.0,20.0,20,86.0,12,4,24.0,5,0.88,30,45,-15,-0.75,-0.1,1428,fr FRA,"DF,MF",de Bundesliga,20.0,2005.0,20.0,2,0,0,21,18,4,41,14,33,0,"DF,MF",False,True,True,False,False,True,1804,20.0,1.65,0.7,1.05,0.9,0.1,0.0,2.05,0.2,True
1772,Rafa Mir,es ESP,"FW,MF",Elche,es La Liga,28.0,1997.0,27,21,1803,20.0,8,0,8,7,1,2,4,0,0.35,,,,,,,,,,,,,,,,,,,,,,,,,1772,es ESP,"FW,MF",es La Liga,28.0,1997.0,20.0,8,69,36,52.2,3.44,1.8,0.1,0.19,1,2,2190,es ESP,"FW,MF",es La Liga,28.0,1997.0,27,1803,67,52.7,20.0,21,80.0,7,6,21.0,3,1.22,30,24,6,0.3,1.08,1772,es ESP,"FW,MF",es La Liga,28.0,1997.0,20.0,4,0,0,39,16,7,19,4,7,0,"FW,MF",False,False,True,True,False,True,1803,28.0,0.35,0.2,1.95,0.8,0.2,0.0,0.95,0.35,True
1600,Jean-Victor Makengo,fr FRA,MF,Lorient,fr Ligue 1,27.0,1998.0,31,23,1800,20.0,4,2,6,4,0,0,2,0,0.3,,,,,,,,,,,,,,,,,,,,,,,,,1600,fr FRA,MF,fr Ligue 1,27.0,1998.0,20.0,4,39,14,35.9,1.95,0.7,0.1,0.29,0,0,1975,fr FRA,MF,fr Ligue 1,27.0,1998.0,31,1800,58,58.8,20.0,23,70.0,2,8,23.0,3,1.35,27,26,1,0.05,0.34,1600,fr FRA,MF,fr Ligue 1,27.0,1998.0,20.0,2,0,0,12,35,0,18,14,16,1,MF,False,False,True,False,True,False,1800,27.0,0.8,0.7,0.6,1.75,0.1,0.0,0.9,0.0,True
1814,Nikola Moro,hr CRO,MF,Bologna,it Serie A,27.0,1998.0,30,19,1799,20.0,2,0,2,2,0,0,1,0,0.1,,,,,,,,,,,,,,,,,,,,,,,,,1814,hr CRO,MF,it Serie A,27.0,1998.0,20.0,2,21,2,9.5,1.05,0.1,0.1,1.0,0,0,2246,hr CRO,MF,it Serie A,27.0,1998.0,30,1799,60,52.6,20.0,19,80.0,10,11,26.0,8,1.7,27,17,10,0.5,0.89,1814,hr CRO,MF,it Serie A,27.0,1998.0,20.0,1,0,0,18,17,1,49,19,8,0,MF,False,False,True,False,True,False,1799,27.0,0.4,0.95,0.9,0.85,0.05,0.0,2.45,0.05,True
2411,Antoine Semenyo,gh GHA,MF,Bournemouth,eng Premier League,25.0,2000.0,20,20,1798,20.0,10,3,13,9,1,2,6,0,0.6,,,,,,,,,,,,,,,,,,,,,,,,,2411,gh GHA,MF,eng Premier League,25.0,2000.0,20.0,10,49,27,55.1,2.45,1.35,0.18,0.33,1,2,2999,gh GHA,MF,eng Premier League,25.0,2000.0,20,1798,90,52.6,20.0,20,90.0,18,0,,0,1.25,31,38,-7,-0.35,-0.96,2411,gh GHA,MF,eng Premier League,25.0,2000.0,20.0,6,0,0,37,14,12,28,6,20,0,MF,False,False,True,False,True,False,1798,25.0,1.0,0.3,1.85,0.7,0.3,0.0,1.4,0.6,True
1529,Fermin López,es ESP,MF,Barcelona,es La Liga,22.0,2003.0,30,19,1797,20.0,6,9,15,6,0,0,3,0,0.75,,,,,,,,,,,,,,,,,,,,,,,,,1529,es ESP,MF,es La Liga,22.0,2003.0,20.0,6,68,25,36.8,3.41,1.25,0.09,0.24,0,0,1893,es ESP,MF,es La Liga,22.0,2003.0,30,1797,60,52.5,20.0,19,75.0,7,11,33.0,1,2.63,54,18,36,1.8,0.53,1529,es ESP,MF,es La Liga,22.0,2003.0,20.0,3,0,0,34,20,5,36,7,22,0,MF,False,False,True,False,True,False,1797,22.0,1.1,0.35,1.7,1.0,0.15,0.0,1.8,0.25,True
516,Fares Chaïbi,dz ALG,MF,Eintracht Frankfurt,de Bundesliga,22.0,2002.0,28,21,1792,19.9,2,9,11,2,0,0,2,0,0.55,,,,,,,,,,,,,,,,,,,,,,,,,516,dz ALG,MF,de Bundesliga,22.0,2002.0,19.9,2,35,9,25.7,1.76,0.45,0.06,0.22,0,0,636,dz ALG,MF,de Bundesliga,22.0,2002.0,28,1792,64,58.6,19.9,21,77.0,8,7,26.0,2,1.36,40,38,2,0.1,0.53,516,dz ALG,MF,de Bundesliga,22.0,2002.0,19.9,2,0,0,14,21,5,91,13,21,0,MF,False,False,True,False,True,False,1792,22.0,1.0552763819095479,0.6532663316582915,0.7035175879396985,1.0552763819095479,0.10050251256281408,0.0,4.572864321608041,0.2512562814070352,True
2719,Jan Virgili,es ESP,"MF,FW",Mallorca,es La Liga,19.0,2006.0,31,19,1792,19.9,2,4,6,2,0,0,0,1,0.3,,,,,,,,,,,,,,,,,,,,,,,,,2719,es ESP,"MF,FW",es La Liga,19.0,2006.0,19.9,2,32,16,50.0,1.61,0.8,0.06,0.13,0,0,3395,es ESP,"MF,FW",es La Liga,19.0,2006.0,31,1792,58,52.4,19.9,19,79.0,5,12,24.0,0,1.13,28,31,-3,-0.15,0.24,2719,es ESP,"MF,FW",es La Liga,19.0,2006.0,19.9,0,1,0,22,24,2,47,7,10,0,"MF,FW",False,False,True,True,False,True,1792,19.0,0.5025125628140704,0.35175879396984927,1.105527638190955,1.206030150753769,0.0,0.05025125628140704,2.361809045226131,0.10050251256281408,True
2332,Oihan Sancet,es ESP,MF,Athletic Club,es La Liga,25.0,2000.0,28,22,1788,19.9,4,0,4,2,2,2,4,1,0.1,,,,,,,,,,,,,,,,,,,,,,,,,2332,es ESP,MF,es La Liga,25.0,2000.0,19.9,4,48,15,31.3,2.42,0.76,0.04,0.13,2,2,2902,es ESP,MF,es La Liga,25.0,2000.0,28,1788,64,52.3,19.9,22,71.0,2,6,37.0,0,1.0,17,25,-8,-0.4,-0.02,2332,es ESP,MF,es La Liga,25.0,2000.0,19.9,4,1,0,28,28,0,23,3,14,0,MF,False,False,True,False,True,False,1788,25.0,0.7035175879396985,0.15075376884422112,1.407035175879397,1.407035175879397,0.20100502512562815,0.05025125628140704,1.155778894472362,0.0,True
2295,Georginio Rutter,fr FRA,"MF,FW",Brighton,eng Premier League,23.0,2002.0,32,20,1786,19.8,3,3,6,3,0,0,2,0,0.3,,,,,,,,,,,,,,,,,,,,,,,,,2295,fr FRA,"MF,FW",eng Premier League,23.0,2002.0,19.8,3,42,14,33.3,2.12,0.71,0.07,0.21,0,0,2852,fr FRA,"MF,FW",eng Premier League,23.0,2002.0,32,1786,56,52.2,19.8,20,78.0,4,12,19.0,4,1.38,27,20,7,0.35,0.41,2295,fr FRA,"MF,FW",eng Premier League,23.0,2002.0,19.8,2,0,0,30,34,11,20,11,19,1,"MF,FW",False,False,True,True,False,True,1786,23.0,0.9595959595959596,0.5555555555555556,1.5151515151515151,1.7171717171717171,0.10101010101010101,0.0,1.0101010101010102,0.5555555555555556,True
270,Jobe Bellingham,eng ENG,MF,Dortmund,de Bundesliga,19.0,2005.0,32,20,1786,19.8,0,1,1,0,0,0,2,1,0.05,,,,,,,,,,,,,,,,,,,,,,,,,270,eng ENG,MF,de Bundesliga,19.0,2005.0,19.8,0,19,6,31.6,0.96,0.3,0.0,0.0,0,0,334,eng ENG,MF,de Bundesliga,19.0,2005.0,32,1786,56,58.4,19.8,20,80.0,11,12,15.0,0,2.16,44,20,24,1.21,0.36,270,eng ENG,MF,de Bundesliga,19.0,2005.0,19.8,2,1,0,15,20,0,5,41,23,0,MF,False,False,True,False,True,False,1786,19.0,1.1616161616161615,2.0707070707070705,0.7575757575757576,1.0101010101010102,0.10101010101010101,0.050505050505050504,0.25252525252525254,0.0,True
532,Rayan Cherki,fr FRA,MF,Manchester City,eng Premier League,21.0,2003.0,33,19,1786,19.8,4,12,16,4,0,0,1,0,0.81,,,,,,,,,,,,,,,,,,,,,,,,,532,fr FRA,MF,eng Premier League,21.0,2003.0,19.8,4,55,13,23.6,2.77,0.66,0.07,0.31,0,0,658,fr FRA,MF,eng Premier League,21.0,2003.0,33,1786,54,52.2,19.8,19,77.0,5,14,23.0,1,2.06,40,19,21,1.06,-0.1,532,fr FRA,MF,eng Premier League,21.0,2003.0,19.8,1,0,0,18,34,1,80,7,16,0,MF,False,False,True,False,True,False,1786,21.0,0.8080808080808081,0.35353535353535354,0.9090909090909091,1.7171717171717171,0.050505050505050504,0.0,4.040404040404041,0.050505050505050504,True
745,Jeremy Doku,be BEL,"MF,FW",Manchester City,eng Premier League,23.0,2002.0,30,19,1784,19.8,5,5,10,5,0,0,0,0,0.5,,,,,,,,,,,,,,,,,,,,,,,,,745,be BEL,"MF,FW",eng Premier League,23.0,2002.0,19.8,5,39,15,38.5,1.97,0.76,0.13,0.33,0,0,912,be BEL,"MF,FW",eng Premier League,23.0,2002.0,30,1784,59,52.2,19.8,19,80.0,5,11,25.0,1,1.87,43,18,25,1.26,0.33,745,be BEL,"MF,FW",eng Premier League,23.0,2002.0,19.8,0,0,0,23,61,3,62,12,16,0,"MF,FW",False,False,True,True,False,True,1784,23.0,0.8080808080808081,0.6060606060606061,1.1616161616161615,3.080808080808081,0.0,0.0,3.131313131313131,0.15151515151515152,True
819,Elif Elmas,mk MKD,"MF,FW",Napoli,it Serie A,25.0,1999.0,33,20,1783,19.8,1,3,4,1,0,0,3,0,0.2,,,,,,,,,,,,,,,,,,,,,,,,,819,mk MKD,"MF,FW",it Serie A,25.0,1999.0,19.8,1,27,9,33.3,1.36,0.45,0.04,0.11,0,0,1004,mk MKD,"MF,FW",it Serie A,25.0,1999.0,33,1783,54,52.1,19.8,20,76.0,8,13,21.0,3,1.91,27,22,5,0.25,-0.68,819,mk MKD,"MF,FW",it Serie A,25.0,1999.0,19.8,3,0,0,18,13,2,41,7,13,0,"MF,FW",False,False,True,True,False,True,1783,25.0,0.6565656565656566,0.35353535353535354,0.9090909090909091,0.6565656565656566,0.15151515151515152,0.0,2.0707070707070705,0.10101010101010101,True
2414,Marvin Senaya,gh GHA,"DF,MF",Auxerre,fr Ligue 1,24.0,2001.0,25,20,1780,19.8,1,0,1,1,0,0,5,0,0.05,,,,,,,,,,,,,,,,,,,,,,,,,2414,gh GHA,"DF,MF",fr Ligue 1,24.0,2001.0,19.8,1,15,5,33.3,0.76,0.25,0.07,0.2,0,0,3002,gh GHA,"DF,MF",fr Ligue 1,24.0,2001.0,25,1780,71,58.2,19.8,20,84.0,12,5,21.0,5,0.8,14,28,-14,-0.71,-0.99,2414,gh GHA,"DF,MF",fr Ligue 1,24.0,2001.0,19.8,5,0,0,26,32,1,42,34,31,0,"DF,MF",False,True,True,False,False,True,1780,24.0,1.5656565656565655,1.7171717171717171,1.3131313131313131,1.6161616161616161,0.25252525252525254,0.0,2.121212121212121,0.050505050505050504,True
1417,Tom Krauß,de GER,"MF,DF",Köln,de Bundesliga,24.0,2001.0,26,19,1780,19.8,0,2,2,0,0,0,4,0,0.1,,,,,,,,,,,,,,,,,,,,,,,,,1417,de GER,"MF,DF",de Bundesliga,24.0,2001.0,19.8,0,9,2,22.2,0.46,0.1,0.0,0.0,0,0,1743,de GER,"MF,DF",de Bundesliga,24.0,2001.0,26,1780,68,58.2,19.8,19,83.0,8,7,29.0,6,1.08,24,32,-8,-0.4,0.02,1417,de GER,"MF,DF",de Bundesliga,24.0,2001.0,19.8,4,0,0,23,22,0,14,26,43,0,"MF,DF",False,True,True,False,False,True,1780,24.0,2.1717171717171717,1.3131313131313131,1.1616161616161615,1.1111111111111112,0.20202020202020202,0.0,0.7070707070707071,0.0,True
25,Tyler Adams,us USA,MF,Bournemouth,eng Premier League,26.0,1999.0,25,21,1773,19.7,2,2,4,2,0,0,8,0,0.2,,,,,,,,,,,,,,,,,,,,,,,,,25,us USA,MF,eng Premier League,26.0,1999.0,19.7,2,10,6,60.0,0.51,0.3,0.2,0.33,0,0,29,us USA,MF,eng Premier League,26.0,1999.0,25,1773,71,51.8,19.7,21,79.0,10,4,28.0,1,1.52,25,28,-3,-0.15,-0.53,25,us USA,MF,eng Premier League,26.0,1999.0,19.7,8,0,0,36,13,1,3,30,24,0,MF,False,False,True,False,True,False,1773,26.0,1.218274111675127,1.5228426395939088,1.8274111675126905,0.6598984771573604,0.40609137055837563,0.0,0.15228426395939088,0.050761421319796954,True
2680,Charles Vanhoutte,be BEL,MF,Nice,fr Ligue 1,26.0,1998.0,26,21,1772,19.7,0,2,2,0,0,0,7,0,0.1,,,,,,,,,,,,,,,,,,,,,,,,,2680,be BEL,MF,fr Ligue 1,26.0,1998.0,19.7,0,5,1,20.0,0.25,0.05,0.0,0.0,0,0,3344,be BEL,MF,fr Ligue 1,26.0,1998.0,26,1772,68,57.9,19.7,21,81.0,10,5,15.0,3,1.04,23,33,-10,-0.51,0.4,2680,be BEL,MF,fr Ligue 1,26.0,1998.0,19.7,7,0,0,35,8,0,13,21,28,0,MF,False,False,True,False,True,False,1772,26.0,1.4213197969543148,1.0659898477157361,1.7766497461928934,0.40609137055837563,0.3553299492385787,0.0,0.6598984771573604,0.0,True
2020,Abdoul Ouattara,fr FRA,"MF,DF",Strasbourg,fr Ligue 1,19.0,2005.0,28,19,1768,19.6,2,0,2,2,0,0,2,0,0.1,,,,,,,,,,,,,,,,,,,,,,,,,2020,fr FRA,"MF,DF",fr Ligue 1,19.0,2005.0,19.6,2,27,11,40.7,1.37,0.56,0.07,0.18,0,0,2500,fr FRA,"MF,DF",fr Ligue 1,19.0,2005.0,28,1768,63,57.8,19.6,19,79.0,13,9,29.0,0,1.79,37,27,10,0.51,0.44,2020,fr FRA,"MF,DF",fr Ligue 1,19.0,2005.0,19.6,2,0,0,12,11,1,19,20,13,0,"MF,DF",False,True,True,False,False,True,1768,19.0,0.6632653061224489,1.0204081632653061,0.6122448979591836,0.5612244897959183,0.1020408163265306,0.0,0.9693877551020408,0.0510204081632653,True
1812,Manu Morlanes,es ESP,MF,Mallorca,es La Liga,26.0,1999.0,32,22,1765,19.6,3,0,3,3,0,0,5,1,0.15,,,,,,,,,,,,,,,,,,,,,,,,,1812,es ESP,MF,es La Liga,26.0,1999.0,19.6,3,13,4,30.8,0.66,0.2,0.23,0.75,0,0,2244,es ESP,MF,es La Liga,26.0,1999.0,32,1765,55,51.6,19.6,22,72.0,2,10,18.0,2,1.16,26,29,-3,-0.15,0.23,1812,es ESP,MF,es La Liga,26.0,1999.0,19.6,5,1,1,28,12,0,11,19,30,0,MF,False,False,True,False,True,False,1765,26.0,1.530612244897959,0.9693877551020408,1.4285714285714284,0.6122448979591836,0.25510204081632654,0.0510204081632653,0.5612244897959183,0.0,True
2521,Petar Sucic,hr CRO,MF,Inter,it Serie A,21.0,2003.0,34,21,1765,19.6,2,2,4,2,0,0,5,0,0.2,,,,,,,,,,,,,,,,,,,,,,,,,2521,hr CRO,MF,it Serie A,21.0,2003.0,19.6,2,22,6,27.3,1.12,0.31,0.09,0.33,0,0,3152,hr CRO,MF,it Serie A,21.0,2003.0,34,1765,52,51.6,19.6,21,74.0,7,13,16.0,3,2.21,42,21,21,1.07,-0.72,2521,hr CRO,MF,it Serie A,21.0,2003.0,19.6,5,0,0,30,25,0,43,9,25,0,MF,False,False,True,False,True,False,1765,21.0,1.2755102040816326,0.4591836734693877,1.530612244897959,1.2755102040816326,0.25510204081632654,0.0,2.193877551020408,0.0,True
2489,Vinicius Souza,br BRA,MF,Wolfsburg,de Bundesliga,26.0,1999.0,24,22,1764,19.6,0,0,0,0,0,0,5,0,0.0,,,,,,,,,,,,,,,,,,,,,,,,,2489,br BRA,MF,de Bundesliga,26.0,1999.0,19.6,0,9,2,22.2,0.46,0.1,0.0,0.0,0,0,3108,br BRA,MF,de Bundesliga,26.0,1999.0,24,1764,74,57.6,19.6,22,80.0,12,2,3.0,8,0.88,24,35,-11,-0.56,0.34,2489,br BRA,MF,de Bundesliga,26.0,1999.0,19.6,5,0,0,40,23,0,4,25,32,0,MF,False,False,True,False,True,False,1764,26.0,1.6326530612244896,1.2755102040816326,2.0408163265306123,1.173469387755102,0.25510204081632654,0.0,0.2040816326530612,0.0,True
231,Ander Barrenetxea,es ESP,MF,Real Sociedad,es La Liga,23.0,2001.0,30,22,1763,19.6,3,5,8,3,0,0,5,0,0.41,,,,,,,,,,,,,,,,,,,,,,,,,231,es ESP,MF,es La Liga,23.0,2001.0,19.6,3,35,11,31.4,1.79,0.56,0.09,0.27,0,0,288,es ESP,MF,es La Liga,23.0,2001.0,30,1763,59,51.5,19.6,22,69.0,5,8,30.0,0,1.27,29,27,2,0.1,0.32,231,es ESP,MF,es La Liga,23.0,2001.0,19.6,5,0,0,37,30,5,72,17,18,0,MF,False,False,True,False,True,False,1763,23.0,0.9183673469387754,0.8673469387755102,1.887755102040816,1.530612244897959,0.25510204081632654,0.0,3.6734693877551017,0.25510204081632654,True
174,Carlos Augusto,br BRA,"MF,DF",Inter,it Serie A,26.0,1999.0,34,18,1763,19.6,1,1,2,1,0,0,6,0,0.1,,,,,,,,,,,,,,,,,,,,,,,,,174,br BRA,"MF,DF",it Serie A,26.0,1999.0,19.6,1,20,6,30.0,1.02,0.31,0.05,0.17,0,0,213,br BRA,"MF,DF",it Serie A,26.0,1999.0,34,1763,52,51.5,19.6,18,81.0,12,16,19.0,2,2.29,41,19,22,1.12,-0.61,174,br BRA,"MF,DF",it Serie A,26.0,1999.0,19.6,6,0,0,26,13,0,46,19,22,0,"MF,DF",False,True,True,False,False,True,1763,26.0,1.1224489795918366,0.9693877551020408,1.3265306122448979,0.6632653061224489,0.3061224489795918,0.0,2.346938775510204,0.0,True
2185,Marcus Rashford,eng ENG,"MF,FW",Barcelona,es La Liga,27.0,1997.0,32,18,1763,19.6,8,7,15,8,0,0,3,0,0.77,,,,,,,,,,,,,,,,,,,,,,,,,2185,eng ENG,"MF,FW",es La Liga,27.0,1997.0,19.6,8,76,29,38.2,3.88,1.48,0.11,0.28,0,0,2719,eng ENG,"MF,FW",es La Liga,27.0,1997.0,32,1763,55,51.5,19.6,18,76.0,6,14,29.0,4,2.47,44,25,19,0.97,-1.2,2185,eng ENG,"MF,FW",es La Liga,27.0,1997.0,19.6,3,0,0,10,25,10,121,2,8,0,"MF,FW",False,False,True,True,False,True,1763,27.0,0.4081632653061224,0.1020408163265306,0.5102040816326531,1.2755102040816326,0.1530612244897959,0.0,6.173469387755102,0.5102040816326531,True
306,Nicolò Bertola,it ITA,"DF,MF",Udinese,it Serie A,22.0,2003.0,28,18,1763,19.6,0,1,1,0,0,0,3,0,0.05,,,,,,,,,,,,,,,,,,,,,,,,,306,it ITA,"DF,MF",it Serie A,22.0,2003.0,19.6,0,13,4,30.8,0.66,0.2,0.0,0.0,0,0,377,it ITA,"DF,MF",it Serie A,22.0,2003.0,28,1763,63,51.5,19.6,18,82.0,11,10,28.0,5,1.46,24,25,-1,-0.05,0.06,306,it ITA,"DF,MF",it Serie A,22.0,2003.0,19.6,3,0,0,19,12,1,8,24,21,0,"DF,MF",False,True,True,False,False,True,1763,22.0,1.0714285714285714,1.2244897959183672,0.9693877551020408,0.6122448979591836,0.1530612244897959,0.0,0.4081632653061224,0.0510204081632653,True
1526,Diego López,es ESP,"MF,FW",Valencia,es La Liga,23.0,2002.0,34,20,1762,19.6,4,1,5,4,0,0,2,0,0.26,,,,,,,,,,,,,,,,,,,,,,,,,1526,es ESP,"MF,FW",es La Liga,23.0,2002.0,19.6,4,28,8,28.6,1.43,0.41,0.14,0.5,0,0,1890,es ESP,"MF,FW",es La Liga,23.0,2002.0,34,1762,52,51.5,19.6,20,74.0,6,14,20.0,2,1.35,15,30,-15,-0.77,-1.09,1526,es ESP,"MF,FW",es La Liga,23.0,2002.0,19.6,2,0,0,20,33,3,41,14,16,0,"MF,FW",False,False,True,True,False,True,1762,23.0,0.8163265306122448,0.7142857142857142,1.0204081632653061,1.683673469387755,0.1020408163265306,0.0,2.0918367346938775,0.1530612244897959,True
345,Warren Bondo,fr FRA,MF,Cremonese,it Serie A,21.0,2003.0,27,22,1762,19.6,0,0,0,0,0,0,5,0,0.0,,,,,,,,,,,,,,,,,,,,,,,,,345,fr FRA,MF,it Serie A,21.0,2003.0,19.6,0,8,2,25.0,0.41,0.1,0.0,0.0,0,0,427,fr FRA,MF,it Serie A,21.0,2003.0,27,1762,65,51.5,19.6,22,73.0,8,5,33.0,3,0.85,16,30,-14,-0.72,-0.12,345,fr FRA,MF,it Serie A,21.0,2003.0,19.6,5,0,0,39,33,0,3,9,16,0,MF,False,False,True,False,True,False,1762,21.0,0.8163265306122448,0.4591836734693877,1.9897959183673468,1.683673469387755,0.25510204081632654,0.0,0.1530612244897959,0.0,True
2025,Azzedine Ounahi,ma MAR,MF,Girona,es La Liga,25.0,2000.0,24,20,1760,19.6,5,2,7,4,1,1,6,0,0.31,,,,,,,,,,,,,,,,,,,,,,,,,2025,ma MAR,MF,es La Liga,25.0,2000.0,19.6,5,51,19,37.3,2.61,0.97,0.08,0.21,1,1,2505,ma MAR,MF,es La Liga,25.0,2000.0,24,1760,73,51.5,19.6,20,83.0,10,4,28.0,0,1.0,22,23,-1,-0.05,0.76,2025,ma MAR,MF,es La Liga,25.0,2000.0,19.6,6,0,0,18,63,1,41,16,15,0,MF,False,False,True,False,True,False,1760,25.0,0.7653061224489796,0.8163265306122448,0.9183673469387754,3.214285714285714,0.3061224489795918,0.0,2.0918367346938775,0.0510204081632653,True
786,Simon Ebonog,cm CMR,MF,Le Havre,fr Ligue 1,20.0,2004.0,30,21,1759,19.5,1,0,1,1,0,0,8,0,0.05,,,,,,,,,,,,,,,,,,,,,,,,,786,cm CMR,MF,fr Ligue 1,20.0,2004.0,19.5,1,22,4,18.2,1.13,0.2,0.05,0.25,0,0,966,cm CMR,MF,fr Ligue 1,20.0,2004.0,30,1759,59,57.5,19.5,21,77.0,7,9,17.0,2,1.07,17,31,-14,-0.72,-0.85,786,cm CMR,MF,fr Ligue 1,20.0,2004.0,19.5,8,0,0,29,34,0,16,24,21,0,MF,False,False,True,False,True,False,1759,20.0,1.0769230769230769,1.2307692307692308,1.4871794871794872,1.7435897435897436,0.41025641025641024,0.0,0.8205128205128205,0.0,True
1994,Amadou Onana,be BEL,MF,Aston Villa,eng Premier League,23.0,2001.0,25,21,1758,19.5,2,0,2,2,0,0,3,0,0.1,,,,,,,,,,,,,,,,,,,,,,,,,1994,be BEL,MF,eng Premier League,23.0,2001.0,19.5,2,19,7,36.8,0.97,0.36,0.11,0.29,0,0,2467,be BEL,MF,eng Premier League,23.0,2001.0,25,1758,70,51.4,19.5,21,81.0,11,4,17.0,1,1.96,28,26,2,0.1,-0.17,1994,be BEL,MF,eng Premier League,23.0,2001.0,19.5,3,0,0,20,25,0,0,19,30,0,MF,False,False,True,False,True,False,1758,23.0,1.5384615384615385,0.9743589743589743,1.0256410256410255,1.2820512820512822,0.15384615384615385,0.0,0.0,0.0,True
996,Gvidas Gineitis,lt LTU,MF,Torino,it Serie A,21.0,2004.0,29,23,1756,19.5,0,1,1,0,0,0,5,0,0.05,,,,,,,,,,,,,,,,,,,,,,,,,996,lt LTU,MF,it Serie A,21.0,2004.0,19.5,0,27,5,18.5,1.38,0.26,0.0,0.0,0,0,1234,lt LTU,MF,it Serie A,21.0,2004.0,29,1756,61,51.3,19.5,23,72.0,8,6,17.0,5,1.31,19,32,-13,-0.67,-0.34,996,lt LTU,MF,it Serie A,21.0,2004.0,19.5,5,0,0,43,32,1,64,23,28,0,MF,False,False,True,False,True,False,1756,21.0,1.435897435897436,1.1794871794871795,2.2051282051282053,1.641025641025641,0.2564102564102564,0.0,3.282051282051282,0.05128205128205128,True
2040,Pablo Pagis,fr FRA,"MF,FW",Lorient,fr Ligue 1,22.0,2002.0,28,22,1756,19.5,10,5,15,8,2,2,1,0,0.67,,,,,,,,,,,,,,,,,,,,,,,,,2040,fr FRA,"MF,FW",fr Ligue 1,22.0,2002.0,19.5,10,59,19,32.2,3.02,0.97,0.14,0.42,2,2,2523,fr FRA,"MF,FW",fr Ligue 1,22.0,2002.0,28,1756,63,57.4,19.5,22,72.0,2,6,28.0,1,1.43,31,29,2,0.1,0.45,2040,fr FRA,"MF,FW",fr Ligue 1,22.0,2002.0,19.5,1,0,0,23,29,2,99,18,17,0,"MF,FW",False,False,True,True,False,True,1756,22.0,0.8717948717948718,0.9230769230769231,1.1794871794871795,1.4871794871794872,0.05128205128205128,0.0,5.076923076923077,0.10256410256410256,True
393,Emi Buendía,ar ARG,MF,Aston Villa,eng Premier League,28.0,1996.0,36,21,1755,19.5,6,2,8,6,0,0,6,0,0.41,,,,,,,,,,,,,,,,,,,,,,,,,393,ar ARG,MF,eng Premier League,28.0,1996.0,19.5,6,49,13,26.5,2.51,0.67,0.12,0.46,0,0,487,ar ARG,MF,eng Premier League,28.0,1996.0,36,1755,49,51.3,19.5,21,68.0,3,15,22.0,1,1.78,21,24,-3,-0.15,-0.69,393,ar ARG,MF,eng Premier League,28.0,1996.0,19.5,6,0,0,41,45,1,10,13,27,0,MF,False,False,True,False,True,False,1755,28.0,1.3846153846153846,0.6666666666666666,2.1025641025641026,2.3076923076923075,0.3076923076923077,0.0,0.5128205128205128,0.05128205128205128,True
2442,Xavi Simons,nl NED,"MF,FW",Tottenham Hotspur,eng Premier League,22.0,2003.0,28,19,1755,19.5,2,5,7,2,0,0,5,1,0.36,,,,,,,,,,,,,,,,,,,,,,,,,2442,nl NED,"MF,FW",eng Premier League,22.0,2003.0,19.5,2,42,10,23.8,2.15,0.51,0.05,0.2,0,0,3049,nl NED,"MF,FW",eng Premier League,22.0,2003.0,28,1755,63,51.3,19.5,19,78.0,10,9,30.0,0,0.82,26,33,-7,-0.36,-0.25,2442,nl NED,"MF,FW",eng Premier League,22.0,2003.0,19.5,5,1,0,21,44,0,51,15,20,0,"MF,FW",False,False,True,True,False,True,1755,22.0,1.0256410256410255,0.7692307692307693,1.0769230769230769,2.2564102564102564,0.2564102564102564,0.05128205128205128,2.6153846153846154,0.0,True
218,Lameck Banda,zm ZAM,"MF,FW",Lecce,it Serie A,24.0,2001.0,32,21,1752,19.5,5,4,9,5,0,0,6,1,0.46,,,,,,,,,,,,,,,,,,,,,,,,,218,zm ZAM,"MF,FW",it Serie A,24.0,2001.0,19.5,5,38,15,39.5,1.95,0.77,0.13,0.33,0,0,271,zm ZAM,"MF,FW",it Serie A,24.0,2001.0,32,1752,55,51.2,19.5,21,68.0,2,11,29.0,3,1.09,20,22,-2,-0.1,0.98,218,zm ZAM,"MF,FW",it Serie A,24.0,2001.0,19.5,6,1,0,44,49,3,90,7,17,0,"MF,FW",False,False,True,True,False,True,1752,24.0,0.8717948717948718,0.358974358974359,2.2564102564102564,2.5128205128205128,0.3076923076923077,0.05128205128205128,4.615384615384615,0.15384615384615385,True
765,Kamory Doumbia,ml MLI,MF,Brest,fr Ligue 1,22.0,2003.0,24,22,1750,19.4,5,4,9,5,0,0,6,0,0.46,,,,,,,,,,,,,,,,,,,,,,,,,765,ml MLI,MF,fr Ligue 1,22.0,2003.0,19.4,5,43,14,32.6,2.21,0.72,0.12,0.36,0,0,938,ml MLI,MF,fr Ligue 1,22.0,2003.0,24,1750,73,57.2,19.4,22,78.0,4,2,22.0,0,1.33,30,25,5,0.26,1.43,765,ml MLI,MF,fr Ligue 1,22.0,2003.0,19.4,6,0,0,29,21,2,20,20,30,0,MF,False,False,True,False,True,False,1750,22.0,1.5463917525773196,1.0309278350515465,1.4948453608247423,1.0824742268041239,0.30927835051546393,0.0,1.0309278350515465,0.10309278350515465,True
1299,Anton Kade,de GER,"MF,FW",Augsburg,de Bundesliga,21.0,2004.0,28,18,1743,19.4,6,0,6,6,0,0,3,0,0.31,,,,,,,,,,,,,,,,,,,,,,,,,1299,de GER,"MF,FW",de Bundesliga,21.0,2004.0,19.4,6,48,21,43.8,2.48,1.08,0.13,0.29,0,0,1597,de GER,"MF,FW",de Bundesliga,21.0,2004.0,28,1743,62,57.0,19.4,18,81.0,6,10,29.0,1,1.29,22,35,-13,-0.67,-0.47,1299,de GER,"MF,FW",de Bundesliga,21.0,2004.0,19.4,3,0,0,20,18,10,22,13,14,0,"MF,FW",False,False,True,True,False,True,1743,21.0,0.7216494845360826,0.6701030927835052,1.0309278350515465,0.9278350515463918,0.15463917525773196,0.0,1.1340206185567012,0.5154639175257733,True
1166,Jack Hinshelwood,eng ENG,MF,Brighton,eng Premier League,20.0,2005.0,27,20,1741,19.3,4,3,7,4,0,0,0,0,0.36,,,,,,,,,,,,,,,,,,,,,,,,,1166,eng ENG,MF,eng Premier League,20.0,2005.0,19.3,4,37,15,40.5,1.91,0.78,0.11,0.27,0,0,1442,eng ENG,MF,eng Premier League,20.0,2005.0,27,1741,64,50.9,19.3,20,76.0,4,7,32.0,2,1.33,23,23,0,0.0,-0.32,1166,eng ENG,MF,eng Premier League,20.0,2005.0,19.3,0,0,0,32,12,2,7,6,13,1,MF,False,False,True,False,True,False,1741,20.0,0.6735751295336787,0.31088082901554404,1.6580310880829014,0.6217616580310881,0.0,0.0,0.3626943005181347,0.10362694300518134,True
237,Toma Bašić,hr CRO,MF,Lazio,it Serie A,28.0,1996.0,23,23,1735,19.3,2,3,5,2,0,0,0,1,0.26,,,,,,,,,,,,,,,,,,,,,,,,,237,hr CRO,MF,it Serie A,28.0,1996.0,19.3,2,30,12,40.0,1.56,0.62,0.07,0.17,0,0,296,hr CRO,MF,it Serie A,28.0,1996.0,23,1735,75,50.7,19.3,23,75.0,10,0,,3,1.52,22,20,2,0.1,0.16,237,hr CRO,MF,it Serie A,28.0,1996.0,19.3,0,1,0,20,19,0,48,9,16,0,MF,False,False,True,False,True,False,1735,28.0,0.8290155440414507,0.46632124352331605,1.0362694300518134,0.9844559585492227,0.0,0.05181347150259067,2.4870466321243523,0.0,True
1985,Olasagasti,es ESP,MF,Levante,es La Liga,24.0,2000.0,33,18,1734,19.3,1,5,6,1,0,0,2,1,0.31,,,,,,,,,,,,,,,,,,,,,,,,,1985,es ESP,MF,es La Liga,24.0,2000.0,19.3,1,28,9,32.1,1.45,0.47,0.04,0.11,0,0,2453,es ESP,MF,es La Liga,24.0,2000.0,33,1734,53,50.7,19.3,18,81.0,9,15,18.0,2,1.12,28,32,-4,-0.21,0.33,1985,es ESP,MF,es La Liga,24.0,2000.0,19.3,2,1,0,20,33,0,106,14,15,0,MF,False,False,True,False,True,False,1734,24.0,0.7772020725388601,0.7253886010362695,1.0362694300518134,1.709844559585492,0.10362694300518134,0.05181347150259067,5.492227979274611,0.0,True
1561,Saša Lukić,rs SRB,MF,Fulham,eng Premier League,28.0,1996.0,26,20,1734,19.3,1,2,3,1,0,0,9,0,0.16,,,,,,,,,,,,,,,,,,,,,,,,,1561,rs SRB,MF,eng Premier League,28.0,1996.0,19.3,1,18,6,33.3,0.93,0.31,0.06,0.17,0,0,1932,rs SRB,MF,eng Premier League,28.0,1996.0,26,1734,67,50.7,19.3,20,80.0,12,6,24.0,3,1.19,16,22,-6,-0.31,-0.42,1561,rs SRB,MF,eng Premier League,28.0,1996.0,19.3,9,0,0,53,25,2,68,16,28,0,MF,False,False,True,False,True,False,1734,28.0,1.450777202072539,0.8290155440414507,2.7461139896373057,1.2953367875647668,0.46632124352331605,0.0,3.523316062176166,0.10362694300518134,True
2250,Jesus Rodríguez,es ESP,MF,Como,it Serie A,19.0,2005.0,31,18,1731,19.2,2,9,11,2,0,0,3,1,0.57,,,,,,,,,,,,,,,,,,,,,,,,,2250,es ESP,MF,it Serie A,19.0,2005.0,19.2,2,45,12,26.7,2.34,0.62,0.04,0.17,0,0,2795,es ESP,MF,it Serie A,19.0,2005.0,31,1731,56,50.6,19.2,18,75.0,3,13,29.0,3,1.9,39,12,27,1.4,0.92,2250,es ESP,MF,it Serie A,19.0,2005.0,19.2,3,1,0,24,32,3,57,4,17,0,MF,False,False,True,False,True,False,1731,19.0,0.8854166666666667,0.20833333333333334,1.25,1.6666666666666667,0.15625,0.052083333333333336,2.96875,0.15625,True
1800,Afonso Moreira,pt POR,"MF,FW",Lyon,fr Ligue 1,20.0,2005.0,27,18,1722,19.1,4,7,11,4,0,0,3,0,0.57,,,,,,,,,,,,,,,,,,,,,,,,,1800,pt POR,"MF,FW",fr Ligue 1,20.0,2005.0,19.1,4,40,14,35.0,2.09,0.73,0.1,0.29,0,0,2231,pt POR,"MF,FW",fr Ligue 1,20.0,2005.0,27,1722,64,56.3,19.1,18,88.0,13,9,15.0,2,1.93,35,23,12,0.63,0.56,1800,pt POR,"MF,FW",fr Ligue 1,20.0,2005.0,19.1,3,0,0,27,57,4,119,12,22,0,"MF,FW",False,False,True,True,False,True,1722,20.0,1.1518324607329842,0.6282722513089005,1.413612565445026,2.9842931937172774,0.15706806282722513,0.0,6.230366492146596,0.20942408376963348,True
1776,Kaoru Mitoma,jp JPN,"MF,FW",Brighton,eng Premier League,28.0,1997.0,25,19,1721,19.1,3,1,4,3,0,0,5,0,0.21,,,,,,,,,,,,,,,,,,,,,,,,,1776,jp JPN,"MF,FW",eng Premier League,28.0,1997.0,19.1,3,32,13,40.6,1.67,0.68,0.09,0.23,0,0,2197,jp JPN,"MF,FW",eng Premier League,28.0,1997.0,25,1721,69,50.3,19.1,19,82.0,10,6,28.0,0,1.4,24,20,4,0.21,0.1,1776,jp JPN,"MF,FW",eng Premier League,28.0,1997.0,19.1,5,0,0,31,21,4,46,8,12,0,"MF,FW",False,False,True,True,False,True,1721,28.0,0.6282722513089005,0.41884816753926696,1.6230366492146595,1.0994764397905759,0.2617801047120419,0.0,2.408376963350785,0.20942408376963348,True
2330,Albert Sambi Lokonga,be BEL,MF,Hamburger SV,de Bundesliga,25.0,1999.0,26,20,1710,19.0,5,0,5,5,0,0,3,0,0.26,,,,,,,,,,,,,,,,,,,,,,,,,2330,be BEL,MF,de Bundesliga,25.0,1999.0,19.0,5,19,11,57.9,1.0,0.58,0.26,0.45,0,0,2898,be BEL,MF,de Bundesliga,25.0,1999.0,26,1710,66,55.9,19.0,20,81.0,9,6,14.0,1,1.23,29,29,0,0.0,0.93,2330,be BEL,MF,de Bundesliga,25.0,1999.0,19.0,3,0,0,20,27,0,13,13,13,0,MF,False,False,True,False,True,False,1710,25.0,0.6842105263157895,0.6842105263157895,1.0526315789473684,1.4210526315789473,0.15789473684210525,0.0,0.6842105263157895,0.0,True
221,Tommaso Barbieri,it ITA,MF,Cremonese,it Serie A,22.0,2002.0,29,18,1707,19.0,0,1,1,0,0,0,8,0,0.05,,,,,,,,,,,,,,,,,,,,,,,,,221,it ITA,MF,it Serie A,22.0,2002.0,19.0,0,16,2,12.5,0.84,0.11,0.0,0.0,0,0,276,it ITA,MF,it Serie A,22.0,2002.0,29,1707,59,49.9,19.0,18,82.0,10,11,21.0,5,0.86,19,25,-6,-0.32,0.68,221,it ITA,MF,it Serie A,22.0,2002.0,19.0,8,0,0,40,26,1,78,14,26,0,MF,False,False,True,False,True,False,1707,22.0,1.368421052631579,0.7368421052631579,2.1052631578947367,1.368421052631579,0.42105263157894735,0.0,4.105263157894737,0.05263157894736842,True
307,Jan-Niklas Beste,de GER,MF,Freiburg,de Bundesliga,26.0,1999.0,28,20,1704,18.9,2,2,4,2,0,0,5,0,0.21,,,,,,,,,,,,,,,,,,,,,,,,,307,de GER,MF,de Bundesliga,26.0,1999.0,18.9,2,24,14,58.3,1.27,0.74,0.08,0.14,0,0,378,de GER,MF,de Bundesliga,26.0,1999.0,28,1704,61,55.7,18.9,20,77.0,6,8,21.0,1,1.54,33,25,8,0.42,1.35,307,de GER,MF,de Bundesliga,26.0,1999.0,18.9,5,0,0,17,36,5,106,17,24,0,MF,False,False,True,False,True,False,1704,26.0,1.26984126984127,0.8994708994708995,0.8994708994708995,1.9047619047619049,0.2645502645502646,0.0,5.608465608465609,0.2645502645502646,True
1506,Adrián Liso,es ESP,"FW,MF",Getafe,es La Liga,20.0,2005.0,28,21,1702,18.9,3,0,3,3,0,0,5,1,0.16,,,,,,,,,,,,,,,,,,,,,,,,,1506,es ESP,"FW,MF",es La Liga,20.0,2005.0,18.9,3,26,10,38.5,1.37,0.53,0.12,0.3,0,0,1864,es ESP,"FW,MF",es La Liga,20.0,2005.0,28,1702,61,49.8,18.9,21,75.0,4,7,18.0,6,1.36,13,18,-5,-0.26,-0.21,1506,es ESP,"FW,MF",es La Liga,20.0,2005.0,18.9,5,1,1,39,43,16,42,4,22,0,"FW,MF",False,False,True,True,False,True,1702,20.0,1.1640211640211642,0.21164021164021166,2.0634920634920637,2.2751322751322753,0.2645502645502646,0.052910052910052914,2.2222222222222223,0.8465608465608466,True
1279,Mateo Joseph,es ESP,"MF,FW",Mallorca,es La Liga,21.0,2003.0,29,19,1699,18.9,2,3,5,2,0,0,2,0,0.26,,,,,,,,,,,,,,,,,,,,,,,,,1279,es ESP,"MF,FW",es La Liga,21.0,2003.0,18.9,2,33,14,42.4,1.75,0.74,0.06,0.14,0,0,1572,es ESP,"MF,FW",es La Liga,21.0,2003.0,29,1699,59,49.7,18.9,19,76.0,4,10,25.0,1,1.03,24,29,-5,-0.26,0.0,1279,es ESP,"MF,FW",es La Liga,21.0,2003.0,18.9,2,0,0,19,31,4,14,13,19,0,"MF,FW",False,False,True,True,False,True,1699,21.0,1.0052910052910053,0.6878306878306879,1.0052910052910053,1.6402116402116402,0.10582010582010583,0.0,0.7407407407407408,0.21164021164021166,True
930,Chris Führich,de GER,MF,Stuttgart,de Bundesliga,27.0,1998.0,33,20,1698,18.9,7,7,14,7,0,0,2,0,0.74,,,,,,,,,,,,,,,,,,,,,,,,,930,de GER,MF,de Bundesliga,27.0,1998.0,18.9,7,45,23,51.1,2.39,1.22,0.16,0.3,0,0,1152,de GER,MF,de Bundesliga,27.0,1998.0,33,1698,51,55.5,18.9,20,70.0,1,13,23.0,1,1.79,41,28,13,0.69,0.09,930,de GER,MF,de Bundesliga,27.0,1998.0,18.9,2,0,0,6,7,5,86,3,9,0,MF,False,False,True,False,True,False,1698,27.0,0.4761904761904762,0.15873015873015875,0.3174603174603175,0.3703703703703704,0.10582010582010583,0.0,4.550264550264551,0.2645502645502646,True
2129,Jakub Piotrowski,pl POL,MF,Udinese,it Serie A,27.0,1997.0,33,20,1696,18.8,1,1,2,1,0,0,2,0,0.11,,,,,,,,,,,,,,,,,,,,,,,,,2129,pl POL,MF,it Serie A,27.0,1997.0,18.8,1,36,9,25.0,1.91,0.48,0.03,0.11,0,0,2639,pl POL,MF,it Serie A,27.0,1997.0,33,1696,51,49.6,18.8,20,70.0,4,13,23.0,2,1.33,21,23,-2,-0.11,-0.05,2129,pl POL,MF,it Serie A,27.0,1997.0,18.8,2,0,0,29,29,2,25,15,25,0,MF,False,False,True,False,True,False,1696,27.0,1.3297872340425532,0.7978723404255319,1.5425531914893615,1.5425531914893615,0.10638297872340426,0.0,1.3297872340425532,0.10638297872340426,True
361,Hicham Boudaoui,dz ALG,MF,Nice,fr Ligue 1,25.0,1999.0,25,18,1694,18.8,1,2,3,1,0,0,5,0,0.16,,,,,,,,,,,,,,,,,,,,,,,,,361,dz ALG,MF,fr Ligue 1,25.0,1999.0,18.8,1,21,9,42.9,1.12,0.48,0.05,0.11,0,0,447,dz ALG,MF,fr Ligue 1,25.0,1999.0,25,1694,68,55.4,18.8,18,84.0,12,7,27.0,1,0.92,20,33,-13,-0.69,-0.03,361,dz ALG,MF,fr Ligue 1,25.0,1999.0,18.8,5,0,0,19,40,2,19,18,16,0,MF,False,False,True,False,True,False,1694,25.0,0.851063829787234,0.9574468085106382,1.0106382978723405,2.127659574468085,0.26595744680851063,0.0,1.0106382978723405,0.10638297872340426,True
978,Lutsharel Geertruida,nl NED,"DF,MF",Sunderland,eng Premier League,25.0,2000.0,28,17,1693,18.8,0,0,0,0,0,0,2,0,0.0,,,,,,,,,,,,,,,,,,,,,,,,,978,nl NED,"DF,MF",eng Premier League,25.0,2000.0,18.8,0,11,3,27.3,0.58,0.16,0.0,0.0,0,0,1211,nl NED,"DF,MF",eng Premier League,25.0,2000.0,28,1693,60,49.5,18.8,17,87.0,14,11,20.0,7,1.36,16,23,-7,-0.37,-0.42,978,nl NED,"DF,MF",eng Premier League,25.0,2000.0,18.8,2,0,0,15,7,1,9,20,22,0,"DF,MF",False,True,True,False,False,True,1693,25.0,1.1702127659574468,1.0638297872340425,0.7978723404255319,0.3723404255319149,0.10638297872340426,0.0,0.4787234042553191,0.05319148936170213,True
1190,Omari Hutchinson,eng ENG,MF,Nottingham Forest,eng Premier League,21.0,2003.0,31,17,1688,18.8,1,5,6,1,0,0,1,0,0.32,,,,,,,,,,,,,,,,,,,,,,,,,1190,eng ENG,MF,eng Premier League,21.0,2003.0,18.8,1,25,11,44.0,1.33,0.59,0.04,0.09,0,0,1468,eng ENG,MF,eng Premier League,21.0,2003.0,31,1688,54,49.4,18.8,17,78.0,8,14,26.0,5,1.19,25,24,1,0.05,0.26,1190,eng ENG,MF,eng Premier League,21.0,2003.0,18.8,1,0,0,23,24,8,133,11,11,0,MF,False,False,True,False,True,False,1688,21.0,0.5851063829787234,0.5851063829787234,1.2234042553191489,1.276595744680851,0.05319148936170213,0.0,7.074468085106383,0.425531914893617,True
2424,Kwasi Sibo,gh GHA,MF,Oviedo,es La Liga,27.0,1998.0,26,21,1681,18.7,0,0,0,0,0,0,3,1,0.0,,,,,,,,,,,,,,,,,,,,,,,,,2424,gh GHA,MF,es La Liga,27.0,1998.0,18.7,0,9,2,22.2,0.48,0.11,0.0,0.0,0,0,3024,gh GHA,MF,es La Liga,27.0,1998.0,26,1681,65,49.2,18.7,21,75.0,9,5,21.0,10,0.88,16,26,-10,-0.54,0.71,2424,gh GHA,MF,es La Liga,27.0,1998.0,18.7,3,1,0,30,4,0,2,14,20,0,MF,False,False,True,False,True,False,1681,27.0,1.0695187165775402,0.7486631016042781,1.6042780748663101,0.21390374331550802,0.16042780748663102,0.053475935828877004,0.10695187165775401,0.0,True
2594,Malik Tillman,us USA,MF,Leverkusen,de Bundesliga,23.0,2002.0,29,18,1674,18.6,6,1,7,6,0,0,2,0,0.38,,,,,,,,,,,,,,,,,,,,,,,,,2594,us USA,MF,de Bundesliga,23.0,2002.0,18.6,6,34,13,38.2,1.83,0.7,0.18,0.46,0,0,3241,us USA,MF,de Bundesliga,23.0,2002.0,29,1674,58,54.7,18.6,18,79.0,7,11,22.0,0,1.79,31,25,6,0.32,-0.65,2594,us USA,MF,de Bundesliga,23.0,2002.0,18.6,2,0,0,19,29,1,18,19,30,0,MF,False,False,True,False,True,False,1674,23.0,1.6129032258064515,1.021505376344086,1.021505376344086,1.5591397849462365,0.1075268817204301,0.0,0.9677419354838709,0.05376344086021505,True
2762,Nico Williams,es ESP,MF,Athletic Club,es La Liga,23.0,2002.0,25,20,1674,18.6,6,3,9,5,1,2,2,0,0.43,,,,,,,,,,,,,,,,,,,,,,,,,2762,es ESP,MF,es La Liga,23.0,2002.0,18.6,6,46,16,34.8,2.47,0.86,0.11,0.31,1,2,3447,es ESP,MF,es La Liga,23.0,2002.0,25,1674,67,48.9,18.6,20,74.0,2,5,40.0,0,1.32,24,27,-3,-0.16,0.46,2762,es ESP,MF,es La Liga,23.0,2002.0,18.6,2,0,0,26,29,7,76,7,9,0,MF,False,False,True,False,True,False,1674,23.0,0.48387096774193544,0.3763440860215054,1.3978494623655913,1.5591397849462365,0.1075268817204301,0.0,4.086021505376344,0.3763440860215054,True
1284,Eli Junior Kroupi,fr FRA,"MF,FW",Bournemouth,eng Premier League,19.0,2006.0,33,21,1672,18.6,13,0,13,11,2,2,5,0,0.59,,,,,,,,,,,,,,,,,,,,,,,,,1284,fr FRA,"MF,FW",eng Premier League,19.0,2006.0,18.6,13,52,22,42.3,2.8,1.18,0.21,0.5,2,2,1580,fr FRA,"MF,FW",eng Premier League,19.0,2006.0,33,1672,51,48.9,18.6,21,71.0,0,12,16.0,5,1.45,31,21,10,0.54,0.85,1284,fr FRA,"MF,FW",eng Premier League,19.0,2006.0,18.6,5,0,0,27,12,6,10,9,6,0,"MF,FW",False,False,True,True,False,True,1672,19.0,0.3225806451612903,0.48387096774193544,1.4516129032258063,0.6451612903225806,0.26881720430107525,0.0,0.5376344086021505,0.3225806451612903,True
1694,Senny Mayulu,fr FRA,"MF,FW",Paris Saint-Germain,fr Ligue 1,19.0,2006.0,26,21,1672,18.6,4,4,8,4,0,0,2,0,0.43,,,,,,,,,,,,,,,,,,,,,,,,,1694,fr FRA,"MF,FW",fr Ligue 1,19.0,2006.0,18.6,4,35,11,31.4,1.88,0.59,0.11,0.36,0,0,2090,fr FRA,"MF,FW",fr Ligue 1,19.0,2006.0,26,1672,64,54.6,18.6,21,73.0,6,5,29.0,0,2.12,37,15,22,1.18,-0.31,1694,fr FRA,"MF,FW",fr Ligue 1,19.0,2006.0,18.6,2,0,0,24,20,1,27,12,31,0,"MF,FW",False,False,True,True,False,True,1672,19.0,1.6666666666666665,0.6451612903225806,1.2903225806451613,1.075268817204301,0.1075268817204301,0.0,1.4516129032258063,0.05376344086021505,True
83,Mohamed Ali Cho,fr FRA,"FW,MF",Nice,fr Ligue 1,21.0,2004.0,24,20,1667,18.5,4,3,7,4,0,0,1,0,0.38,,,,,,,,,,,,,,,,,,,,,,,,,83,fr FRA,"FW,MF",fr Ligue 1,21.0,2004.0,18.5,4,32,14,43.8,1.73,0.76,0.13,0.29,0,0,104,fr FRA,"FW,MF",fr Ligue 1,21.0,2004.0,24,1667,69,54.5,18.5,20,76.0,4,4,37.0,0,0.67,21,35,-14,-0.76,-0.17,83,fr FRA,"FW,MF",fr Ligue 1,21.0,2004.0,18.5,1,0,0,14,32,5,39,4,9,0,"FW,MF",False,False,True,True,False,True,1667,21.0,0.4864864864864865,0.21621621621621623,0.7567567567567568,1.7297297297297298,0.05405405405405406,0.0,2.108108108108108,0.2702702702702703,True
408,Oliver Burke,sct SCO,"FW,MF",Union Berlin,de Bundesliga,28.0,1997.0,29,21,1664,18.5,6,2,8,6,0,0,4,0,0.43,,,,,,,,,,,,,,,,,,,,,,,,,408,sct SCO,"FW,MF",de Bundesliga,28.0,1997.0,18.5,6,34,15,44.1,1.84,0.81,0.18,0.4,0,0,503,sct SCO,"FW,MF",de Bundesliga,28.0,1997.0,29,1664,57,54.4,18.5,21,74.0,4,8,14.0,4,1.0,23,32,-9,-0.49,-0.16,408,sct SCO,"FW,MF",de Bundesliga,28.0,1997.0,18.5,4,0,0,10,8,8,39,4,7,0,"FW,MF",False,False,True,True,False,True,1664,28.0,0.3783783783783784,0.21621621621621623,0.5405405405405406,0.43243243243243246,0.21621621621621623,0.0,2.108108108108108,0.43243243243243246,True
1384,Randal Kolo Muani,fr FRA,"FW,MF",Tottenham Hotspur,eng Premier League,26.0,1998.0,30,21,1664,18.5,1,1,2,1,0,0,3,0,0.11,,,,,,,,,,,,,,,,,,,,,,,,,1384,fr FRA,"FW,MF",eng Premier League,26.0,1998.0,18.5,1,20,4,20.0,1.08,0.22,0.05,0.25,0,0,1702,fr FRA,"FW,MF",eng Premier League,26.0,1998.0,30,1664,55,48.7,18.5,21,69.0,4,9,25.0,2,0.87,17,31,-14,-0.76,-1.01,1384,fr FRA,"FW,MF",eng Premier League,26.0,1998.0,18.5,3,0,0,41,17,3,18,2,16,0,"FW,MF",False,False,True,True,False,True,1664,26.0,0.8648648648648649,0.10810810810810811,2.2162162162162162,0.918918918918919,0.16216216216216217,0.0,0.972972972972973,0.16216216216216217,True
1595,Kobbie Mainoo,eng ENG,MF,Manchester Utd,eng Premier League,20.0,2005.0,28,16,1662,18.5,1,2,3,1,0,0,2,0,0.16,,,,,,,,,,,,,,,,,,,,,,,,,1595,eng ENG,MF,eng Premier League,20.0,2005.0,18.5,1,13,3,23.1,0.7,0.16,0.08,0.33,0,0,1970,eng ENG,MF,eng Premier League,20.0,2005.0,28,1662,59,48.6,18.5,16,89.0,14,12,20.0,4,2.21,38,22,16,0.87,0.71,1595,eng ENG,MF,eng Premier League,20.0,2005.0,18.5,2,0,0,12,22,1,13,19,20,0,MF,False,False,True,False,True,False,1662,20.0,1.0810810810810811,1.027027027027027,0.6486486486486487,1.1891891891891893,0.10810810810810811,0.0,0.7027027027027027,0.05405405405405406,True
232,Pablo Barrios,es ESP,MF,Atlético Madrid,es La Liga,22.0,2003.0,23,20,1661,18.5,1,1,2,1,0,0,0,0,0.11,,,,,,,,,,,,,,,,,,,,,,,,,232,es ESP,MF,es La Liga,22.0,2003.0,18.5,1,23,6,26.1,1.25,0.33,0.04,0.17,0,0,289,es ESP,MF,es La Liga,22.0,2003.0,23,1661,72,48.6,18.5,20,78.0,13,3,34.0,0,1.96,30,16,14,0.76,0.55,232,es ESP,MF,es La Liga,22.0,2003.0,18.5,0,0,0,12,23,0,30,26,16,0,MF,False,False,True,False,True,False,1661,22.0,0.8648648648648649,1.4054054054054055,0.6486486486486487,1.2432432432432432,0.0,0.0,1.6216216216216217,0.0,True
1724,Brais Méndez,es ESP,"MF,FW",Real Sociedad,es La Liga,28.0,1997.0,29,21,1660,18.4,6,2,8,5,1,2,4,1,0.38,,,,,,,,,,,,,,,,,,,,,,,,,1724,es ESP,"MF,FW",es La Liga,28.0,1997.0,18.4,6,36,16,44.4,1.95,0.87,0.14,0.31,1,2,2130,es ESP,"MF,FW",es La Liga,28.0,1997.0,29,1660,57,48.5,18.4,21,71.0,3,8,22.0,5,1.24,26,27,-1,-0.05,0.0,1724,es ESP,"MF,FW",es La Liga,28.0,1997.0,18.4,4,1,0,42,35,7,62,8,18,0,"MF,FW",False,False,True,True,False,True,1660,28.0,0.9782608695652175,0.4347826086956522,2.2826086956521743,1.9021739130434785,0.2173913043478261,0.05434782608695653,3.3695652173913047,0.3804347826086957,True
1237,Kristijan Jakić,hr CRO,"MF,DF",Augsburg,de Bundesliga,28.0,1997.0,26,18,1653,18.4,2,1,3,2,0,0,5,0,0.16,,,,,,,,,,,,,,,,,,,,,,,,,1237,hr CRO,"MF,DF",de Bundesliga,28.0,1997.0,18.4,2,18,6,33.3,0.98,0.33,0.11,0.33,0,0,1522,hr CRO,"MF,DF",de Bundesliga,28.0,1997.0,26,1653,64,54.0,18.4,18,77.0,10,8,34.0,2,1.15,24,27,-3,-0.16,0.67,1237,hr CRO,"MF,DF",de Bundesliga,28.0,1997.0,18.4,5,0,0,17,17,2,4,17,25,0,"MF,DF",False,True,True,False,False,True,1653,28.0,1.358695652173913,0.923913043478261,0.923913043478261,0.923913043478261,0.27173913043478265,0.0,0.2173913043478261,0.10869565217391305,True
208,Carlos Baleba,cm CMR,MF,Brighton,eng Premier League,21.0,2004.0,31,23,1652,18.4,0,0,0,0,0,0,5,0,0.0,,,,,,,,,,,,,,,,,,,,,,,,,208,cm CMR,MF,eng Premier League,21.0,2004.0,18.4,0,20,2,10.0,1.09,0.11,0.0,0.0,0,0,259,cm CMR,MF,eng Premier League,21.0,2004.0,31,1652,53,48.3,18.4,23,66.0,3,8,16.0,1,1.39,20,20,0,0.0,-0.31,208,cm CMR,MF,eng Premier League,21.0,2004.0,18.4,5,0,0,31,24,0,0,28,21,0,MF,False,False,True,False,True,False,1652,21.0,1.1413043478260871,1.5217391304347827,1.6847826086956523,1.3043478260869565,0.27173913043478265,0.0,0.0,0.0,True
2119,Marvin Pieringer,de GER,"FW,MF",Heidenheim,de Bundesliga,25.0,1999.0,27,20,1650,18.3,4,1,5,3,1,1,2,0,0.22,,,,,,,,,,,,,,,,,,,,,,,,,2119,de GER,"FW,MF",de Bundesliga,25.0,1999.0,18.3,4,32,8,25.0,1.75,0.44,0.09,0.38,1,1,2625,de GER,"FW,MF",de Bundesliga,25.0,1999.0,27,1650,61,53.9,18.3,20,75.0,5,7,21.0,0,0.85,28,38,-10,-0.55,0.79,2119,de GER,"FW,MF",de Bundesliga,25.0,1999.0,18.3,2,0,0,37,27,11,20,11,14,0,"FW,MF",False,False,True,True,False,True,1650,25.0,0.7650273224043715,0.6010928961748634,2.021857923497268,1.4754098360655736,0.1092896174863388,0.0,1.0928961748633879,0.6010928961748634,True
1010,Aleksandr Golovin,ru RUS,MF,Monaco,fr Ligue 1,29.0,1996.0,25,21,1649,18.3,5,5,10,5,0,0,4,1,0.55,,,,,,,,,,,,,,,,,,,,,,,,,1010,ru RUS,MF,fr Ligue 1,29.0,1996.0,18.3,5,34,18,52.9,1.86,0.98,0.15,0.28,0,0,1252,ru RUS,MF,fr Ligue 1,29.0,1996.0,25,1649,66,53.9,18.3,21,74.0,4,4,26.0,2,1.72,28,19,9,0.49,0.68,1010,ru RUS,MF,fr Ligue 1,29.0,1996.0,18.3,4,1,1,29,18,2,37,21,18,0,MF,False,False,True,False,True,False,1649,29.0,0.9836065573770492,1.1475409836065573,1.5846994535519126,0.9836065573770492,0.2185792349726776,0.0546448087431694,2.021857923497268,0.1092896174863388,True
1947,Álvaro Núñez,es ESP,"DF,MF",Elche,es La Liga,25.0,2000.0,19,19,1647,18.3,0,2,2,0,0,0,2,0,0.11,,,,,,,,,,,,,,,,,,,,,,,,,1947,es ESP,"DF,MF",es La Liga,25.0,2000.0,18.3,0,4,0,0.0,0.22,0.0,0.0,,0,0,2403,es ESP,"DF,MF",es La Liga,25.0,2000.0,19,1647,87,48.2,18.3,19,87.0,14,0,,0,1.21,23,20,3,0.16,0.72,1947,es ESP,"DF,MF",es La Liga,25.0,2000.0,18.3,2,0,0,12,17,2,60,15,15,0,"DF,MF",False,True,True,False,False,True,1647,25.0,0.819672131147541,0.819672131147541,0.6557377049180327,0.9289617486338797,0.1092896174863388,0.0,3.278688524590164,0.1092896174863388,True
2821,Alessio Zerbin,it ITA,MF,Cremonese,it Serie A,26.0,1999.0,32,17,1646,18.3,0,3,3,0,0,0,1,0,0.16,,,,,,,,,,,,,,,,,,,,,,,,,2821,it ITA,MF,it Serie A,26.0,1999.0,18.3,0,21,7,33.3,1.15,0.38,0.0,0.0,0,0,3515,it ITA,MF,it Serie A,26.0,1999.0,32,1646,51,48.1,18.3,17,73.0,3,15,27.0,2,0.88,11,24,-13,-0.71,-0.1,2821,it ITA,MF,it Serie A,26.0,1999.0,18.3,1,0,0,37,20,7,58,3,20,0,MF,False,False,True,False,True,False,1646,26.0,1.0928961748633879,0.16393442622950818,2.021857923497268,1.0928961748633879,0.0546448087431694,0.0,3.169398907103825,0.3825136612021858,True
1276,Frenkie de Jong,nl NED,MF,Barcelona,es La Liga,28.0,1997.0,25,16,1636,18.2,1,5,6,1,0,0,4,1,0.33,,,,,,,,,,,,,,,,,,,,,,,,,1276,nl NED,MF,es La Liga,28.0,1997.0,18.2,1,7,2,28.6,0.39,0.11,0.14,0.5,0,0,1569,nl NED,MF,es La Liga,28.0,1997.0,25,1636,65,47.8,18.2,16,88.0,13,9,26.0,1,2.32,43,21,22,1.21,-0.66,1276,nl NED,MF,es La Liga,28.0,1997.0,18.2,4,1,1,10,26,2,5,17,19,0,MF,False,False,True,False,True,False,1636,28.0,1.043956043956044,0.9340659340659341,0.5494505494505495,1.4285714285714286,0.21978021978021978,0.054945054945054944,0.27472527472527475,0.10989010989010989,True
2530,Yuito Suzuki,jp JPN,MF,Freiburg,de Bundesliga,23.0,2001.0,25,18,1632,18.1,4,2,6,4,0,0,3,0,0.33,,,,,,,,,,,,,,,,,,,,,,,,,2530,jp JPN,MF,de Bundesliga,23.0,2001.0,18.1,4,38,14,36.8,2.1,0.77,0.11,0.29,0,0,3164,jp JPN,MF,de Bundesliga,23.0,2001.0,25,1632,65,53.3,18.1,18,79.0,6,7,31.0,4,1.28,31,31,0,0.0,0.38,2530,jp JPN,MF,de Bundesliga,23.0,2001.0,18.1,3,0,0,20,10,2,21,10,12,0,MF,False,False,True,False,True,False,1632,23.0,0.6629834254143646,0.5524861878453038,1.1049723756906076,0.5524861878453038,0.16574585635359115,0.0,1.160220994475138,0.11049723756906077,True
2202,Tijjani Reijnders,nl NED,MF,Manchester City,eng Premier League,27.0,1998.0,28,19,1631,18.1,5,2,7,5,0,0,2,0,0.39,,,,,,,,,,,,,,,,,,,,,,,,,2202,nl NED,MF,eng Premier League,27.0,1998.0,18.1,5,49,16,32.7,2.7,0.88,0.1,0.31,0,0,2738,nl NED,MF,eng Premier League,27.0,1998.0,28,1631,58,47.7,18.1,19,77.0,6,9,18.0,10,1.93,32,17,15,0.83,-0.53,2202,nl NED,MF,eng Premier League,27.0,1998.0,18.1,2,0,0,19,15,4,43,11,4,0,MF,False,False,True,False,True,False,1631,27.0,0.22099447513812154,0.6077348066298343,1.0497237569060773,0.8287292817679557,0.11049723756906077,0.0,2.3756906077348066,0.22099447513812154,True
1353,Bilal El Khannouss,ma MAR,"MF,FW",Stuttgart,de Bundesliga,21.0,2004.0,25,19,1630,18.1,4,5,9,4,0,0,6,0,0.5,,,,,,,,,,,,,,,,,,,,,,,,,1353,ma MAR,"MF,FW",de Bundesliga,21.0,2004.0,18.1,4,42,15,35.7,2.32,0.83,0.1,0.27,0,0,1660,ma MAR,"MF,FW",de Bundesliga,21.0,2004.0,25,1630,65,53.3,18.1,19,80.0,7,6,18.0,2,1.84,33,30,3,0.17,-1.03,1353,ma MAR,"MF,FW",de Bundesliga,21.0,2004.0,18.1,6,0,0,19,9,1,65,10,21,0,"MF,FW",False,False,True,True,False,True,1630,21.0,1.160220994475138,0.5524861878453038,1.0497237569060773,0.49723756906077343,0.3314917127071823,0.0,3.591160220994475,0.055248618784530384,True
632,Arnaut Danjuma,nl NED,"MF,FW",Valencia,es La Liga,28.0,1997.0,30,18,1628,18.1,3,2,5,3,0,1,0,0,0.28,,,,,,,,,,,,,,,,,,,,,,,,,632,nl NED,"MF,FW",es La Liga,28.0,1997.0,18.1,3,36,14,38.9,1.99,0.77,0.08,0.21,0,1,781,nl NED,"MF,FW",es La Liga,28.0,1997.0,30,1628,54,47.6,18.1,18,75.0,7,12,23.0,7,1.0,19,28,-9,-0.5,-0.5,632,nl NED,"MF,FW",es La Liga,28.0,1997.0,18.1,0,0,0,21,22,5,49,2,10,0,"MF,FW",False,False,True,True,False,True,1628,28.0,0.5524861878453038,0.11049723756906077,1.160220994475138,1.2154696132596685,0.0,0.0,2.707182320441989,0.2762430939226519,True
1051,Jack Grealish,eng ENG,MF,Everton,eng Premier League,29.0,1995.0,20,18,1627,18.1,2,6,8,2,0,0,5,1,0.44,,,,,,,,,,,,,,,,,,,,,,,,,1051,eng ENG,MF,eng Premier League,29.0,1995.0,18.1,2,26,8,30.8,1.44,0.44,0.08,0.25,0,0,1306,eng ENG,MF,eng Premier League,29.0,1995.0,20,1627,81,47.6,18.1,18,88.0,11,2,20.0,0,1.55,23,23,0,0.0,0.15,1051,eng ENG,MF,eng Premier League,29.0,1995.0,18.1,5,1,1,13,58,0,39,11,15,0,MF,False,False,True,False,True,False,1627,29.0,0.8287292817679557,0.6077348066298343,0.718232044198895,3.2044198895027622,0.2762430939226519,0.055248618784530384,2.154696132596685,0.0,True
381,Abel Bretones,es ESP,"MF,DF",Osasuna,es La Liga,24.0,2000.0,28,17,1624,18.0,1,2,3,1,0,0,5,1,0.17,,,,,,,,,,,,,,,,,,,,,,,,,381,es ESP,"MF,DF",es La Liga,24.0,2000.0,18.0,1,11,3,27.3,0.61,0.17,0.09,0.33,0,0,471,es ESP,"MF,DF",es La Liga,24.0,2000.0,28,1624,58,47.5,18.0,17,88.0,12,11,12.0,7,1.18,24,27,-3,-0.17,-0.02,381,es ESP,"MF,DF",es La Liga,24.0,2000.0,18.0,5,1,0,16,19,1,34,16,12,0,"MF,DF",False,True,True,False,False,True,1624,24.0,0.6666666666666666,0.8888888888888888,0.8888888888888888,1.0555555555555556,0.2777777777777778,0.05555555555555555,1.8888888888888888,0.05555555555555555,True
1144,Luis Henrique,br BRA,MF,Inter,it Serie A,23.0,2001.0,30,18,1624,18.0,1,2,3,1,0,0,1,0,0.17,,,,,,,,,,,,,,,,,,,,,,,,,1144,br BRA,MF,it Serie A,23.0,2001.0,18.0,1,15,7,46.7,0.83,0.39,0.07,0.14,0,0,1412,br BRA,MF,it Serie A,23.0,2001.0,30,1624,54,47.5,18.0,18,75.0,8,12,23.0,7,2.47,35,14,21,1.16,-0.49,1144,br BRA,MF,it Serie A,23.0,2001.0,18.0,1,0,0,5,0,1,39,7,16,0,MF,False,False,True,False,True,False,1624,23.0,0.8888888888888888,0.3888888888888889,0.2777777777777778,0.0,0.05555555555555555,0.0,2.1666666666666665,0.05555555555555555,True
2767,Patrick Wimmer,at AUT,MF,Wolfsburg,de Bundesliga,24.0,2001.0,25,21,1621,18.0,4,3,7,4,0,0,4,0,0.39,,,,,,,,,,,,,,,,,,,,,,,,,2767,at AUT,MF,de Bundesliga,24.0,2001.0,18.0,4,24,8,33.3,1.33,0.44,0.17,0.5,0,0,3453,at AUT,MF,de Bundesliga,24.0,2001.0,25,1621,65,53.0,18.0,21,73.0,3,4,24.0,0,1.0,27,32,-5,-0.28,0.91,2767,at AUT,MF,de Bundesliga,24.0,2001.0,18.0,4,0,0,28,33,2,25,23,20,0,MF,False,False,True,False,True,False,1621,24.0,1.1111111111111112,1.2777777777777777,1.5555555555555556,1.8333333333333333,0.2222222222222222,0.0,1.3888888888888888,0.1111111111111111,True
2001,Louis Oppie,de GER,MF,St Pauli,de Bundesliga,23.0,2002.0,23,17,1620,18.0,1,0,1,1,0,0,0,0,0.06,,,,,,,,,,,,,,,,,,,,,,,,,2001,de GER,MF,de Bundesliga,23.0,2002.0,18.0,1,15,4,26.7,0.83,0.22,0.07,0.25,0,0,2477,de GER,MF,de Bundesliga,23.0,2002.0,23,1620,70,52.9,18.0,17,87.0,15,6,22.0,11,0.57,14,34,-20,-1.11,-0.42,2001,de GER,MF,de Bundesliga,23.0,2002.0,18.0,0,0,0,15,15,4,58,11,19,0,MF,False,False,True,False,True,False,1620,23.0,1.0555555555555556,0.6111111111111112,0.8333333333333334,0.8333333333333334,0.0,0.0,3.2222222222222223,0.2222222222222222,True
1728,Batista Mendy,fr FRA,MF,Sevilla,es La Liga,25.0,2000.0,27,19,1617,18.0,1,0,1,1,0,0,6,0,0.06,,,,,,,,,,,,,,,,,,,,,,,,,1728,fr FRA,MF,es La Liga,25.0,2000.0,18.0,1,17,5,29.4,0.95,0.28,0.06,0.2,0,0,2134,fr FRA,MF,es La Liga,25.0,2000.0,27,1617,60,47.3,18.0,19,78.0,10,8,17.0,5,1.15,16,26,-10,-0.56,-0.36,1728,fr FRA,MF,es La Liga,25.0,2000.0,18.0,6,0,0,37,27,0,5,18,23,0,MF,False,False,True,False,True,False,1617,25.0,1.2777777777777777,1.0,2.0555555555555554,1.5,0.3333333333333333,0.0,0.2777777777777778,0.0,True
1535,Unai López,es ESP,MF,Rayo Vallecano,es La Liga,29.0,1995.0,28,19,1612,17.9,0,4,4,0,0,0,8,1,0.22,,,,,,,,,,,,,,,,,,,,,,,,,1535,es ESP,MF,es La Liga,29.0,1995.0,17.9,0,22,4,18.2,1.23,0.22,0.0,0.0,0,0,1900,es ESP,MF,es La Liga,29.0,1995.0,28,1612,58,47.1,17.9,19,75.0,4,9,20.0,4,1.46,20,13,7,0.39,0.89,1535,es ESP,MF,es La Liga,29.0,1995.0,17.9,8,1,1,37,14,1,62,21,16,0,MF,False,False,True,False,True,False,1612,29.0,0.893854748603352,1.1731843575418994,2.0670391061452515,0.782122905027933,0.446927374301676,0.0558659217877095,3.463687150837989,0.0558659217877095,True
2614,Alpha Touré,sn SEN,MF,Metz,fr Ligue 1,19.0,2006.0,30,16,1606,17.8,0,1,1,0,0,0,5,0,0.06,,,,,,,,,,,,,,,,,,,,,,,,,2614,sn SEN,MF,fr Ligue 1,19.0,2006.0,17.8,0,17,1,5.9,0.95,0.06,0.0,0.0,0,0,3267,sn SEN,MF,fr Ligue 1,19.0,2006.0,30,1606,54,52.5,17.8,16,81.0,7,14,22.0,2,0.53,15,37,-22,-1.23,0.13,2614,sn SEN,MF,fr Ligue 1,19.0,2006.0,17.8,5,0,0,27,27,1,13,10,23,0,MF,False,False,True,False,True,False,1606,19.0,1.2921348314606742,0.5617977528089887,1.5168539325842696,1.5168539325842696,0.28089887640449435,0.0,0.7303370786516854,0.056179775280898875,True
372,Julian Brandt,de GER,"MF,FW",Dortmund,de Bundesliga,29.0,1996.0,29,17,1606,17.8,7,4,11,7,0,0,0,0,0.62,,,,,,,,,,,,,,,,,,,,,,,,,372,de GER,"MF,FW",de Bundesliga,29.0,1996.0,17.8,7,38,18,47.4,2.13,1.01,0.18,0.39,0,0,461,de GER,"MF,FW",de Bundesliga,29.0,1996.0,29,1606,55,52.5,17.8,17,83.0,5,12,17.0,3,2.14,42,18,24,1.34,0.6,372,de GER,"MF,FW",de Bundesliga,29.0,1996.0,17.8,0,0,0,8,5,7,25,5,8,0,"MF,FW",False,False,True,True,False,True,1606,29.0,0.449438202247191,0.28089887640449435,0.449438202247191,0.28089887640449435,0.0,0.0,1.4044943820224718,0.3932584269662921,True
2279,Jonathan Rowe,eng ENG,"MF,FW",Bologna,it Serie A,22.0,2003.0,28,17,1605,17.8,3,2,5,3,0,0,2,0,0.28,,,,,,,,,,,,,,,,,,,,,,,,,2279,eng ENG,"MF,FW",it Serie A,22.0,2003.0,17.8,3,48,17,35.4,2.69,0.95,0.06,0.18,0,0,2834,eng ENG,"MF,FW",it Serie A,22.0,2003.0,28,1605,57,46.9,17.8,17,76.0,3,11,29.0,8,1.32,21,20,1,0.06,-0.04,2279,eng ENG,"MF,FW",it Serie A,22.0,2003.0,17.8,2,0,0,23,50,4,53,9,14,0,"MF,FW",False,False,True,True,False,True,1605,22.0,0.7865168539325842,0.5056179775280899,1.2921348314606742,2.8089887640449436,0.11235955056179775,0.0,2.9775280898876404,0.2247191011235955,True
2372,Martin Satriano,uy URU,"FW,MF",Getafe,es La Liga,24.0,2001.0,18,18,1603,17.8,6,1,7,6,0,0,5,0,0.39,,,,,,,,,,,,,,,,,,,,,,,,,2372,uy URU,"FW,MF",es La Liga,24.0,2001.0,17.8,6,35,14,40.0,1.97,0.79,0.17,0.43,0,0,2952,uy URU,"FW,MF",es La Liga,24.0,2001.0,18,1603,89,46.9,17.8,18,89.0,14,0,,0,1.5,16,13,3,0.17,0.61,2372,uy URU,"FW,MF",es La Liga,24.0,2001.0,17.8,5,0,0,21,31,4,21,9,13,0,"FW,MF",False,False,True,True,False,True,1603,24.0,0.7303370786516854,0.5056179775280899,1.1797752808988764,1.7415730337078652,0.28089887640449435,0.0,1.1797752808988764,0.2247191011235955,True
872,Lewis Ferguson,sct SCO,MF,Bologna,it Serie A,25.0,1999.0,27,17,1601,17.8,1,0,1,1,0,0,7,1,0.06,,,,,,,,,,,,,,,,,,,,,,,,,872,sct SCO,MF,it Serie A,25.0,1999.0,17.8,1,13,2,15.4,0.73,0.11,0.08,0.5,0,0,1074,sct SCO,MF,it Serie A,25.0,1999.0,27,1601,59,46.8,17.8,17,85.0,13,10,16.0,9,1.15,21,28,-7,-0.39,-0.89,872,sct SCO,MF,it Serie A,25.0,1999.0,17.8,7,1,1,34,26,3,25,12,16,0,MF,False,False,True,False,True,False,1601,25.0,0.898876404494382,0.6741573033707865,1.9101123595505618,1.4606741573033708,0.3932584269662921,0.056179775280898875,1.4044943820224718,0.16853932584269662,True
2622,Mattéo Tramoni,fr FRA,"MF,FW",Pisa,it Serie A,25.0,2000.0,27,21,1600,17.8,2,2,4,1,1,1,3,0,0.17,,,,,,,,,,,,,,,,,,,,,,,,,2622,fr FRA,"MF,FW",it Serie A,25.0,2000.0,17.8,2,28,9,32.1,1.58,0.51,0.04,0.11,1,1,3276,fr FRA,"MF,FW",it Serie A,25.0,2000.0,27,1600,59,46.8,17.8,21,71.0,4,6,19.0,6,0.56,15,35,-20,-1.13,0.11,2622,fr FRA,"MF,FW",it Serie A,25.0,2000.0,17.8,3,0,0,16,15,2,68,15,21,0,"MF,FW",False,False,True,True,False,True,1600,25.0,1.1797752808988764,0.8426966292134831,0.898876404494382,0.8426966292134831,0.16853932584269662,0.0,3.8202247191011236,0.11235955056179775,True
2606,Pablo Torre,es ESP,"MF,FW",Mallorca,es La Liga,22.0,2003.0,35,19,1599,17.8,4,4,8,4,0,0,4,0,0.45,,,,,,,,,,,,,,,,,,,,,,,,,2606,es ESP,"MF,FW",es La Liga,22.0,2003.0,17.8,4,25,12,48.0,1.41,0.68,0.16,0.33,0,0,3257,es ESP,"MF,FW",es La Liga,22.0,2003.0,35,1599,46,46.8,17.8,19,69.0,1,16,18.0,3,1.09,23,27,-4,-0.23,0.07,2606,es ESP,"MF,FW",es La Liga,22.0,2003.0,17.8,4,0,0,29,36,1,90,9,17,0,"MF,FW",False,False,True,True,False,True,1599,22.0,0.9550561797752809,0.5056179775280899,1.6292134831460674,2.0224719101123596,0.2247191011235955,0.0,5.056179775280898,0.056179775280898875,True
536,Ben Chilwell,eng ENG,"DF,MF",Strasbourg,fr Ligue 1,28.0,1996.0,20,19,1598,17.8,0,2,2,0,0,0,4,0,0.11,,,,,,,,,,,,,,,,,,,,,,,,,536,eng ENG,"DF,MF",fr Ligue 1,28.0,1996.0,17.8,0,5,3,60.0,0.28,0.17,0.0,0.0,0,0,663,eng ENG,"DF,MF",fr Ligue 1,28.0,1996.0,20,1598,80,52.2,17.8,19,83.0,13,1,29.0,4,1.45,27,24,3,0.17,-0.32,536,eng ENG,"DF,MF",fr Ligue 1,28.0,1996.0,17.8,4,0,0,14,22,4,30,22,17,0,"DF,MF",False,True,True,False,False,True,1598,28.0,0.9550561797752809,1.2359550561797752,0.7865168539325842,1.2359550561797752,0.2247191011235955,0.0,1.6853932584269662,0.2247191011235955,True
2812,Gabriele Zappa,it ITA,"DF,MF",Cagliari,it Serie A,25.0,1999.0,31,18,1597,17.7,0,3,3,0,0,0,2,0,0.17,,,,,,,,,,,,,,,,,,,,,,,,,2812,it ITA,"DF,MF",it Serie A,25.0,1999.0,17.7,0,11,2,18.2,0.62,0.11,0.0,0.0,0,0,3504,it ITA,"DF,MF",it Serie A,25.0,1999.0,31,1597,52,46.7,17.7,18,77.0,10,13,16.0,4,1.03,19,27,-8,-0.45,-0.2,2812,it ITA,"DF,MF",it Serie A,25.0,1999.0,17.7,2,0,0,13,5,0,37,18,17,0,"DF,MF",False,True,True,False,False,True,1597,25.0,0.96045197740113,1.0169491525423728,0.7344632768361582,0.2824858757062147,0.11299435028248588,0.0,2.0903954802259888,0.0,True
2683,Ruben Vargas,ch SUI,"MF,FW",Sevilla,es La Liga,26.0,1998.0,24,20,1594,17.7,3,6,9,2,1,1,2,0,0.45,,,,,,,,,,,,,,,,,,,,,,,,,2683,ch SUI,"MF,FW",es La Liga,26.0,1998.0,17.7,3,41,8,19.5,2.31,0.45,0.05,0.25,1,1,3347,ch SUI,"MF,FW",es La Liga,26.0,1998.0,24,1594,66,46.6,17.7,20,74.0,2,4,28.0,0,1.17,18,27,-9,-0.51,-0.26,2683,ch SUI,"MF,FW",es La Liga,26.0,1998.0,17.7,2,0,0,13,17,7,90,7,15,0,"MF,FW",False,False,True,True,False,True,1594,26.0,0.8474576271186441,0.3954802259887006,0.7344632768361582,0.96045197740113,0.11299435028248588,0.0,5.084745762711864,0.3954802259887006,True
2662,Josha Vagnoman,de GER,"DF,MF",Stuttgart,de Bundesliga,24.0,2000.0,27,18,1587,17.6,1,3,4,1,0,0,3,0,0.23,,,,,,,,,,,,,,,,,,,,,,,,,2662,de GER,"DF,MF",de Bundesliga,24.0,2000.0,17.6,1,19,11,57.9,1.08,0.62,0.05,0.09,0,0,3323,de GER,"DF,MF",de Bundesliga,24.0,2000.0,27,1587,59,51.9,17.6,18,84.0,11,9,9.0,4,1.78,32,29,3,0.17,-0.99,2662,de GER,"DF,MF",de Bundesliga,24.0,2000.0,17.6,3,0,0,17,16,1,33,3,19,0,"DF,MF",False,True,True,False,False,True,1587,24.0,1.0795454545454544,0.17045454545454544,0.9659090909090908,0.9090909090909091,0.17045454545454544,0.0,1.8749999999999998,0.056818181818181816,True
1251,Castrop Jens,kr KOR,MF,Gladbach,de Bundesliga,22.0,2003.0,26,20,1584,17.6,3,1,4,3,0,0,2,2,0.23,,,,,,,,,,,,,,,,,,,,,,,,,1251,kr KOR,MF,de Bundesliga,22.0,2003.0,17.6,3,30,12,40.0,1.7,0.68,0.1,0.25,0,0,1540,kr KOR,MF,de Bundesliga,22.0,2003.0,26,1584,61,51.8,17.6,20,74.0,4,6,17.0,1,1.0,21,31,-10,-0.57,-0.51,1251,kr KOR,MF,de Bundesliga,22.0,2003.0,17.6,2,2,0,31,26,3,21,17,27,0,MF,False,False,True,False,True,False,1584,22.0,1.534090909090909,0.9659090909090908,1.7613636363636362,1.477272727272727,0.11363636363636363,0.11363636363636363,1.1931818181818181,0.17045454545454544,True
1006,Martial Godo,ci CIV,MF,Strasbourg,fr Ligue 1,22.0,2003.0,28,18,1584,17.6,10,1,11,10,0,0,2,0,0.62,,,,,,,,,,,,,,,,,,,,,,,,,1006,ci CIV,MF,fr Ligue 1,22.0,2003.0,17.6,10,41,17,41.5,2.33,0.97,0.24,0.59,0,0,1246,ci CIV,MF,fr Ligue 1,22.0,2003.0,28,1584,57,51.8,17.6,18,79.0,8,10,15.0,2,1.68,41,23,18,1.02,1.45,1006,ci CIV,MF,fr Ligue 1,22.0,2003.0,17.6,2,0,0,15,32,11,31,15,13,0,MF,False,False,True,False,True,False,1584,22.0,0.7386363636363635,0.8522727272727272,0.8522727272727272,1.8181818181818181,0.11363636363636363,0.0,1.7613636363636362,0.625,True
1188,Bashir Humphreys,eng ENG,"DF,MF",Burnley,eng Premier League,22.0,2003.0,20,17,1578,17.5,0,0,0,0,0,0,6,0,0.0,,,,,,,,,,,,,,,,,,,,,,,,,1188,eng ENG,"DF,MF",eng Premier League,22.0,2003.0,17.5,0,9,3,33.3,0.51,0.17,0.0,0.0,0,0,1466,eng ENG,"DF,MF",eng Premier League,22.0,2003.0,20,1578,79,46.1,17.5,17,88.0,13,3,29.0,6,0.5,15,33,-18,-1.03,-0.1,1188,eng ENG,"DF,MF",eng Premier League,22.0,2003.0,17.5,6,0,0,14,10,2,17,11,17,0,"DF,MF",False,True,True,False,False,True,1578,22.0,0.9714285714285714,0.6285714285714286,0.8,0.5714285714285714,0.34285714285714286,0.0,0.9714285714285714,0.11428571428571428,True
991,Bryan Gil,es ESP,"MF,FW",Girona,es La Liga,24.0,2001.0,29,20,1578,17.5,0,3,3,0,0,0,6,0,0.17,,,,,,,,,,,,,,,,,,,,,,,,,991,es ESP,"MF,FW",es La Liga,24.0,2001.0,17.5,0,27,7,25.9,1.54,0.4,0.0,0.0,0,0,1229,es ESP,"MF,FW",es La Liga,24.0,2001.0,29,1578,54,46.1,17.5,20,69.0,1,9,23.0,2,1.14,19,21,-2,-0.11,0.57,991,es ESP,"MF,FW",es La Liga,24.0,2001.0,17.5,6,0,0,20,37,6,52,9,18,0,"MF,FW",False,False,True,True,False,True,1578,24.0,1.0285714285714285,0.5142857142857142,1.1428571428571428,2.1142857142857143,0.34285714285714286,0.0,2.9714285714285715,0.34285714285714286,True
304,Lorenzo Bernasconi,it ITA,MF,Atalanta,it Serie A,21.0,2003.0,23,17,1572,17.5,0,3,3,0,0,0,3,0,0.17,,,,,,,,,,,,,,,,,,,,,,,,,304,it ITA,MF,it Serie A,21.0,2003.0,17.5,0,9,1,11.1,0.52,0.06,0.0,0.0,0,0,375,it ITA,MF,it Serie A,21.0,2003.0,23,1572,68,46.0,17.5,17,83.0,13,6,26.0,10,1.91,22,9,13,0.74,0.65,304,it ITA,MF,it Serie A,21.0,2003.0,17.5,3,0,0,8,5,3,113,14,16,0,MF,False,False,True,False,True,False,1572,21.0,0.9142857142857143,0.8,0.45714285714285713,0.2857142857142857,0.17142857142857143,0.0,6.457142857142857,0.17142857142857143,True
242,Martin Baturina,hr CRO,"MF,FW",Como,it Serie A,22.0,2003.0,29,17,1569,17.4,6,3,9,6,0,0,0,0,0.52,,,,,,,,,,,,,,,,,,,,,,,,,242,hr CRO,"MF,FW",it Serie A,22.0,2003.0,17.4,6,28,9,32.1,1.61,0.52,0.21,0.67,0,0,302,hr CRO,"MF,FW",it Serie A,22.0,2003.0,29,1569,54,45.9,17.4,17,77.0,5,12,22.0,8,1.76,34,17,17,0.98,0.05,242,hr CRO,"MF,FW",it Serie A,22.0,2003.0,17.4,0,0,0,15,44,0,77,5,14,0,"MF,FW",False,False,True,True,False,True,1569,22.0,0.8045977011494253,0.2873563218390805,0.8620689655172414,2.528735632183908,0.0,0.0,4.42528735632184,0.0,True
1027,Nicolás González,es ESP,MF,Manchester City,eng Premier League,23.0,2002.0,25,17,1569,17.4,1,0,1,1,0,0,6,0,0.06,,,,,,,,,,,,,,,,,,,,,,,,,1027,es ESP,MF,eng Premier League,23.0,2002.0,17.4,1,14,2,14.3,0.8,0.11,0.07,0.5,0,0,1274,es ESP,MF,eng Premier League,23.0,2002.0,25,1569,63,45.9,17.4,17,81.0,10,8,25.0,8,2.12,39,17,22,1.26,0.29,1027,es ESP,MF,eng Premier League,23.0,2002.0,17.4,6,0,0,30,18,0,3,24,30,0,MF,False,False,True,False,True,False,1569,23.0,1.7241379310344829,1.3793103448275863,1.7241379310344829,1.0344827586206897,0.3448275862068966,0.0,0.1724137931034483,0.0,True
290,Lucas Beraldo,br BRA,"DF,MF",Paris Saint-Germain,fr Ligue 1,21.0,2003.0,20,18,1567,17.4,2,1,3,2,0,0,2,0,0.17,,,,,,,,,,,,,,,,,,,,,,,,,290,br BRA,"DF,MF",fr Ligue 1,21.0,2003.0,17.4,2,14,4,28.6,0.8,0.23,0.14,0.5,0,0,360,br BRA,"DF,MF",fr Ligue 1,21.0,2003.0,20,1567,78,51.2,17.4,18,84.0,14,2,25.0,13,2.3,38,15,23,1.32,-0.01,290,br BRA,"DF,MF",fr Ligue 1,21.0,2003.0,17.4,2,0,0,15,7,0,2,18,21,0,"DF,MF",False,True,True,False,False,True,1567,21.0,1.2068965517241381,1.0344827586206897,0.8620689655172414,0.40229885057471265,0.1149425287356322,0.0,0.1149425287356322,0.0,True
2523,Pavel Šulc,cz CZE,"FW,MF",Lyon,fr Ligue 1,24.0,2000.0,27,17,1566,17.4,11,3,14,11,0,0,3,0,0.8,,,,,,,,,,,,,,,,,,,,,,,,,2523,cz CZE,"FW,MF",fr Ligue 1,24.0,2000.0,17.4,11,44,18,40.9,2.53,1.03,0.25,0.61,0,0,3154,cz CZE,"FW,MF",fr Ligue 1,24.0,2000.0,27,1566,58,51.2,17.4,17,80.0,7,10,20.0,1,1.81,28,22,6,0.34,-0.08,2523,cz CZE,"FW,MF",fr Ligue 1,24.0,2000.0,17.4,3,0,0,28,15,6,13,6,13,0,"FW,MF",False,False,True,True,False,True,1566,24.0,0.7471264367816093,0.3448275862068966,1.6091954022988506,0.8620689655172414,0.1724137931034483,0.0,0.7471264367816093,0.3448275862068966,True
2550,Chemsdine Talbi,ma MAR,"MF,FW",Sunderland,eng Premier League,20.0,2005.0,28,16,1561,17.3,4,1,5,4,0,0,0,0,0.29,,,,,,,,,,,,,,,,,,,,,,,,,2550,ma MAR,"MF,FW",eng Premier League,20.0,2005.0,17.3,4,25,10,40.0,1.44,0.58,0.16,0.4,0,0,3190,ma MAR,"MF,FW",eng Premier League,20.0,2005.0,28,1561,56,45.6,17.3,16,78.0,2,12,26.0,3,1.46,23,14,9,0.52,1.25,2550,ma MAR,"MF,FW",eng Premier League,20.0,2005.0,17.3,0,0,0,5,1,2,50,3,6,0,"MF,FW",False,False,True,True,False,True,1561,20.0,0.3468208092485549,0.17341040462427745,0.2890173410404624,0.057803468208092484,0.0,0.0,2.890173410404624,0.11560693641618497,True
1980,Noah Okafor,ch SUI,"FW,MF",Leeds United,eng Premier League,25.0,2000.0,28,19,1561,17.3,8,1,9,8,0,0,3,0,0.52,,,,,,,,,,,,,,,,,,,,,,,,,1980,ch SUI,"FW,MF",eng Premier League,25.0,2000.0,17.3,8,35,15,42.9,2.02,0.86,0.23,0.53,0,0,2446,ch SUI,"FW,MF",eng Premier League,25.0,2000.0,28,1561,56,45.6,17.3,19,72.0,1,9,22.0,1,1.32,29,26,3,0.17,0.66,1980,ch SUI,"FW,MF",eng Premier League,25.0,2000.0,17.3,3,0,0,18,14,0,36,12,15,0,"FW,MF",False,False,True,True,False,True,1561,25.0,0.8670520231213873,0.6936416184971098,1.0404624277456647,0.8092485549132947,0.17341040462427745,0.0,2.0809248554913293,0.0,True
189,Alex Baena,es ESP,"MF,FW",Atlético Madrid,es La Liga,24.0,2001.0,27,21,1560,17.3,2,3,5,2,0,0,5,0,0.29,,,,,,,,,,,,,,,,,,,,,,,,,189,es ESP,"MF,FW",es La Liga,24.0,2001.0,17.3,2,29,7,24.1,1.67,0.4,0.07,0.29,0,0,233,es ESP,"MF,FW",es La Liga,24.0,2001.0,27,1560,58,45.6,17.3,21,68.0,4,6,24.0,3,1.67,27,20,7,0.4,-0.13,189,es ESP,"MF,FW",es La Liga,24.0,2001.0,17.3,5,0,0,26,29,9,117,16,11,0,"MF,FW",False,False,True,True,False,True,1560,24.0,0.6358381502890174,0.9248554913294798,1.5028901734104045,1.676300578034682,0.2890173410404624,0.0,6.763005780346821,0.5202312138728323,True
324,Ludovic Blas,fr FRA,"MF,FW",Rennes,fr Ligue 1,27.0,1997.0,32,15,1546,17.2,5,4,9,3,2,2,1,0,0.41,,,,,,,,,,,,,,,,,,,,,,,,,324,fr FRA,"MF,FW",fr Ligue 1,27.0,1997.0,17.2,5,47,14,29.8,2.74,0.82,0.06,0.21,2,2,401,fr FRA,"MF,FW",fr Ligue 1,27.0,1997.0,32,1546,48,50.5,17.2,15,77.0,2,17,23.0,1,1.78,27,30,-3,-0.17,-0.89,324,fr FRA,"MF,FW",fr Ligue 1,27.0,1997.0,17.2,1,0,0,24,27,5,93,15,10,0,"MF,FW",False,False,True,True,False,True,1546,27.0,0.5813953488372093,0.872093023255814,1.3953488372093024,1.5697674418604652,0.05813953488372093,0.0,5.406976744186046,0.29069767441860467,True
2583,Jan Thielmann,de GER,"MF,FW",Köln,de Bundesliga,23.0,2002.0,26,20,1540,17.1,3,1,4,3,0,0,4,0,0.23,,,,,,,,,,,,,,,,,,,,,,,,,2583,de GER,"MF,FW",de Bundesliga,23.0,2002.0,17.1,3,27,10,37.0,1.58,0.58,0.11,0.3,0,0,3228,de GER,"MF,FW",de Bundesliga,23.0,2002.0,26,1540,59,50.3,17.1,20,72.0,4,6,18.0,1,1.04,22,31,-9,-0.53,-0.23,2583,de GER,"MF,FW",de Bundesliga,23.0,2002.0,17.1,4,0,0,11,23,4,36,13,12,0,"MF,FW",False,False,True,True,False,True,1540,23.0,0.7017543859649122,0.7602339181286549,0.6432748538011696,1.3450292397660817,0.23391812865497075,0.0,2.1052631578947367,0.23391812865497075,True
1420,Rasmus Kristensen,dk DEN,"DF,MF",Eintracht Frankfurt,de Bundesliga,28.0,1997.0,22,19,1538,17.1,2,0,2,2,0,0,6,1,0.12,,,,,,,,,,,,,,,,,,,,,,,,,1420,dk DEN,"DF,MF",de Bundesliga,28.0,1997.0,17.1,2,15,6,40.0,0.88,0.35,0.13,0.33,0,0,1746,dk DEN,"DF,MF",de Bundesliga,28.0,1997.0,22,1538,70,50.3,17.1,19,79.0,12,3,15.0,0,1.36,27,30,-3,-0.18,-0.12,1420,dk DEN,"DF,MF",de Bundesliga,28.0,1997.0,17.1,6,1,1,24,10,3,33,19,33,0,"DF,MF",False,True,True,False,False,True,1538,28.0,1.9298245614035086,1.111111111111111,1.4035087719298245,0.5847953216374269,0.3508771929824561,0.05847953216374269,1.9298245614035086,0.17543859649122806,True
2433,Caio Henrique Oliveira Silva,br BRA,"DF,MF",Monaco,fr Ligue 1,28.0,1997.0,22,17,1536,17.1,0,2,2,0,0,0,2,0,0.12,,,,,,,,,,,,,,,,,,,,,,,,,2433,br BRA,"DF,MF",fr Ligue 1,28.0,1997.0,17.1,0,2,0,0.0,0.12,0.0,0.0,,0,0,3037,br BRA,"DF,MF",fr Ligue 1,28.0,1997.0,22,1536,70,50.2,17.1,17,85.0,14,5,19.0,2,1.55,24,24,0,0.0,-0.35,2433,br BRA,"DF,MF",fr Ligue 1,28.0,1997.0,17.1,2,0,0,13,17,1,90,12,11,0,"DF,MF",False,True,True,False,False,True,1536,28.0,0.6432748538011696,0.7017543859649122,0.7602339181286549,0.9941520467836257,0.11695906432748537,0.0,5.263157894736842,0.05847953216374269,True
1425,Mohammed Kudus,gh GHA,"MF,FW",Tottenham Hotspur,eng Premier League,24.0,2000.0,19,19,1535,17.1,2,5,7,2,0,0,3,0,0.41,,,,,,,,,,,,,,,,,,,,,,,,,1425,gh GHA,"MF,FW",eng Premier League,24.0,2000.0,17.1,2,26,9,34.6,1.52,0.53,0.08,0.22,0,0,1752,gh GHA,"MF,FW",eng Premier League,24.0,2000.0,19,1535,81,44.9,17.1,19,81.0,8,0,,0,1.37,22,20,2,0.12,0.64,1425,gh GHA,"MF,FW",eng Premier League,24.0,2000.0,17.1,3,0,0,23,15,10,122,3,17,0,"MF,FW",False,False,True,True,False,True,1535,24.0,0.9941520467836257,0.17543859649122806,1.3450292397660817,0.8771929824561403,0.17543859649122806,0.0,7.134502923976608,0.5847953216374269,True
1832,Ngal'Ayel Mukau,cd COD,MF,Lille,fr Ligue 1,20.0,2004.0,30,19,1534,17.0,1,0,1,1,0,0,3,0,0.06,,,,,,,,,,,,,,,,,,,,,,,,,1832,cd COD,MF,fr Ligue 1,20.0,2004.0,17.0,1,20,5,25.0,1.17,0.29,0.05,0.2,0,0,2266,cd COD,MF,fr Ligue 1,20.0,2004.0,30,1534,51,50.1,17.0,19,71.0,3,11,16.0,1,1.8,24,21,3,0.18,-0.53,1832,cd COD,MF,fr Ligue 1,20.0,2004.0,17.0,3,0,0,27,23,4,5,14,18,0,MF,False,False,True,False,True,False,1534,20.0,1.0588235294117647,0.8235294117647058,1.588235294117647,1.3529411764705883,0.17647058823529413,0.0,0.29411764705882354,0.23529411764705882,True
998,Giovane,br BRA,"FW,MF",Hellas Verona,it Serie A,21.0,2003.0,21,19,1533,17.0,3,4,7,3,0,0,2,0,0.41,,,,,,,,,,,,,,,,,,,,,,,,,998,br BRA,"FW,MF",it Serie A,21.0,2003.0,17.0,3,47,25,53.2,2.76,1.47,0.06,0.12,0,0,1236,br BRA,"FW,MF",it Serie A,21.0,2003.0,21,1533,73,44.8,17.0,19,77.0,8,2,33.0,0,0.67,12,23,-11,-0.65,0.55,998,br BRA,"FW,MF",it Serie A,21.0,2003.0,17.0,2,0,0,21,15,8,56,5,9,0,"FW,MF",False,False,True,True,False,True,1533,21.0,0.5294117647058824,0.29411764705882354,1.2352941176470589,0.8823529411764706,0.11764705882352941,0.0,3.2941176470588234,0.47058823529411764,True
155,Kervin Arriaga,hn HON,MF,Levante,es La Liga,27.0,1998.0,27,16,1532,17.0,3,3,6,3,0,0,8,1,0.35,,,,,,,,,,,,,,,,,,,,,,,,,155,hn HON,MF,es La Liga,27.0,1998.0,17.0,3,16,6,37.5,0.94,0.35,0.19,0.5,0,0,190,hn HON,MF,es La Liga,27.0,1998.0,27,1532,57,44.8,17.0,16,80.0,10,11,22.0,4,1.19,23,29,-6,-0.35,0.03,155,hn HON,MF,es La Liga,27.0,1998.0,17.0,8,1,1,22,22,1,5,14,26,0,MF,False,False,True,False,True,False,1532,27.0,1.5294117647058822,0.8235294117647058,1.2941176470588236,1.2941176470588236,0.47058823529411764,0.058823529411764705,0.29411764705882354,0.058823529411764705,True
445,Eduardo Camavinga,fr FRA,MF,Real Madrid,es La Liga,22.0,2002.0,29,16,1528,17.0,1,0,1,1,0,0,2,0,0.06,,,,,,,,,,,,,,,,,,,,,,,,,445,fr FRA,MF,es La Liga,22.0,2002.0,17.0,1,13,2,15.4,0.77,0.12,0.08,0.5,0,0,545,fr FRA,MF,es La Liga,22.0,2002.0,29,1528,53,44.7,17.0,16,77.0,7,13,23.0,2,2.24,34,16,18,1.06,-0.08,445,fr FRA,MF,es La Liga,22.0,2002.0,17.0,2,0,0,34,31,2,2,15,37,0,MF,False,False,True,False,True,False,1528,22.0,2.176470588235294,0.8823529411764706,2.0,1.8235294117647058,0.11764705882352941,0.0,0.11764705882352941,0.11764705882352941,True
491,Josué Casimir,ht HAI,"MF,FW",Auxerre,fr Ligue 1,23.0,2001.0,31,16,1522,16.9,1,0,1,1,0,1,6,1,0.06,,,,,,,,,,,,,,,,,,,,,,,,,491,ht HAI,"MF,FW",fr Ligue 1,23.0,2001.0,16.9,1,22,12,54.5,1.3,0.71,0.05,0.08,0,1,599,ht HAI,"MF,FW",fr Ligue 1,23.0,2001.0,31,1522,49,49.7,16.9,16,76.0,4,15,21.0,1,0.97,13,25,-12,-0.71,-0.83,491,ht HAI,"MF,FW",fr Ligue 1,23.0,2001.0,16.9,6,1,1,34,32,3,54,11,17,0,"MF,FW",False,False,True,True,False,True,1522,23.0,1.0059171597633136,0.6508875739644971,2.0118343195266273,1.8934911242603552,0.3550295857988166,0.0591715976331361,3.1952662721893494,0.1775147928994083,True
2060,Fabiano Parisi,it ITA,"MF,FW",Fiorentina,it Serie A,24.0,2000.0,23,18,1520,16.9,1,1,2,1,0,0,6,0,0.12,,,,,,,,,,,,,,,,,,,,,,,,,2060,it ITA,"MF,FW",it Serie A,24.0,2000.0,16.9,1,24,7,29.2,1.42,0.41,0.04,0.14,0,0,2547,it ITA,"MF,FW",it Serie A,24.0,2000.0,23,1520,66,44.4,16.9,18,77.0,6,5,25.0,8,1.26,22,21,1,0.06,0.53,2060,it ITA,"MF,FW",it Serie A,24.0,2000.0,16.9,6,0,0,14,66,1,39,17,14,1,"MF,FW",False,False,True,True,False,True,1520,24.0,0.8284023668639054,1.0059171597633136,0.8284023668639054,3.9053254437869827,0.3550295857988166,0.0,2.307692307692308,0.0591715976331361,True
1321,Lee Kang-in,kr KOR,"MF,FW",Paris Saint-Germain,fr Ligue 1,24.0,2001.0,27,18,1519,16.9,3,4,7,3,0,0,3,0,0.41,,,,,,,,,,,,,,,,,,,,,,,,,1321,kr KOR,"MF,FW",fr Ligue 1,24.0,2001.0,16.9,3,37,15,40.5,2.19,0.89,0.08,0.2,0,0,1622,kr KOR,"MF,FW",fr Ligue 1,24.0,2001.0,27,1519,56,49.6,16.9,18,71.0,6,9,27.0,2,2.11,37,16,21,1.24,-0.16,1321,kr KOR,"MF,FW",fr Ligue 1,24.0,2001.0,16.9,3,0,0,18,19,3,113,1,9,0,"MF,FW",False,False,True,True,False,True,1519,24.0,0.5325443786982249,0.0591715976331361,1.0650887573964498,1.124260355029586,0.1775147928994083,0.0,6.6863905325443795,0.1775147928994083,True
446,Nicolò Cambiaghi,it ITA,"MF,FW",Bologna,it Serie A,24.0,2000.0,28,17,1518,16.9,3,4,7,3,0,0,3,1,0.42,,,,,,,,,,,,,,,,,,,,,,,,,446,it ITA,"MF,FW",it Serie A,24.0,2000.0,16.9,3,24,6,25.0,1.42,0.36,0.13,0.5,0,0,546,it ITA,"MF,FW",it Serie A,24.0,2000.0,28,1518,54,44.4,16.9,17,74.0,5,11,24.0,3,1.36,20,19,1,0.06,-0.04,446,it ITA,"MF,FW",it Serie A,24.0,2000.0,16.9,3,1,0,32,71,5,63,9,20,0,"MF,FW",False,False,True,True,False,True,1518,24.0,1.183431952662722,0.5325443786982249,1.8934911242603552,4.201183431952663,0.1775147928994083,0.0591715976331361,3.7278106508875744,0.2958579881656805,True
616,Josh Cullen,ie IRL,MF,Burnley,eng Premier League,29.0,1996.0,18,18,1514,16.8,2,2,4,2,0,0,2,0,0.24,,,,,,,,,,,,,,,,,,,,,,,,,616,ie IRL,MF,eng Premier League,29.0,1996.0,16.8,2,11,6,54.5,0.65,0.36,0.18,0.33,0,0,762,ie IRL,MF,eng Premier League,29.0,1996.0,18,1514,84,44.3,16.8,18,84.0,12,0,,0,0.67,18,29,-11,-0.65,0.57,616,ie IRL,MF,eng Premier League,29.0,1996.0,16.8,2,0,0,16,18,0,12,24,19,1,MF,False,False,True,False,True,False,1514,29.0,1.130952380952381,1.4285714285714286,0.9523809523809523,1.0714285714285714,0.11904761904761904,0.0,0.7142857142857143,0.0,True
2055,Lucas Paquetá,br BRA,"MF,FW",West Ham United,eng Premier League,27.0,1997.0,18,18,1511,16.8,4,1,5,2,2,2,7,1,0.18,,,,,,,,,,,,,,,,,,,,,,,,,2055,br BRA,"MF,FW",eng Premier League,27.0,1997.0,16.8,4,23,11,47.8,1.37,0.66,0.09,0.18,2,2,2541,br BRA,"MF,FW",eng Premier League,27.0,1997.0,18,1511,84,44.2,16.8,18,84.0,8,0,,0,0.67,18,32,-14,-0.83,-0.6,2055,br BRA,"MF,FW",eng Premier League,27.0,1997.0,16.8,7,1,1,27,30,5,36,7,22,0,"MF,FW",False,False,True,True,False,True,1511,27.0,1.3095238095238095,0.41666666666666663,1.607142857142857,1.7857142857142856,0.41666666666666663,0.05952380952380952,2.142857142857143,0.2976190476190476,True
2243,Rodri,es ESP,MF,Manchester City,eng Premier League,29.0,1996.0,21,17,1511,16.8,1,0,1,1,0,0,3,0,0.06,,,,,,,,,,,,,,,,,,,,,,,,,2243,es ESP,MF,eng Premier League,29.0,1996.0,16.8,1,16,3,18.8,0.95,0.18,0.06,0.33,0,0,2787,es ESP,MF,eng Premier League,29.0,1996.0,21,1511,72,44.2,16.8,17,84.0,12,4,22.0,1,1.81,28,15,13,0.77,-0.59,2243,es ESP,MF,eng Premier League,29.0,1996.0,16.8,3,0,0,14,31,0,5,12,25,0,MF,False,False,True,False,True,False,1511,29.0,1.4880952380952381,0.7142857142857143,0.8333333333333333,1.8452380952380951,0.17857142857142858,0.0,0.2976190476190476,0.0,True
2653,Filip Ugrinic,ch SUI,MF,Valencia,es La Liga,26.0,1999.0,27,17,1504,16.7,0,3,3,0,0,0,3,0,0.18,,,,,,,,,,,,,,,,,,,,,,,,,2653,ch SUI,MF,es La Liga,26.0,1999.0,16.7,0,20,3,15.0,1.2,0.18,0.0,0.0,0,0,3314,ch SUI,MF,es La Liga,26.0,1999.0,27,1504,56,44.0,16.7,17,74.0,3,10,24.0,4,1.3,18,24,-6,-0.36,-0.22,2653,ch SUI,MF,es La Liga,26.0,1999.0,16.7,3,0,0,17,13,6,56,11,16,0,MF,False,False,True,False,True,False,1504,26.0,0.9580838323353293,0.6586826347305389,1.0179640718562875,0.7784431137724551,0.17964071856287425,0.0,3.353293413173653,0.3592814371257485,True
1424,Takefusa Kubo,jp JPN,MF,Real Sociedad,es La Liga,24.0,2001.0,24,17,1503,16.7,2,4,6,2,0,0,2,0,0.36,,,,,,,,,,,,,,,,,,,,,,,,,1424,jp JPN,MF,es La Liga,24.0,2001.0,16.7,2,28,12,42.9,1.68,0.72,0.07,0.17,0,0,1751,jp JPN,MF,es La Liga,24.0,2001.0,24,1503,63,43.9,16.7,17,76.0,4,7,31.0,3,1.0,17,22,-5,-0.3,-0.44,1424,jp JPN,MF,es La Liga,24.0,2001.0,16.7,2,0,0,9,51,11,39,10,18,0,MF,False,False,True,False,True,False,1503,24.0,1.0778443113772456,0.5988023952095809,0.5389221556886228,3.0538922155688626,0.11976047904191617,0.0,2.3353293413173652,0.6586826347305389,True
1640,Pablo Marín,es ESP,MF,Real Sociedad,es La Liga,22.0,2003.0,34,15,1502,16.7,0,1,1,0,0,0,2,0,0.06,,,,,,,,,,,,,,,,,,,,,,,,,1640,es ESP,MF,es La Liga,22.0,2003.0,16.7,0,13,4,30.8,0.78,0.24,0.0,0.0,0,0,2024,es ESP,MF,es La Liga,22.0,2003.0,34,1502,44,43.9,16.7,15,71.0,4,19,23.0,4,1.26,28,35,-7,-0.42,-0.65,1640,es ESP,MF,es La Liga,22.0,2003.0,16.7,2,0,0,22,23,5,17,9,18,0,MF,False,False,True,False,True,False,1502,22.0,1.0778443113772456,0.5389221556886228,1.3173652694610778,1.377245508982036,0.11976047904191617,0.0,1.0179640718562875,0.29940119760479045,True
2628,Omar Traoré,de GER,"DF,MF",Heidenheim,de Bundesliga,27.0,1998.0,26,16,1501,16.7,0,2,2,0,0,0,2,0,0.12,,,,,,,,,,,,,,,,,,,,,,,,,2628,de GER,"DF,MF",de Bundesliga,27.0,1998.0,16.7,0,10,2,20.0,0.6,0.12,0.0,0.0,0,0,3283,de GER,"DF,MF",de Bundesliga,27.0,1998.0,26,1501,58,49.1,16.7,16,78.0,8,10,26.0,7,0.65,21,41,-20,-1.2,-0.56,2628,de GER,"DF,MF",de Bundesliga,27.0,1998.0,16.7,2,0,0,22,19,2,37,17,11,0,"DF,MF",False,True,True,False,False,True,1501,27.0,0.6586826347305389,1.0179640718562875,1.3173652694610778,1.1377245508982037,0.11976047904191617,0.0,2.215568862275449,0.11976047904191617,True
2197,Abde Rebbach,dz ALG,"MF,DF",Alavés,es La Liga,26.0,1998.0,30,15,1496,16.6,1,4,5,1,0,0,8,0,0.3,,,,,,,,,,,,,,,,,,,,,,,,,2197,dz ALG,"MF,DF",es La Liga,26.0,1998.0,16.6,1,34,12,35.3,2.05,0.72,0.03,0.08,0,0,2732,dz ALG,"MF,DF",es La Liga,26.0,1998.0,30,1496,50,43.7,16.6,15,76.0,7,15,24.0,7,1.13,21,21,0,0.0,0.56,2197,dz ALG,"MF,DF",es La Liga,26.0,1998.0,16.6,8,0,0,40,30,5,109,16,21,0,"MF,DF",False,True,True,False,False,True,1496,26.0,1.2650602409638554,0.9638554216867469,2.4096385542168672,1.8072289156626504,0.48192771084337344,0.0,6.566265060240963,0.3012048192771084,False
1755,Lewis Miley,eng ENG,"MF,DF",Newcastle United,eng Premier League,19.0,2006.0,23,15,1496,16.6,1,4,5,1,0,0,0,0,0.3,,,,,,,,,,,,,,,,,,,,,,,,,1755,eng ENG,"MF,DF",eng Premier League,19.0,2006.0,16.6,1,12,4,33.3,0.72,0.24,0.08,0.25,0,0,2173,eng ENG,"MF,DF",eng Premier League,19.0,2006.0,23,1496,65,43.7,16.6,15,88.0,13,8,22.0,5,1.3,25,22,3,0.18,0.41,1755,eng ENG,"MF,DF",eng Premier League,19.0,2006.0,16.6,0,0,0,5,4,2,42,20,18,0,"MF,DF",False,True,True,False,False,True,1496,19.0,1.0843373493975903,1.2048192771084336,0.3012048192771084,0.24096385542168672,0.0,0.0,2.5301204819277108,0.12048192771084336,False
2237,Antonee Robinson,us USA,"DF,MF",Fulham,eng Premier League,27.0,1997.0,22,17,1492,16.6,1,0,1,0,1,1,5,0,0.0,,,,,,,,,,,,,,,,,,,,,,,,,2237,us USA,"DF,MF",eng Premier League,27.0,1997.0,16.6,1,6,1,16.7,0.36,0.06,0.0,0.0,1,1,2781,us USA,"DF,MF",eng Premier League,27.0,1997.0,22,1492,68,43.6,16.6,17,83.0,12,5,17.0,5,1.36,13,19,-6,-0.36,-0.46,2237,us USA,"DF,MF",eng Premier League,27.0,1997.0,16.6,5,0,0,15,9,2,77,28,31,0,"DF,MF",False,True,True,False,False,True,1492,27.0,1.8674698795180722,1.686746987951807,0.9036144578313252,0.5421686746987951,0.3012048192771084,0.0,4.63855421686747,0.12048192771084336,False
1101,Miguel Gutiérrez,es ESP,"MF,DF",Napoli,it Serie A,24.0,2001.0,28,15,1488,16.5,1,1,2,1,0,0,0,0,0.12,,,,,,,,,,,,,,,,,,,,,,,,,1101,es ESP,"MF,DF",it Serie A,24.0,2001.0,16.5,1,15,5,33.3,0.91,0.3,0.07,0.2,0,0,1363,es ESP,"MF,DF",it Serie A,24.0,2001.0,28,1488,53,43.5,16.5,15,82.0,9,13,20.0,6,1.89,24,18,6,0.36,-0.38,1101,es ESP,"MF,DF",it Serie A,24.0,2001.0,16.5,0,0,0,19,28,1,48,7,22,0,"MF,DF",False,True,True,False,False,True,1488,24.0,1.3333333333333333,0.42424242424242425,1.1515151515151516,1.696969696969697,0.0,0.0,2.909090909090909,0.06060606060606061,False
1220,Tim Iroegbunam,eng ENG,MF,Everton,eng Premier League,22.0,2003.0,29,17,1487,16.5,0,2,2,0,0,0,9,0,0.12,,,,,,,,,,,,,,,,,,,,,,,,,1220,eng ENG,MF,eng Premier League,22.0,2003.0,16.5,0,12,1,8.3,0.73,0.06,0.0,0.0,0,0,1502,eng ENG,MF,eng Premier League,22.0,2003.0,29,1487,51,43.5,16.5,17,79.0,6,12,12.0,6,1.31,19,18,1,0.06,0.25,1220,eng ENG,MF,eng Premier League,22.0,2003.0,16.5,9,0,0,29,20,0,3,22,44,0,MF,False,False,True,False,True,False,1487,22.0,2.6666666666666665,1.3333333333333333,1.7575757575757576,1.2121212121212122,0.5454545454545454,0.0,0.18181818181818182,0.0,False
462,Maxence Caqueret,fr FRA,MF,Como,it Serie A,25.0,2000.0,30,17,1485,16.5,2,6,8,2,0,0,3,0,0.48,,,,,,,,,,,,,,,,,,,,,,,,,462,fr FRA,MF,it Serie A,25.0,2000.0,16.5,2,18,4,22.2,1.09,0.24,0.11,0.5,0,0,563,fr FRA,MF,it Serie A,25.0,2000.0,30,1485,50,43.4,16.5,17,67.0,1,13,27.0,8,1.9,31,10,21,1.27,0.58,462,fr FRA,MF,it Serie A,25.0,2000.0,16.5,3,0,0,26,23,2,36,14,23,0,MF,False,False,True,False,True,False,1485,25.0,1.393939393939394,0.8484848484848485,1.5757575757575757,1.393939393939394,0.18181818181818182,0.0,2.1818181818181817,0.12121212121212122,False
2265,Isaac Romero,es ESP,"FW,MF",Sevilla,es La Liga,25.0,2000.0,29,18,1484,16.5,4,0,4,4,0,1,6,1,0.24,,,,,,,,,,,,,,,,,,,,,,,,,2265,es ESP,"FW,MF",es La Liga,25.0,2000.0,16.5,4,41,14,34.1,2.49,0.85,0.1,0.29,0,1,2814,es ESP,"FW,MF",es La Liga,25.0,2000.0,29,1484,51,43.4,16.5,18,69.0,1,11,22.0,4,1.0,16,21,-5,-0.3,0.12,2265,es ESP,"FW,MF",es La Liga,25.0,2000.0,16.5,6,1,0,29,24,5,10,5,10,0,"FW,MF",False,False,True,True,False,True,1484,25.0,0.6060606060606061,0.30303030303030304,1.7575757575757576,1.4545454545454546,0.36363636363636365,0.06060606060606061,0.6060606060606061,0.30303030303030304,False
2135,Ernest Poku,nl NED,MF,Leverkusen,de Bundesliga,21.0,2004.0,29,16,1482,16.5,5,5,10,5,0,0,0,0,0.61,,,,,,,,,,,,,,,,,,,,,,,,,2135,nl NED,MF,de Bundesliga,21.0,2004.0,16.5,5,27,9,33.3,1.64,0.55,0.19,0.56,0,0,2649,nl NED,MF,de Bundesliga,21.0,2004.0,29,1482,51,48.4,16.5,16,73.0,2,13,25.0,4,1.69,33,19,14,0.85,0.45,2135,nl NED,MF,de Bundesliga,21.0,2004.0,16.5,0,0,0,4,17,3,13,8,9,0,MF,False,False,True,False,True,False,1482,21.0,0.5454545454545454,0.48484848484848486,0.24242424242424243,1.0303030303030303,0.0,0.0,0.7878787878787878,0.18181818181818182,False
1050,Archie Gray,eng ENG,"MF,DF",Tottenham Hotspur,eng Premier League,19.0,2006.0,24,18,1478,16.4,2,2,4,2,0,0,5,0,0.24,,,,,,,,,,,,,,,,,,,,,,,,,1050,eng ENG,"MF,DF",eng Premier League,19.0,2006.0,16.4,2,11,5,45.5,0.67,0.3,0.18,0.4,0,0,1303,eng ENG,"MF,DF",eng Premier League,19.0,2006.0,24,1478,62,43.2,16.4,18,78.0,9,6,11.0,11,0.83,18,28,-10,-0.61,-0.66,1050,eng ENG,"MF,DF",eng Premier League,19.0,2006.0,16.4,5,0,0,12,2,0,12,17,8,0,"MF,DF",False,True,True,False,False,True,1478,19.0,0.48780487804878053,1.0365853658536586,0.7317073170731708,0.12195121951219513,0.30487804878048785,0.0,0.7317073170731708,0.0,False
2238,Joel Roca,es ESP,"MF,FW",Girona,es La Liga,20.0,2005.0,32,16,1473,16.4,3,1,4,3,0,0,4,1,0.24,,,,,,,,,,,,,,,,,,,,,,,,,2238,es ESP,"MF,FW",es La Liga,20.0,2005.0,16.4,3,48,16,33.3,2.93,0.98,0.06,0.19,0,0,2782,es ESP,"MF,FW",es La Liga,20.0,2005.0,32,1473,46,43.1,16.4,16,70.0,5,16,22.0,2,1.06,17,26,-9,-0.55,-0.23,2238,es ESP,"MF,FW",es La Liga,20.0,2005.0,16.4,4,1,0,13,45,4,33,2,11,0,"MF,FW",False,False,True,True,False,True,1473,20.0,0.6707317073170732,0.12195121951219513,0.7926829268292683,2.7439024390243905,0.24390243902439027,0.06097560975609757,2.0121951219512195,0.24390243902439027,False
1386,Mert Kömür,de GER,"MF,FW",Augsburg,de Bundesliga,20.0,2005.0,28,17,1464,16.3,2,4,6,2,0,0,1,0,0.37,,,,,,,,,,,,,,,,,,,,,,,,,1386,de GER,"MF,FW",de Bundesliga,20.0,2005.0,16.3,2,41,16,39.0,2.52,0.98,0.05,0.13,0,0,1704,de GER,"MF,FW",de Bundesliga,20.0,2005.0,28,1464,52,47.8,16.3,17,74.0,6,11,19.0,5,1.25,21,28,-7,-0.43,0.08,1386,de GER,"MF,FW",de Bundesliga,20.0,2005.0,16.3,1,0,0,26,18,2,60,8,13,0,"MF,FW",False,False,True,True,False,True,1464,20.0,0.7975460122699386,0.49079754601226994,1.5950920245398772,1.1042944785276072,0.06134969325153374,0.0,3.680981595092024,0.12269938650306748,False
2082,Lorenzo Pellegrini,it ITA,MF,Roma,it Serie A,29.0,1996.0,24,20,1463,16.3,4,2,6,2,2,2,2,0,0.25,,,,,,,,,,,,,,,,,,,,,,,,,2082,it ITA,MF,it Serie A,29.0,1996.0,16.3,4,32,12,37.5,1.97,0.74,0.06,0.17,2,2,2577,it ITA,MF,it Serie A,29.0,1996.0,24,1463,61,42.8,16.3,20,67.0,2,4,30.0,3,1.63,22,14,8,0.49,-0.43,2082,it ITA,MF,it Serie A,29.0,1996.0,16.3,2,0,0,20,39,5,89,15,5,0,MF,False,False,True,False,True,False,1463,29.0,0.3067484662576687,0.920245398773006,1.2269938650306749,2.392638036809816,0.12269938650306748,0.0,5.460122699386503,0.3067484662576687,False
2067,Aleksandar Pavlovic,de GER,MF,Bayern Munich,de Bundesliga,21.0,2004.0,24,16,1462,16.2,3,1,4,3,0,0,2,0,0.25,,,,,,,,,,,,,,,,,,,,,,,,,2067,de GER,MF,de Bundesliga,21.0,2004.0,16.2,3,10,5,50.0,0.62,0.31,0.3,0.6,0,0,2558,de GER,MF,de Bundesliga,21.0,2004.0,24,1462,61,47.8,16.2,16,79.0,8,8,26.0,8,2.46,56,26,30,1.85,-1.31,2067,de GER,MF,de Bundesliga,21.0,2004.0,16.2,2,0,0,19,10,0,15,13,15,0,MF,False,False,True,False,True,False,1462,21.0,0.9259259259259259,0.8024691358024691,1.1728395061728396,0.617283950617284,0.1234567901234568,0.0,0.9259259259259259,0.0,False
2070,Martín Payero,ar ARG,MF,Cremonese,it Serie A,26.0,1998.0,25,16,1457,16.2,1,0,1,1,0,0,8,0,0.06,,,,,,,,,,,,,,,,,,,,,,,,,2070,ar ARG,MF,it Serie A,26.0,1998.0,16.2,1,23,8,34.8,1.42,0.49,0.04,0.13,0,0,2561,ar ARG,MF,it Serie A,26.0,1998.0,25,1457,58,42.6,16.2,16,75.0,5,9,29.0,4,0.96,17,17,0,0.0,1.15,2070,ar ARG,MF,it Serie A,26.0,1998.0,16.2,8,0,0,37,34,2,34,10,9,0,MF,False,False,True,False,True,False,1457,26.0,0.5555555555555556,0.617283950617284,2.2839506172839505,2.0987654320987654,0.4938271604938272,0.0,2.0987654320987654,0.1234567901234568,False
2818,Aaron Zehnter,de GER,"DF,MF",Wolfsburg,de Bundesliga,20.0,2004.0,20,17,1456,16.2,2,0,2,2,0,0,0,0,0.12,,,,,,,,,,,,,,,,,,,,,,,,,2818,de GER,"DF,MF",de Bundesliga,20.0,2004.0,16.2,2,11,5,45.5,0.68,0.31,0.18,0.4,0,0,3510,de GER,"DF,MF",de Bundesliga,20.0,2004.0,20,1456,73,47.6,16.2,17,85.0,10,3,3.0,8,1.1,23,29,-6,-0.37,0.64,2818,de GER,"DF,MF",de Bundesliga,20.0,2004.0,16.2,0,0,0,2,0,0,36,16,10,0,"DF,MF",False,True,True,False,False,True,1456,20.0,0.617283950617284,0.9876543209876544,0.1234567901234568,0.0,0.0,0.0,2.2222222222222223,0.0,False
2180,Jacob Ramsey,eng ENG,MF,Newcastle United,eng Premier League,24.0,2001.0,28,15,1450,16.1,2,3,5,2,0,0,5,1,0.31,,,,,,,,,,,,,,,,,,,,,,,,,2180,eng ENG,MF,eng Premier League,24.0,2001.0,16.1,2,16,4,25.0,0.99,0.25,0.13,0.5,0,0,2714,eng ENG,MF,eng Premier League,24.0,2001.0,28,1450,52,42.4,16.1,15,76.0,7,13,24.0,5,1.18,24,29,-5,-0.31,-0.45,2180,eng ENG,MF,eng Premier League,24.0,2001.0,16.1,5,1,1,16,14,2,8,9,21,0,MF,False,False,True,False,True,False,1450,24.0,1.3043478260869563,0.5590062111801242,0.9937888198757763,0.8695652173913043,0.3105590062111801,0.06211180124223602,0.49689440993788814,0.12422360248447203,False
755,Patrick Dorgu,dk DEN,MF,Manchester Utd,eng Premier League,20.0,2004.0,26,15,1449,16.1,4,4,8,4,0,0,5,0,0.5,,,,,,,,,,,,,,,,,,,,,,,,,755,dk DEN,MF,eng Premier League,20.0,2004.0,16.1,4,25,11,44.0,1.55,0.68,0.16,0.36,0,0,925,dk DEN,MF,eng Premier League,20.0,2004.0,26,1449,56,42.4,16.1,15,84.0,10,11,17.0,2,1.73,22,20,2,0.12,-0.65,755,dk DEN,MF,eng Premier League,20.0,2004.0,16.1,5,0,0,23,47,7,57,16,30,0,MF,False,False,True,False,True,False,1449,20.0,1.8633540372670805,0.9937888198757763,1.4285714285714284,2.919254658385093,0.3105590062111801,0.0,3.540372670807453,0.43478260869565216,False
1028,Nicolás González,ar ARG,"MF,DF",Atlético Madrid,es La Liga,27.0,1998.0,24,18,1448,16.1,5,0,5,5,0,0,4,1,0.31,,,,,,,,,,,,,,,,,,,,,,,,,1028,ar ARG,"MF,DF",es La Liga,27.0,1998.0,16.1,5,43,21,48.8,2.67,1.31,0.12,0.24,0,0,1275,ar ARG,"MF,DF",es La Liga,27.0,1998.0,24,1448,60,42.3,16.1,18,70.0,5,6,31.0,0,2.0,28,15,13,0.81,0.58,1028,ar ARG,"MF,DF",es La Liga,27.0,1998.0,16.1,4,1,0,28,25,2,27,11,16,0,"MF,DF",False,True,True,False,False,True,1448,27.0,0.9937888198757763,0.6832298136645962,1.7391304347826086,1.5527950310559004,0.24844720496894407,0.06211180124223602,1.6770186335403725,0.12422360248447203,False
1134,Hwang Hee-chan,kr KOR,"FW,MF",Wolves,eng Premier League,29.0,1996.0,26,18,1446,16.1,2,2,4,1,1,1,5,0,0.19,,,,,,,,,,,,,,,,,,,,,,,,,1134,kr KOR,"FW,MF",eng Premier League,29.0,1996.0,16.1,2,19,6,31.6,1.18,0.37,0.05,0.17,1,1,1401,kr KOR,"FW,MF",eng Premier League,29.0,1996.0,26,1446,56,42.3,16.1,18,73.0,1,8,17.0,7,0.38,10,29,-19,-1.18,-0.18,1134,kr KOR,"FW,MF",eng Premier League,29.0,1996.0,16.1,5,0,0,28,18,9,19,12,4,0,"FW,MF",False,False,True,True,False,True,1446,29.0,0.24844720496894407,0.7453416149068323,1.7391304347826086,1.1180124223602483,0.3105590062111801,0.0,1.1801242236024843,0.5590062111801242,False
66,Ebenezer Akinsanmiro,ng NGA,MF,Pisa,it Serie A,20.0,2004.0,24,16,1444,16.0,0,1,1,0,0,0,2,0,0.06,,,,,,,,,,,,,,,,,,,,,,,,,66,ng NGA,MF,it Serie A,20.0,2004.0,16.0,0,13,3,23.1,0.81,0.19,0.0,0.0,0,0,81,ng NGA,MF,it Serie A,20.0,2004.0,24,1444,60,42.2,16.0,16,75.0,7,8,31.0,6,0.5,10,29,-19,-1.18,0.0,66,ng NGA,MF,it Serie A,20.0,2004.0,16.0,2,0,0,30,28,1,9,27,25,0,MF,False,False,True,False,True,False,1444,20.0,1.5625,1.6875,1.875,1.75,0.125,0.0,0.5625,0.0625,False
1241,Vitaly Janelt,de GER,MF,Brentford,eng Premier League,27.0,1998.0,25,15,1444,16.0,1,4,5,1,0,0,8,0,0.31,,,,,,,,,,,,,,,,,,,,,,,,,1241,de GER,MF,eng Premier League,27.0,1998.0,16.0,1,12,3,25.0,0.75,0.19,0.08,0.33,0,0,1528,de GER,MF,eng Premier League,27.0,1998.0,25,1444,58,42.2,16.0,15,82.0,11,10,21.0,3,1.4,26,21,5,0.31,0.4,1241,de GER,MF,eng Premier League,27.0,1998.0,16.0,8,0,0,20,13,0,61,27,17,0,MF,False,False,True,False,True,False,1444,27.0,1.0625,1.6875,1.25,0.8125,0.5,0.0,3.8125,0.0,False
1491,Louis Leroux,fr FRA,"MF,DF",Nantes,fr Ligue 1,19.0,2006.0,23,16,1441,16.0,1,1,2,1,0,0,2,0,0.12,,,,,,,,,,,,,,,,,,,,,,,,,1491,fr FRA,"MF,DF",fr Ligue 1,19.0,2006.0,16.0,1,15,3,20.0,0.94,0.19,0.07,0.33,0,0,1842,fr FRA,"MF,DF",fr Ligue 1,19.0,2006.0,23,1441,63,47.1,16.0,16,79.0,7,7,24.0,3,0.87,13,24,-11,-0.69,-0.02,1491,fr FRA,"MF,DF",fr Ligue 1,19.0,2006.0,16.0,2,0,0,12,14,1,30,5,23,0,"MF,DF",False,True,True,False,False,True,1441,19.0,1.4375,0.3125,0.75,0.875,0.125,0.0,1.875,0.0625,False
2133,Tommaso Pobega,it ITA,MF,Bologna,it Serie A,26.0,1999.0,26,17,1434,15.9,3,1,4,3,0,0,2,1,0.25,,,,,,,,,,,,,,,,,,,,,,,,,2133,it ITA,MF,it Serie A,26.0,1999.0,15.9,3,25,10,40.0,1.57,0.63,0.12,0.3,0,0,2647,it ITA,MF,it Serie A,26.0,1999.0,26,1434,55,41.9,15.9,17,75.0,7,9,18.0,8,1.69,23,21,2,0.13,0.08,2133,it ITA,MF,it Serie A,26.0,1999.0,15.9,2,1,0,34,12,0,2,19,19,0,MF,False,False,True,False,True,False,1434,26.0,1.1949685534591195,1.1949685534591195,2.138364779874214,0.7547169811320754,0.12578616352201258,0.06289308176100629,0.12578616352201258,0.0,False
659,Alessandro Deiola,it ITA,"MF,DF",Cagliari,it Serie A,29.0,1995.0,20,17,1430,15.9,0,2,2,0,0,0,3,0,0.13,,,,,,,,,,,,,,,,,,,,,,,,,659,it ITA,"MF,DF",it Serie A,29.0,1995.0,15.9,0,22,7,31.8,1.38,0.44,0.0,0.0,0,0,814,it ITA,"MF,DF",it Serie A,29.0,1995.0,20,1430,72,41.8,15.9,17,79.0,9,3,30.0,5,1.45,23,21,2,0.13,0.8,659,it ITA,"MF,DF",it Serie A,29.0,1995.0,15.9,3,0,0,22,11,7,2,13,20,0,"MF,DF",False,True,True,False,False,True,1430,29.0,1.2578616352201257,0.8176100628930817,1.3836477987421383,0.6918238993710691,0.18867924528301885,0.0,0.12578616352201258,0.44025157232704404,False
1072,Mattéo Guendouzi,fr FRA,MF,Lazio,it Serie A,26.0,1999.0,16,16,1428,15.9,2,1,3,2,0,0,5,1,0.19,,,,,,,,,,,,,,,,,,,,,,,,,1072,fr FRA,MF,it Serie A,26.0,1999.0,15.9,2,16,8,50.0,1.01,0.5,0.13,0.25,0,0,1328,fr FRA,MF,it Serie A,26.0,1999.0,16,1428,89,41.8,15.9,16,89.0,14,0,,0,1.25,13,12,1,0.06,0.06,1072,fr FRA,MF,it Serie A,26.0,1999.0,15.9,5,1,0,17,21,0,20,11,8,0,MF,False,False,True,False,True,False,1428,26.0,0.5031446540880503,0.6918238993710691,1.069182389937107,1.320754716981132,0.31446540880503143,0.06289308176100629,1.2578616352201257,0.0,False
777,Pablo Durán,es ESP,"FW,MF",Celta Vigo,es La Liga,24.0,2001.0,30,17,1425,15.8,2,2,4,2,0,0,1,0,0.25,,,,,,,,,,,,,,,,,,,,,,,,,777,es ESP,"FW,MF",es La Liga,24.0,2001.0,15.8,2,37,15,40.5,2.34,0.95,0.05,0.13,0,0,953,es ESP,"FW,MF",es La Liga,24.0,2001.0,30,1425,48,41.7,15.8,17,66.0,2,13,23.0,4,1.37,16,23,-7,-0.44,-0.98,777,es ESP,"FW,MF",es La Liga,24.0,2001.0,15.8,1,0,0,15,12,19,15,7,11,0,"FW,MF",False,False,True,True,False,True,1425,24.0,0.6962025316455696,0.4430379746835443,0.9493670886075949,0.7594936708860759,0.06329113924050632,0.0,0.9493670886075949,1.2025316455696202,False
2384,András Schäfer,hu HUN,MF,Union Berlin,de Bundesliga,26.0,1999.0,28,16,1421,15.8,2,1,3,2,0,0,2,1,0.19,,,,,,,,,,,,,,,,,,,,,,,,,2384,hu HUN,MF,de Bundesliga,26.0,1999.0,15.8,2,27,10,37.0,1.71,0.63,0.07,0.2,0,0,2967,hu HUN,MF,de Bundesliga,26.0,1999.0,28,1421,51,46.4,15.8,16,74.0,6,12,20.0,1,1.07,21,22,-1,-0.06,0.65,2384,hu HUN,MF,de Bundesliga,26.0,1999.0,15.8,2,1,0,32,22,0,18,20,22,0,MF,False,False,True,False,True,False,1421,26.0,1.3924050632911391,1.2658227848101264,2.0253164556962022,1.3924050632911391,0.12658227848101264,0.06329113924050632,1.1392405063291138,0.0,False
1304,Arnaud Kalimuendo,fr FRA,"FW,MF",Eintracht Frankfurt,de Bundesliga,23.0,2002.0,19,17,1417,15.7,6,1,7,6,0,0,4,0,0.44,,,,,,,,,,,,,,,,,,,,,,,,,1304,fr FRA,"FW,MF",de Bundesliga,23.0,2002.0,15.7,6,30,16,53.3,1.91,1.02,0.2,0.38,0,0,1602,fr FRA,"FW,MF",de Bundesliga,23.0,2002.0,19,1417,75,46.3,15.7,17,80.0,10,2,30.0,0,1.0,24,31,-7,-0.44,-0.61,1304,fr FRA,"FW,MF",de Bundesliga,23.0,2002.0,15.7,4,0,0,9,18,6,15,3,4,0,"FW,MF",False,False,True,True,False,True,1417,23.0,0.25477707006369427,0.1910828025477707,0.5732484076433121,1.1464968152866242,0.25477707006369427,0.0,0.9554140127388535,0.3821656050955414,False
651,Maxim De Cuyper,be BEL,"DF,MF",Brighton,eng Premier League,24.0,2000.0,30,17,1415,15.7,2,3,5,2,0,0,2,0,0.32,,,,,,,,,,,,,,,,,,,,,,,,,651,be BEL,"DF,MF",eng Premier League,24.0,2000.0,15.7,2,13,6,46.2,0.83,0.38,0.15,0.33,0,0,803,be BEL,"DF,MF",eng Premier League,24.0,2000.0,30,1415,47,41.4,15.7,17,70.0,5,13,18.0,6,1.4,21,23,-2,-0.13,-0.49,651,be BEL,"DF,MF",eng Premier League,24.0,2000.0,15.7,2,0,0,18,21,1,77,11,10,0,"DF,MF",False,True,True,False,False,True,1415,24.0,0.6369426751592357,0.7006369426751593,1.1464968152866242,1.337579617834395,0.12738853503184713,0.0,4.904458598726115,0.06369426751592357,False
1672,Patrizio Masini,it ITA,MF,Genoa,it Serie A,24.0,2001.0,28,13,1413,15.7,0,1,1,0,0,0,5,0,0.06,,,,,,,,,,,,,,,,,,,,,,,,,1672,it ITA,MF,it Serie A,24.0,2001.0,15.7,0,18,5,27.8,1.15,0.32,0.0,0.0,0,0,2064,it ITA,MF,it Serie A,24.0,2001.0,28,1413,50,41.3,15.7,13,88.0,11,15,18.0,9,1.07,15,22,-7,-0.45,-0.31,1672,it ITA,MF,it Serie A,24.0,2001.0,15.7,5,0,0,39,45,0,14,26,39,0,MF,False,False,True,False,True,False,1413,24.0,2.484076433121019,1.6560509554140128,2.484076433121019,2.8662420382165608,0.3184713375796179,0.0,0.89171974522293,0.0,False
1312,Boubacar Kamara,fr FRA,MF,Aston Villa,eng Premier League,25.0,1999.0,18,17,1411,15.7,1,3,4,1,0,0,5,0,0.26,,,,,,,,,,,,,,,,,,,,,,,,,1312,fr FRA,MF,eng Premier League,25.0,1999.0,15.7,1,7,4,57.1,0.45,0.26,0.14,0.25,0,0,1611,fr FRA,MF,eng Premier League,25.0,1999.0,18,1411,78,41.3,15.7,17,82.0,9,1,19.0,0,2.33,26,15,11,0.7,0.88,1312,fr FRA,MF,eng Premier League,25.0,1999.0,15.7,5,0,0,16,30,0,2,15,16,0,MF,False,False,True,False,True,False,1411,25.0,1.019108280254777,0.9554140127388535,1.019108280254777,1.910828025477707,0.3184713375796179,0.0,0.12738853503184713,0.0,False
1547,Lucas,br BRA,"MF,DF",Burnley,eng Premier League,24.0,2001.0,20,15,1409,15.7,0,0,0,0,0,0,1,1,0.0,,,,,,,,,,,,,,,,,,,,,,,,,1547,br BRA,"MF,DF",eng Premier League,24.0,2001.0,15.7,0,16,4,25.0,1.02,0.26,0.0,0.0,0,0,1914,br BRA,"MF,DF",eng Premier League,24.0,2001.0,20,1409,70,41.2,15.7,15,87.0,14,5,21.0,13,0.45,16,29,-13,-0.83,0.24,1547,br BRA,"MF,DF",eng Premier League,24.0,2001.0,15.7,1,1,0,15,4,5,56,19,22,0,"MF,DF",False,True,True,False,False,True,1409,24.0,1.4012738853503186,1.2101910828025477,0.9554140127388535,0.25477707006369427,0.06369426751592357,0.06369426751592357,3.56687898089172,0.3184713375796179,False
1662,Joaquín Martínez Gauna,es ESP,"MF,DF",Sevilla,es La Liga,22.0,2003.0,21,14,1408,15.6,2,3,5,2,0,0,1,0,0.32,,,,,,,,,,,,,,,,,,,,,,,,,1662,es ESP,"MF,DF",es La Liga,22.0,2003.0,15.6,2,17,8,47.1,1.09,0.51,0.12,0.25,0,0,2053,es ESP,"MF,DF",es La Liga,22.0,2003.0,21,1408,67,41.2,15.6,14,86.0,9,7,29.0,11,1.05,22,24,-2,-0.13,0.41,1662,es ESP,"MF,DF",es La Liga,22.0,2003.0,15.6,1,0,0,12,16,4,88,8,20,0,"MF,DF",False,True,True,False,False,True,1408,22.0,1.2820512820512822,0.5128205128205129,0.7692307692307693,1.0256410256410258,0.06410256410256411,0.0,5.641025641025641,0.25641025641025644,False
698,Habib Diarra,sn SEN,MF,Sunderland,eng Premier League,21.0,2004.0,20,15,1405,15.6,2,2,4,1,1,1,6,0,0.19,,,,,,,,,,,,,,,,,,,,,,,,,698,sn SEN,MF,eng Premier League,21.0,2004.0,15.6,2,26,8,30.8,1.67,0.51,0.04,0.13,1,1,860,sn SEN,MF,eng Premier League,21.0,2004.0,20,1405,70,41.1,15.6,15,85.0,8,5,27.0,1,1.4,17,19,-2,-0.13,0.05,698,sn SEN,MF,eng Premier League,21.0,2004.0,15.6,6,0,0,19,27,3,32,4,7,0,MF,False,False,True,False,True,False,1405,21.0,0.44871794871794873,0.25641025641025644,1.217948717948718,1.7307692307692308,0.38461538461538464,0.0,2.0512820512820515,0.19230769230769232,False
2285,Javi Rueda,es ESP,MF,Celta Vigo,es La Liga,23.0,2002.0,26,16,1404,15.6,2,6,8,2,0,0,6,0,0.51,,,,,,,,,,,,,,,,,,,,,,,,,2285,es ESP,MF,es La Liga,23.0,2002.0,15.6,2,11,3,27.3,0.71,0.19,0.18,0.67,0,0,2842,es ESP,MF,es La Liga,23.0,2002.0,26,1404,54,41.1,15.6,16,73.0,5,10,24.0,8,1.42,19,15,4,0.26,0.21,2285,es ESP,MF,es La Liga,23.0,2002.0,15.6,6,0,0,25,21,3,27,20,12,0,MF,False,False,True,False,True,False,1404,23.0,0.7692307692307693,1.2820512820512822,1.6025641025641026,1.3461538461538463,0.38461538461538464,0.0,1.7307692307692308,0.19230769230769232,False
2412,Antoine Semenyo,gh GHA,"MF,FW",Manchester City,eng Premier League,25.0,2000.0,17,17,1397,15.5,7,1,8,7,0,0,1,0,0.52,,,,,,,,,,,,,,,,,,,,,,,,,2412,gh GHA,"MF,FW",eng Premier League,25.0,2000.0,15.5,7,34,14,41.2,2.19,0.9,0.21,0.5,0,0,3000,gh GHA,"MF,FW",eng Premier League,25.0,2000.0,17,1397,82,40.8,15.5,17,82.0,9,0,,0,2.06,28,14,14,0.9,-0.34,2412,gh GHA,"MF,FW",eng Premier League,25.0,2000.0,15.5,1,0,0,17,7,7,21,6,11,0,"MF,FW",False,False,True,True,False,True,1397,25.0,0.7096774193548387,0.3870967741935484,1.096774193548387,0.45161290322580644,0.06451612903225806,0.0,1.3548387096774193,0.45161290322580644,False
1679,Pape Matar Sarr,sn SEN,MF,Tottenham Hotspur,eng Premier League,22.0,2002.0,26,13,1397,15.5,2,4,6,2,0,0,3,0,0.39,,,,,,,,,,,,,,,,,,,,,,,,,1679,sn SEN,MF,eng Premier League,22.0,2002.0,15.5,2,17,6,35.3,1.1,0.39,0.12,0.33,0,0,2071,sn SEN,MF,eng Premier League,22.0,2002.0,26,1397,54,40.8,15.5,13,89.0,11,13,19.0,3,1.12,21,23,-2,-0.13,0.18,1679,sn SEN,MF,eng Premier League,22.0,2002.0,15.5,3,0,0,29,13,3,8,14,21,0,MF,False,False,True,False,True,False,1397,22.0,1.3548387096774193,0.9032258064516129,1.8709677419354838,0.8387096774193549,0.1935483870967742,0.0,0.5161290322580645,0.1935483870967742,False
1158,Santiago Hidalgo,ar ARG,"MF,FW",Toulouse,fr Ligue 1,20.0,2005.0,29,15,1396,15.5,4,6,10,4,0,0,4,0,0.64,,,,,,,,,,,,,,,,,,,,,,,,,1158,ar ARG,"MF,FW",fr Ligue 1,20.0,2005.0,15.5,4,34,14,41.2,2.19,0.9,0.12,0.29,0,0,1433,ar ARG,"MF,FW",fr Ligue 1,20.0,2005.0,29,1396,48,45.6,15.5,15,75.0,4,14,20.0,4,1.41,28,15,13,0.84,1.49,1158,ar ARG,"MF,FW",fr Ligue 1,20.0,2005.0,15.5,4,0,0,41,30,8,12,8,20,0,"MF,FW",False,False,True,True,False,True,1396,20.0,1.2903225806451613,0.5161290322580645,2.6451612903225805,1.935483870967742,0.25806451612903225,0.0,0.7741935483870968,0.5161290322580645,False
2563,Kenneth Taylor,nl NED,MF,Lazio,it Serie A,23.0,2002.0,17,17,1394,15.5,3,2,5,3,0,0,5,0,0.32,,,,,,,,,,,,,,,,,,,,,,,,,2563,nl NED,MF,it Serie A,23.0,2002.0,15.5,3,16,6,37.5,1.03,0.39,0.19,0.5,0,0,3205,nl NED,MF,it Serie A,23.0,2002.0,17,1394,82,40.8,15.5,17,82.0,8,0,,1,1.53,14,17,-3,-0.19,-0.37,2563,nl NED,MF,it Serie A,23.0,2002.0,15.5,5,0,0,17,13,1,9,9,11,0,MF,False,False,True,False,True,False,1394,23.0,0.7096774193548387,0.5806451612903226,1.096774193548387,0.8387096774193549,0.3225806451612903,0.0,0.5806451612903226,0.06451612903225806,False
1514,Giovani Lo Celso,ar ARG,MF,Real Betis,es La Liga,29.0,1996.0,24,15,1393,15.5,2,3,5,2,0,0,4,0,0.32,,,,,,,,,,,,,,,,,,,,,,,,,1514,ar ARG,MF,es La Liga,29.0,1996.0,15.5,2,30,11,36.7,1.94,0.71,0.07,0.18,0,0,1875,ar ARG,MF,es La Liga,29.0,1996.0,24,1393,58,40.7,15.5,15,73.0,2,9,34.0,3,1.67,25,16,9,0.58,0.49,1514,ar ARG,MF,es La Liga,29.0,1996.0,15.5,4,0,0,9,42,4,61,6,13,0,MF,False,False,True,False,True,False,1393,29.0,0.8387096774193549,0.3870967741935484,0.5806451612903226,2.7096774193548385,0.25806451612903225,0.0,3.935483870967742,0.25806451612903225,False
582,Thierry Correia,pt POR,"DF,MF",Valencia,es La Liga,26.0,1999.0,24,17,1392,15.5,0,2,2,0,0,0,5,0,0.13,,,,,,,,,,,,,,,,,,,,,,,,,582,pt POR,"DF,MF",es La Liga,26.0,1999.0,15.5,0,5,1,20.0,0.32,0.06,0.0,0.0,0,0,720,pt POR,"DF,MF",es La Liga,26.0,1999.0,24,1392,58,40.7,15.5,17,73.0,8,7,20.0,3,0.96,13,24,-11,-0.71,-0.8,582,pt POR,"DF,MF",es La Liga,26.0,1999.0,15.5,5,0,0,28,25,4,42,18,22,0,"DF,MF",False,True,True,False,False,True,1392,26.0,1.4193548387096775,1.1612903225806452,1.8064516129032258,1.6129032258064515,0.3225806451612903,0.0,2.7096774193548385,0.25806451612903225,False
2626,Boubacar Traoré,ml MLI,MF,Metz,fr Ligue 1,23.0,2001.0,20,16,1387,15.4,1,0,1,1,0,0,4,0,0.06,,,,,,,,,,,,,,,,,,,,,,,,,2626,ml MLI,MF,fr Ligue 1,23.0,2001.0,15.4,1,19,3,15.8,1.23,0.19,0.05,0.33,0,0,3280,ml MLI,MF,fr Ligue 1,23.0,2001.0,20,1387,69,45.3,15.4,16,82.0,6,4,19.0,0,0.5,13,32,-19,-1.23,0.11,2626,ml MLI,MF,fr Ligue 1,23.0,2001.0,15.4,4,0,0,32,5,0,2,15,26,0,MF,False,False,True,False,True,False,1387,23.0,1.6883116883116882,0.974025974025974,2.0779220779220777,0.3246753246753247,0.2597402597402597,0.0,0.12987012987012986,0.0,False
1925,Julian Niehues,de GER,MF,Heidenheim,de Bundesliga,24.0,2001.0,24,17,1383,15.4,3,0,3,3,0,0,1,0,0.2,,,,,,,,,,,,,,,,,,,,,,,,,1925,de GER,MF,de Bundesliga,24.0,2001.0,15.4,3,18,5,27.8,1.17,0.33,0.17,0.6,0,0,2379,de GER,MF,de Bundesliga,24.0,2001.0,24,1383,58,45.2,15.4,17,71.0,4,7,25.0,10,0.88,24,30,-6,-0.39,0.95,1925,de GER,MF,de Bundesliga,24.0,2001.0,15.4,1,0,0,10,9,2,3,23,10,0,MF,False,False,True,False,True,False,1383,24.0,0.6493506493506493,1.4935064935064934,0.6493506493506493,0.5844155844155844,0.06493506493506493,0.0,0.19480519480519481,0.12987012987012986,False
597,Mamadou Coulibaly,fr FRA,MF,Monaco,fr Ligue 1,21.0,2004.0,25,15,1381,15.3,3,3,6,3,0,0,7,1,0.39,,,,,,,,,,,,,,,,,,,,,,,,,597,fr FRA,MF,fr Ligue 1,21.0,2004.0,15.3,3,13,5,38.5,0.85,0.33,0.23,0.6,0,0,737,fr FRA,MF,fr Ligue 1,21.0,2004.0,25,1381,55,45.1,15.3,15,75.0,5,10,25.0,4,1.6,27,30,-3,-0.2,-0.68,597,fr FRA,MF,fr Ligue 1,21.0,2004.0,15.3,7,1,0,31,16,3,15,21,21,0,MF,False,False,True,False,True,False,1381,21.0,1.3725490196078431,1.3725490196078431,2.026143790849673,1.0457516339869282,0.45751633986928103,0.06535947712418301,0.9803921568627451,0.19607843137254902,False
2184,Raphinha,br BRA,"MF,FW",Barcelona,es La Liga,28.0,1996.0,22,18,1380,15.3,13,3,16,10,3,3,5,0,0.85,,,,,,,,,,,,,,,,,,,,,,,,,2184,br BRA,"MF,FW",es La Liga,28.0,1996.0,15.3,13,65,24,36.9,4.24,1.57,0.15,0.42,3,3,2718,br BRA,"MF,FW",es La Liga,28.0,1996.0,22,1380,63,40.4,15.3,18,71.0,4,4,28.0,2,2.77,43,9,34,2.22,1.11,2184,br BRA,"MF,FW",es La Liga,28.0,1996.0,15.3,5,0,0,10,10,4,72,6,6,0,"MF,FW",False,False,True,True,False,True,1380,28.0,0.39215686274509803,0.39215686274509803,0.6535947712418301,0.6535947712418301,0.32679738562091504,0.0,4.705882352941177,0.26143790849673204,False
1972,Jens Odgaard,dk DEN,MF,Bologna,it Serie A,26.0,1999.0,26,16,1378,15.3,5,1,6,5,0,0,1,0,0.39,,,,,,,,,,,,,,,,,,,,,,,,,1972,dk DEN,MF,it Serie A,26.0,1999.0,15.3,5,35,13,37.1,2.29,0.85,0.14,0.38,0,0,2434,dk DEN,MF,it Serie A,26.0,1999.0,26,1378,53,40.3,15.3,16,74.0,4,10,19.0,9,1.5,22,21,1,0.07,-0.02,1972,dk DEN,MF,it Serie A,26.0,1999.0,15.3,1,0,0,28,28,5,15,4,12,0,MF,False,False,True,False,True,False,1378,26.0,0.7843137254901961,0.26143790849673204,1.8300653594771241,1.8300653594771241,0.06535947712418301,0.0,0.9803921568627451,0.32679738562091504,False
267,Raoul Bellanova,it ITA,MF,Atalanta,it Serie A,25.0,2000.0,24,15,1377,15.3,0,1,1,0,0,0,2,0,0.07,,,,,,,,,,,,,,,,,,,,,,,,,267,it ITA,MF,it Serie A,25.0,2000.0,15.3,0,13,5,38.5,0.85,0.33,0.0,0.0,0,0,331,it ITA,MF,it Serie A,25.0,2000.0,24,1377,57,40.3,15.3,15,75.0,9,9,29.0,4,1.38,19,26,-7,-0.46,-1.43,267,it ITA,MF,it Serie A,25.0,2000.0,15.3,2,0,0,5,12,2,84,10,9,0,MF,False,False,True,False,True,False,1377,25.0,0.5882352941176471,0.6535947712418301,0.32679738562091504,0.7843137254901961,0.13071895424836602,0.0,5.490196078431373,0.13071895424836602,False
1751,William Mikelbrencis,fr FRA,"MF,DF",Hamburger SV,de Bundesliga,21.0,2004.0,26,15,1372,15.2,0,4,4,0,0,0,3,0,0.26,,,,,,,,,,,,,,,,,,,,,,,,,1751,fr FRA,"MF,DF",de Bundesliga,21.0,2004.0,15.2,0,12,6,50.0,0.79,0.39,0.0,0.0,0,0,2169,fr FRA,"MF,DF",de Bundesliga,21.0,2004.0,26,1372,53,44.8,15.2,15,81.0,5,11,15.0,6,1.04,17,34,-17,-1.12,-1.28,1751,fr FRA,"MF,DF",de Bundesliga,21.0,2004.0,15.2,3,0,0,18,5,5,54,6,22,0,"MF,DF",False,True,True,False,False,True,1372,21.0,1.4473684210526316,0.39473684210526316,1.1842105263157896,0.32894736842105265,0.19736842105263158,0.0,3.5526315789473686,0.32894736842105265,False
1598,Lovro Majer,hr CRO,MF,Wolfsburg,de Bundesliga,27.0,1998.0,28,16,1371,15.2,2,3,5,2,0,0,5,0,0.33,,,,,,,,,,,,,,,,,,,,,,,,,1598,hr CRO,MF,de Bundesliga,27.0,1998.0,15.2,2,27,6,22.2,1.77,0.39,0.07,0.33,0,0,1973,hr CRO,MF,de Bundesliga,27.0,1998.0,28,1371,49,44.8,15.2,16,70.0,1,12,21.0,4,0.75,20,30,-10,-0.66,0.09,1598,hr CRO,MF,de Bundesliga,27.0,1998.0,15.2,5,0,0,30,22,4,28,8,18,0,MF,False,False,True,False,True,False,1371,27.0,1.1842105263157896,0.5263157894736842,1.973684210526316,1.4473684210526316,0.32894736842105265,0.0,1.842105263157895,0.2631578947368421,False
913,Lyle Foster,za RSA,"FW,MF",Burnley,eng Premier League,24.0,2000.0,26,15,1371,15.2,3,2,5,3,0,0,4,0,0.33,,,,,,,,,,,,,,,,,,,,,,,,,913,za RSA,"FW,MF",eng Premier League,24.0,2000.0,15.2,3,20,6,30.0,1.31,0.39,0.15,0.5,0,0,1129,za RSA,"FW,MF",eng Premier League,24.0,2000.0,26,1371,53,40.1,15.2,15,75.0,3,11,22.0,2,0.58,11,30,-19,-1.25,-0.46,913,za RSA,"FW,MF",eng Premier League,24.0,2000.0,15.2,4,0,0,22,13,11,6,4,12,0,"FW,MF",False,False,True,True,False,True,1371,24.0,0.7894736842105263,0.2631578947368421,1.4473684210526316,0.8552631578947368,0.2631578947368421,0.0,0.39473684210526316,0.7236842105263158,False
1987,Mathías Olivera,uy URU,"DF,MF",Napoli,it Serie A,27.0,1997.0,25,15,1370,15.2,0,0,0,0,0,0,3,0,0.0,,,,,,,,,,,,,,,,,,,,,,,,,1987,uy URU,"DF,MF",it Serie A,27.0,1997.0,15.2,0,8,3,37.5,0.53,0.2,0.0,0.0,0,0,2455,uy URU,"DF,MF",it Serie A,27.0,1997.0,25,1370,55,40.1,15.2,15,74.0,6,10,27.0,10,2.16,23,13,10,0.66,0.13,1987,uy URU,"DF,MF",it Serie A,27.0,1997.0,15.2,3,0,0,17,10,0,6,16,22,0,"DF,MF",False,True,True,False,False,True,1370,27.0,1.4473684210526316,1.0526315789473684,1.118421052631579,0.6578947368421053,0.19736842105263158,0.0,0.39473684210526316,0.0,False
2836,Martin Ødegaard,no NOR,MF,Arsenal,eng Premier League,26.0,1998.0,24,16,1369,15.2,1,6,7,1,0,0,0,0,0.46,,,,,,,,,,,,,,,,,,,,,,,,,2836,no NOR,MF,eng Premier League,26.0,1998.0,15.2,1,22,8,36.4,1.45,0.53,0.05,0.13,0,0,3535,no NOR,MF,eng Premier League,26.0,1998.0,24,1369,57,40.0,15.2,16,72.0,7,8,26.0,1,2.17,29,13,16,1.05,-0.18,2836,no NOR,MF,eng Premier League,26.0,1998.0,15.2,0,0,0,9,9,2,22,7,9,0,MF,False,False,True,False,True,False,1369,26.0,0.5921052631578948,0.46052631578947373,0.5921052631578948,0.5921052631578948,0.0,0.0,1.4473684210526316,0.13157894736842105,False
1540,Tom Louchet,fr FRA,MF,Nice,fr Ligue 1,22.0,2003.0,27,14,1367,15.2,3,2,5,3,0,0,1,1,0.33,,,,,,,,,,,,,,,,,,,,,,,,,1540,fr FRA,MF,fr Ligue 1,22.0,2003.0,15.2,3,21,6,28.6,1.38,0.4,0.14,0.5,0,0,1906,fr FRA,MF,fr Ligue 1,22.0,2003.0,27,1367,51,44.7,15.2,14,79.0,4,13,20.0,4,1.07,15,28,-13,-0.86,-0.32,1540,fr FRA,MF,fr Ligue 1,22.0,2003.0,15.2,1,1,0,16,13,0,51,9,17,0,MF,False,False,True,False,True,False,1367,22.0,1.118421052631579,0.5921052631578948,1.0526315789473684,0.8552631578947368,0.06578947368421052,0.06578947368421052,3.355263157894737,0.0,False
1327,Dermane Karim,tg TOG,MF,Lorient,fr Ligue 1,21.0,2003.0,30,15,1365,15.2,1,2,3,1,0,0,3,0,0.2,,,,,,,,,,,,,,,,,,,,,,,,,1327,tg TOG,MF,fr Ligue 1,21.0,2003.0,15.2,1,16,2,12.5,1.05,0.13,0.06,0.5,0,0,1628,tg TOG,MF,fr Ligue 1,21.0,2003.0,30,1365,46,44.6,15.2,15,72.0,2,15,19.0,1,1.37,18,25,-7,-0.46,-0.67,1327,tg TOG,MF,fr Ligue 1,21.0,2003.0,15.2,3,0,0,21,39,0,17,10,17,0,MF,False,False,True,False,True,False,1365,21.0,1.118421052631579,0.6578947368421053,1.381578947368421,2.5657894736842106,0.19736842105263158,0.0,1.118421052631579,0.0,False
622,Adam Daghim,dk DEN,"MF,FW",Wolfsburg,de Bundesliga,19.0,2005.0,27,12,1364,15.2,2,3,5,2,0,0,3,0,0.33,,,,,,,,,,,,,,,,,,,,,,,,,622,dk DEN,"MF,FW",de Bundesliga,19.0,2005.0,15.2,2,27,9,33.3,1.78,0.59,0.07,0.22,0,0,771,dk DEN,"MF,FW",de Bundesliga,19.0,2005.0,27,1364,51,44.6,15.2,12,83.0,5,15,24.0,1,0.67,18,33,-15,-0.99,-0.51,622,dk DEN,"MF,FW",de Bundesliga,19.0,2005.0,15.2,3,0,0,18,23,4,20,11,20,0,"MF,FW",False,False,True,True,False,True,1364,19.0,1.3157894736842106,0.7236842105263158,1.1842105263157896,1.5131578947368423,0.19736842105263158,0.0,1.3157894736842106,0.2631578947368421,False
9,Saud Abdulhamid,sa KSA,MF,Lens,fr Ligue 1,26.0,1999.0,25,14,1352,15.0,2,4,6,2,0,0,4,1,0.4,,,,,,,,,,,,,,,,,,,,,,,,,9,sa KSA,MF,fr Ligue 1,26.0,1999.0,15.0,2,8,3,37.5,0.53,0.2,0.25,0.67,0,0,11,sa KSA,MF,fr Ligue 1,26.0,1999.0,25,1352,54,44.2,15.0,14,83.0,8,11,18.0,6,1.84,35,17,18,1.2,0.51,9,sa KSA,MF,fr Ligue 1,26.0,1999.0,15.0,4,1,0,26,14,1,47,9,22,0,MF,False,False,True,False,True,False,1352,26.0,1.4666666666666666,0.6,1.7333333333333334,0.9333333333333333,0.26666666666666666,0.06666666666666667,3.1333333333333333,0.06666666666666667,False
2567,Mathys Tel,fr FRA,"MF,FW",Tottenham Hotspur,eng Premier League,20.0,2005.0,31,13,1349,15.0,4,1,5,4,0,0,1,0,0.33,,,,,,,,,,,,,,,,,,,,,,,,,2567,fr FRA,"MF,FW",eng Premier League,20.0,2005.0,15.0,4,35,8,22.9,2.34,0.53,0.11,0.5,0,0,3210,fr FRA,"MF,FW",eng Premier League,20.0,2005.0,31,1349,44,39.4,15.0,13,78.0,3,18,19.0,7,1.0,26,23,3,0.2,0.72,2567,fr FRA,"MF,FW",eng Premier League,20.0,2005.0,15.0,1,0,0,19,23,3,92,5,12,0,"MF,FW",False,False,True,True,False,True,1349,20.0,0.8,0.3333333333333333,1.2666666666666666,1.5333333333333334,0.06666666666666667,0.0,6.133333333333334,0.2,False
2645,Beñat Turrientes,es ESP,MF,Real Sociedad,es La Liga,23.0,2002.0,27,16,1348,15.0,0,3,3,0,0,0,7,0,0.2,,,,,,,,,,,,,,,,,,,,,,,,,2645,es ESP,MF,es La Liga,23.0,2002.0,15.0,0,20,6,30.0,1.34,0.4,0.0,0.0,0,0,3303,es ESP,MF,es La Liga,23.0,2002.0,27,1348,50,39.4,15.0,16,70.0,4,11,21.0,10,1.33,24,21,3,0.2,0.42,2645,es ESP,MF,es La Liga,23.0,2002.0,15.0,7,0,0,28,23,0,9,9,23,0,MF,False,False,True,False,True,False,1348,23.0,1.5333333333333334,0.6,1.8666666666666667,1.5333333333333334,0.4666666666666667,0.0,0.6,0.0,False
762,Désiré Doué,fr FRA,"FW,MF",Paris Saint-Germain,fr Ligue 1,20.0,2005.0,23,16,1348,15.0,7,4,11,7,0,1,0,0,0.73,,,,,,,,,,,,,,,,,,,,,,,,,762,fr FRA,"FW,MF",fr Ligue 1,20.0,2005.0,15.0,7,55,19,34.5,3.67,1.27,0.13,0.37,0,1,933,fr FRA,"FW,MF",fr Ligue 1,20.0,2005.0,23,1348,59,44.1,15.0,16,69.0,2,7,34.0,2,2.35,34,14,20,1.34,0.02,762,fr FRA,"FW,MF",fr Ligue 1,20.0,2005.0,15.0,0,0,0,24,28,0,56,12,20,0,"FW,MF",False,False,True,True,False,True,1348,20.0,1.3333333333333333,0.8,1.6,1.8666666666666667,0.0,0.0,3.7333333333333334,0.0,False
1898,Martim Neto,pt POR,MF,Elche,es La Liga,22.0,2003.0,25,15,1347,15.0,2,5,7,2,0,0,3,0,0.47,,,,,,,,,,,,,,,,,,,,,,,,,1898,pt POR,MF,es La Liga,22.0,2003.0,15.0,2,12,4,33.3,0.8,0.27,0.17,0.5,0,0,2351,pt POR,MF,es La Liga,22.0,2003.0,25,1347,54,39.4,15.0,15,68.0,1,10,32.0,9,1.0,20,23,-3,-0.2,0.02,1898,pt POR,MF,es La Liga,22.0,2003.0,15.0,3,0,0,19,11,0,33,2,12,0,MF,False,False,True,False,True,False,1347,22.0,0.8,0.13333333333333333,1.2666666666666666,0.7333333333333333,0.2,0.0,2.2,0.0,False
94,Hugo Álvarez,es ESP,"FW,MF",Celta Vigo,es La Liga,22.0,2003.0,28,15,1340,14.9,4,2,6,4,0,0,2,0,0.4,,,,,,,,,,,,,,,,,,,,,,,,,94,es ESP,"FW,MF",es La Liga,22.0,2003.0,14.9,4,14,8,57.1,0.94,0.54,0.29,0.5,0,0,120,es ESP,"FW,MF",es La Liga,22.0,2003.0,28,1340,48,39.2,14.9,15,70.0,4,13,22.0,6,1.43,25,23,2,0.13,0.0,94,es ESP,"FW,MF",es La Liga,22.0,2003.0,14.9,2,0,0,16,17,2,23,10,9,0,"FW,MF",False,False,True,True,False,True,1340,22.0,0.6040268456375839,0.6711409395973155,1.0738255033557047,1.1409395973154361,0.1342281879194631,0.0,1.5436241610738255,0.1342281879194631,False
2649,Destiny Udogie,it ITA,"DF,MF",Tottenham Hotspur,eng Premier League,22.0,2002.0,20,14,1339,14.9,0,1,1,0,0,0,4,0,0.07,,,,,,,,,,,,,,,,,,,,,,,,,2649,it ITA,"DF,MF",eng Premier League,22.0,2002.0,14.9,0,4,1,25.0,0.27,0.07,0.0,0.0,0,0,3309,it ITA,"DF,MF",eng Premier League,22.0,2002.0,20,1339,67,39.2,14.9,14,83.0,7,6,29.0,1,1.0,18,25,-7,-0.47,-0.38,2649,it ITA,"DF,MF",eng Premier League,22.0,2002.0,14.9,4,0,0,17,22,3,27,7,20,0,"DF,MF",False,True,True,False,False,True,1339,22.0,1.342281879194631,0.4697986577181208,1.1409395973154361,1.4765100671140938,0.2684563758389262,0.0,1.8120805369127517,0.20134228187919462,False
2480,Hugo Sotelo,es ESP,MF,Celta Vigo,es La Liga,21.0,2003.0,20,16,1338,14.9,0,2,2,0,0,0,3,0,0.13,,,,,,,,,,,,,,,,,,,,,,,,,2480,es ESP,MF,es La Liga,21.0,2003.0,14.9,0,2,1,50.0,0.13,0.07,0.0,0.0,0,0,3098,es ESP,MF,es La Liga,21.0,2003.0,20,1338,67,39.1,14.9,16,78.0,7,4,24.0,14,1.1,27,25,2,0.13,0.0,2480,es ESP,MF,es La Liga,21.0,2003.0,14.9,3,0,0,27,13,0,44,13,16,0,MF,False,False,True,False,True,False,1338,21.0,1.0738255033557047,0.87248322147651,1.8120805369127517,0.87248322147651,0.20134228187919462,0.0,2.9530201342281877,0.0,False
1476,Youssef Lekhedim,es ESP,"DF,MF",Alavés,es La Liga,19.0,2005.0,25,13,1335,14.8,0,1,1,0,0,0,7,0,0.07,,,,,,,,,,,,,,,,,,,,,,,,,1476,es ESP,"DF,MF",es La Liga,19.0,2005.0,14.8,0,11,3,27.3,0.74,0.2,0.0,0.0,0,0,1823,es ESP,"DF,MF",es La Liga,19.0,2005.0,25,1335,53,39.0,14.8,13,83.0,7,12,21.0,11,1.15,19,22,-3,-0.2,0.19,1476,es ESP,"DF,MF",es La Liga,19.0,2005.0,14.8,7,0,0,24,13,0,61,12,10,0,"DF,MF",False,True,True,False,False,True,1335,19.0,0.6756756756756757,0.8108108108108107,1.6216216216216215,0.8783783783783783,0.47297297297297297,0.0,4.121621621621621,0.0,False
1340,Yassine Kechta,ma MAR,MF,Le Havre,fr Ligue 1,23.0,2002.0,30,14,1332,14.8,2,1,3,2,0,0,3,0,0.2,,,,,,,,,,,,,,,,,,,,,,,,,1340,ma MAR,MF,fr Ligue 1,23.0,2002.0,14.8,2,21,9,42.9,1.42,0.61,0.1,0.22,0,0,1645,ma MAR,MF,fr Ligue 1,23.0,2002.0,30,1332,44,43.5,14.8,14,73.0,1,16,19.0,3,1.07,18,22,-4,-0.27,0.15,1340,ma MAR,MF,fr Ligue 1,23.0,2002.0,14.8,3,0,0,35,16,3,26,18,18,0,MF,False,False,True,False,True,False,1332,23.0,1.2162162162162162,1.2162162162162162,2.364864864864865,1.081081081081081,0.2027027027027027,0.0,1.7567567567567566,0.2027027027027027,False
1685,Jean Mattéo Bahoya,fr FRA,"MF,FW",Eintracht Frankfurt,de Bundesliga,20.0,2005.0,27,15,1331,14.8,3,4,7,3,0,0,2,0,0.47,,,,,,,,,,,,,,,,,,,,,,,,,1685,fr FRA,"MF,FW",de Bundesliga,20.0,2005.0,14.8,3,29,9,31.0,1.96,0.61,0.1,0.33,0,0,2077,fr FRA,"MF,FW",de Bundesliga,20.0,2005.0,27,1331,49,43.5,14.8,15,69.0,4,12,25.0,2,1.26,22,28,-6,-0.41,-0.51,1685,fr FRA,"MF,FW",de Bundesliga,20.0,2005.0,14.8,2,0,0,13,22,3,33,12,14,0,"MF,FW",False,False,True,True,False,True,1331,20.0,0.9459459459459459,0.8108108108108107,0.8783783783783783,1.4864864864864864,0.13513513513513511,0.0,2.22972972972973,0.2027027027027027,False
1791,Nahuel Molina,ar ARG,"DF,MF",Atlético Madrid,es La Liga,27.0,1998.0,26,13,1331,14.8,2,2,4,2,0,0,4,0,0.27,,,,,,,,,,,,,,,,,,,,,,,,,1791,ar ARG,"DF,MF",es La Liga,27.0,1998.0,14.8,2,14,4,28.6,0.95,0.27,0.14,0.5,0,0,2215,ar ARG,"DF,MF",es La Liga,27.0,1998.0,26,1331,51,38.9,14.8,13,84.0,11,13,19.0,9,1.88,20,18,2,0.14,-0.55,1791,ar ARG,"DF,MF",es La Liga,27.0,1998.0,14.8,4,0,0,14,5,5,49,14,24,0,"DF,MF",False,True,True,False,False,True,1331,27.0,1.6216216216216215,0.9459459459459459,0.9459459459459459,0.33783783783783783,0.27027027027027023,0.0,3.3108108108108105,0.33783783783783783,False
1042,Amine Gouiri,dz ALG,"FW,MF",Marseille,fr Ligue 1,25.0,2000.0,22,15,1326,14.7,8,3,11,8,0,0,1,0,0.75,,,,,,,,,,,,,,,,,,,,,,,,,1042,dz ALG,"FW,MF",fr Ligue 1,25.0,2000.0,14.7,8,38,17,44.7,2.58,1.15,0.21,0.47,0,0,1291,dz ALG,"FW,MF",fr Ligue 1,25.0,2000.0,22,1326,60,43.3,14.7,15,77.0,4,7,25.0,1,1.73,28,22,6,0.41,-0.22,1042,dz ALG,"FW,MF",fr Ligue 1,25.0,2000.0,14.7,1,0,0,17,16,4,37,3,9,0,"FW,MF",False,False,True,True,False,True,1326,25.0,0.6122448979591837,0.20408163265306123,1.1564625850340136,1.08843537414966,0.06802721088435375,0.0,2.5170068027210886,0.272108843537415,False
1369,Ansgar Knauff,de GER,"MF,FW",Eintracht Frankfurt,de Bundesliga,23.0,2002.0,28,12,1326,14.7,4,1,5,4,0,0,3,0,0.34,,,,,,,,,,,,,,,,,,,,,,,,,1369,de GER,"MF,FW",de Bundesliga,23.0,2002.0,14.7,4,34,14,41.2,2.31,0.95,0.12,0.29,0,0,1684,de GER,"MF,FW",de Bundesliga,23.0,2002.0,28,1326,47,43.3,14.7,12,75.0,1,16,27.0,0,1.29,29,26,3,0.2,0.57,1369,de GER,"MF,FW",de Bundesliga,23.0,2002.0,14.7,3,0,0,26,12,7,39,9,10,0,"MF,FW",False,False,True,True,False,True,1326,23.0,0.6802721088435374,0.6122448979591837,1.7687074829931975,0.8163265306122449,0.20408163265306123,0.0,2.653061224489796,0.4761904761904762,False
774,Denzel Dumfries,nl NED,MF,Inter,it Serie A,29.0,1996.0,20,15,1325,14.7,3,1,4,3,0,0,2,0,0.27,,,,,,,,,,,,,,,,,,,,,,,,,774,nl NED,MF,it Serie A,29.0,1996.0,14.7,3,23,5,21.7,1.56,0.34,0.13,0.6,0,0,950,nl NED,MF,it Serie A,29.0,1996.0,20,1325,66,38.7,14.7,15,80.0,8,5,25.0,2,2.1,36,14,22,1.49,0.12,774,nl NED,MF,it Serie A,29.0,1996.0,14.7,2,0,0,20,13,2,34,7,9,0,MF,False,False,True,False,True,False,1325,29.0,0.6122448979591837,0.4761904761904762,1.3605442176870748,0.8843537414965987,0.1360544217687075,0.0,2.312925170068027,0.1360544217687075,False
1063,Ilia Gruev,bg BUL,MF,Leeds United,eng Premier League,25.0,2000.0,23,15,1323,14.7,0,3,3,0,0,0,3,0,0.2,,,,,,,,,,,,,,,,,,,,,,,,,1063,bg BUL,MF,eng Premier League,25.0,2000.0,14.7,0,7,1,14.3,0.48,0.07,0.0,0.0,0,0,1318,bg BUL,MF,eng Premier League,25.0,2000.0,23,1323,58,38.7,14.7,15,79.0,6,8,17.0,10,1.52,17,22,-5,-0.34,-0.25,1063,bg BUL,MF,eng Premier League,25.0,2000.0,14.7,3,0,0,16,9,0,16,14,13,0,MF,False,False,True,False,True,False,1323,25.0,0.8843537414965987,0.9523809523809524,1.08843537414966,0.6122448979591837,0.20408163265306123,0.0,1.08843537414966,0.0,False
812,Anthony Elanga,se SWE,"FW,MF",Newcastle United,eng Premier League,23.0,2002.0,32,14,1319,14.7,0,1,1,0,0,0,0,0,0.07,,,,,,,,,,,,,,,,,,,,,,,,,812,se SWE,"FW,MF",eng Premier League,23.0,2002.0,14.7,0,17,4,23.5,1.16,0.27,0.0,0.0,0,0,997,se SWE,"FW,MF",eng Premier League,23.0,2002.0,32,1319,41,38.6,14.7,14,70.0,2,18,19.0,2,1.13,20,28,-8,-0.55,-0.8,812,se SWE,"FW,MF",eng Premier League,23.0,2002.0,14.7,0,0,0,8,25,2,83,3,11,0,"FW,MF",False,False,True,True,False,True,1319,23.0,0.7482993197278912,0.20408163265306123,0.54421768707483,1.7006802721088436,0.0,0.0,5.646258503401361,0.1360544217687075,False
2211,Oriol Rey,es ESP,MF,Levante,es La Liga,27.0,1998.0,20,14,1319,14.7,0,1,1,0,0,0,4,0,0.07,,,,,,,,,,,,,,,,,,,,,,,,,2211,es ESP,MF,es La Liga,27.0,1998.0,14.7,0,8,1,12.5,0.55,0.07,0.0,0.0,0,0,2747,es ESP,MF,es La Liga,27.0,1998.0,20,1319,66,38.6,14.7,14,84.0,9,6,25.0,12,1.1,23,25,-2,-0.14,0.38,2211,es ESP,MF,es La Liga,27.0,1998.0,14.7,4,0,0,23,14,0,8,12,12,0,MF,False,False,True,False,True,False,1319,27.0,0.8163265306122449,0.8163265306122449,1.5646258503401362,0.9523809523809524,0.272108843537415,0.0,0.54421768707483,0.0,False
256,Hannes Behrens,de GER,"DF,MF",Heidenheim,de Bundesliga,20.0,2005.0,16,15,1318,14.6,1,2,3,1,0,0,0,0,0.2,,,,,,,,,,,,,,,,,,,,,,,,,256,de GER,"DF,MF",de Bundesliga,20.0,2005.0,14.6,1,9,4,44.4,0.61,0.27,0.11,0.25,0,0,319,de GER,"DF,MF",de Bundesliga,20.0,2005.0,16,1318,82,43.1,14.6,15,87.0,13,1,14.0,0,0.81,23,29,-6,-0.41,0.88,256,de GER,"DF,MF",de Bundesliga,20.0,2005.0,14.6,0,0,0,5,27,1,59,18,18,1,"DF,MF",False,True,True,False,False,True,1318,20.0,1.2328767123287672,1.2328767123287672,0.3424657534246575,1.8493150684931507,0.0,0.0,4.041095890410959,0.0684931506849315,False
2553,Ao Tanaka,jp JPN,MF,Leeds United,eng Premier League,26.0,1998.0,28,14,1315,14.6,2,0,2,2,0,0,1,0,0.14,,,,,,,,,,,,,,,,,,,,,,,,,2553,jp JPN,MF,eng Premier League,26.0,1998.0,14.6,2,17,5,29.4,1.16,0.34,0.12,0.4,0,0,3194,jp JPN,MF,eng Premier League,26.0,1998.0,28,1315,47,38.5,14.6,14,75.0,0,14,19.0,9,1.43,22,21,1,0.07,0.41,2553,jp JPN,MF,eng Premier League,26.0,1998.0,14.6,1,0,0,13,10,0,39,21,15,0,MF,False,False,True,False,True,False,1315,26.0,1.0273972602739727,1.4383561643835616,0.8904109589041096,0.684931506849315,0.0684931506849315,0.0,2.671232876712329,0.0,False
2793,Darlin Yongwa,cm CMR,"DF,MF",Lorient,fr Ligue 1,24.0,2000.0,23,14,1312,14.6,0,1,1,0,0,0,4,1,0.07,,,,,,,,,,,,,,,,,,,,,,,,,2793,cm CMR,"DF,MF",fr Ligue 1,24.0,2000.0,14.6,0,10,2,20.0,0.69,0.14,0.0,0.0,0,0,3483,cm CMR,"DF,MF",fr Ligue 1,24.0,2000.0,23,1312,57,42.9,14.6,14,84.0,12,9,15.0,4,1.04,18,20,-2,-0.14,-0.09,2793,cm CMR,"DF,MF",fr Ligue 1,24.0,2000.0,14.6,4,1,0,14,22,1,38,11,24,0,"DF,MF",False,True,True,False,False,True,1312,24.0,1.6438356164383563,0.7534246575342466,0.9589041095890412,1.5068493150684932,0.273972602739726,0.0684931506849315,2.6027397260273974,0.0684931506849315,False
2216,Samuele Ricci,it ITA,MF,Milan,it Serie A,23.0,2001.0,31,11,1312,14.6,1,4,5,1,0,0,3,0,0.34,,,,,,,,,,,,,,,,,,,,,,,,,2216,it ITA,MF,it Serie A,23.0,2001.0,14.6,1,18,6,33.3,1.23,0.41,0.06,0.17,0,0,2753,it ITA,MF,it Serie A,23.0,2001.0,31,1312,42,38.4,14.6,11,79.0,6,20,22.0,7,2.1,20,17,3,0.21,-0.43,2216,it ITA,MF,it Serie A,23.0,2001.0,14.6,3,0,0,17,33,1,28,9,9,0,MF,False,False,True,False,True,False,1312,23.0,0.6164383561643836,0.6164383561643836,1.1643835616438356,2.26027397260274,0.20547945205479454,0.0,1.9178082191780823,0.0684931506849315,False
2261,Miguel Román,es ESP,MF,Celta Vigo,es La Liga,22.0,2002.0,19,14,1311,14.6,1,0,1,1,0,0,3,0,0.07,,,,,,,,,,,,,,,,,,,,,,,,,2261,es ESP,MF,es La Liga,22.0,2002.0,14.6,1,9,2,22.2,0.62,0.14,0.11,0.5,0,0,2808,es ESP,MF,es La Liga,22.0,2002.0,19,1311,69,38.3,14.6,14,88.0,10,5,17.0,7,1.63,18,13,5,0.34,0.34,2261,es ESP,MF,es La Liga,22.0,2002.0,14.6,3,0,0,20,11,0,21,12,17,0,MF,False,False,True,False,True,False,1311,22.0,1.1643835616438356,0.8219178082191781,1.36986301369863,0.7534246575342466,0.20547945205479454,0.0,1.4383561643835616,0.0,False
87,Thiago Almada,ar ARG,"MF,FW",Atlético Madrid,es La Liga,24.0,2001.0,27,16,1311,14.6,3,1,4,3,0,0,2,1,0.27,,,,,,,,,,,,,,,,,,,,,,,,,87,ar ARG,"MF,FW",es La Liga,24.0,2001.0,14.6,3,21,10,47.6,1.44,0.69,0.14,0.3,0,0,109,ar ARG,"MF,FW",es La Liga,24.0,2001.0,27,1311,49,38.3,14.6,16,65.0,3,11,25.0,4,1.78,18,17,1,0.07,-0.66,87,ar ARG,"MF,FW",es La Liga,24.0,2001.0,14.6,2,1,0,13,16,2,40,9,18,0,"MF,FW",False,False,True,True,False,True,1311,24.0,1.2328767123287672,0.6164383561643836,0.8904109589041096,1.095890410958904,0.136986301369863,0.0684931506849315,2.73972602739726,0.136986301369863,False
529,Chema,es ESP,MF,Stuttgart,de Bundesliga,20.0,2005.0,25,14,1310,14.6,3,0,3,3,0,0,5,0,0.21,,,,,,,,,,,,,,,,,,,,,,,,,529,es ESP,MF,de Bundesliga,20.0,2005.0,14.6,3,15,6,40.0,1.03,0.41,0.2,0.5,0,0,655,es ESP,MF,de Bundesliga,20.0,2005.0,25,1310,52,42.8,14.6,14,85.0,8,11,10.0,9,1.88,32,24,8,0.55,-0.17,529,es ESP,MF,de Bundesliga,20.0,2005.0,14.6,5,0,0,20,8,1,0,31,16,0,MF,False,False,True,False,True,False,1310,20.0,1.095890410958904,2.1232876712328768,1.36986301369863,0.547945205479452,0.3424657534246575,0.0,0.0,0.0684931506849315,False
2148,Alexander Prass,at AUT,MF,Hoffenheim,de Bundesliga,24.0,2001.0,32,12,1308,14.5,3,2,5,3,0,0,4,0,0.34,,,,,,,,,,,,,,,,,,,,,,,,,2148,at AUT,MF,de Bundesliga,24.0,2001.0,14.5,3,18,11,61.1,1.24,0.76,0.17,0.27,0,0,2666,at AUT,MF,de Bundesliga,24.0,2001.0,32,1308,41,42.7,14.5,12,80.0,4,20,18.0,2,1.88,25,25,0,0.0,-0.67,2148,at AUT,MF,de Bundesliga,24.0,2001.0,14.5,4,0,0,26,21,2,47,6,22,0,MF,False,False,True,False,True,False,1308,24.0,1.5172413793103448,0.41379310344827586,1.793103448275862,1.4482758620689655,0.27586206896551724,0.0,3.2413793103448274,0.13793103448275862,False
1362,Joshua King,eng ENG,MF,Fulham,eng Premier League,18.0,2007.0,32,15,1308,14.5,1,2,3,1,0,0,4,0,0.21,,,,,,,,,,,,,,,,,,,,,,,,,1362,eng ENG,MF,eng Premier League,18.0,2007.0,14.5,1,26,11,42.3,1.79,0.76,0.04,0.09,0,0,1670,eng ENG,MF,eng Premier League,18.0,2007.0,32,1308,41,38.2,14.5,15,65.0,0,17,19.0,3,1.38,14,18,-4,-0.28,-0.28,1362,eng ENG,MF,eng Premier League,18.0,2007.0,14.5,4,0,0,13,30,3,12,3,12,0,MF,False,False,True,False,True,False,1308,18.0,0.8275862068965517,0.20689655172413793,0.896551724137931,2.0689655172413794,0.27586206896551724,0.0,0.8275862068965517,0.20689655172413793,False
1877,Roberto Navarro,es ESP,MF,Athletic Club,es La Liga,23.0,2002.0,32,10,1307,14.5,6,1,7,6,0,0,1,0,0.48,,,,,,,,,,,,,,,,,,,,,,,,,1877,es ESP,MF,es La Liga,23.0,2002.0,14.5,6,21,10,47.6,1.45,0.69,0.29,0.6,0,0,2325,es ESP,MF,es La Liga,23.0,2002.0,32,1307,41,38.2,14.5,10,70.0,3,22,28.0,3,1.19,23,23,0,0.0,0.64,1877,es ESP,MF,es La Liga,23.0,2002.0,14.5,1,0,0,18,16,4,74,7,10,0,MF,False,False,True,False,True,False,1307,23.0,0.6896551724137931,0.4827586206896552,1.2413793103448276,1.103448275862069,0.06896551724137931,0.0,5.103448275862069,0.27586206896551724,False
2654,Lukas Ullrich,de GER,"DF,MF",Gladbach,de Bundesliga,21.0,2004.0,23,14,1305,14.5,0,0,0,0,0,0,2,0,0.0,,,,,,,,,,,,,,,,,,,,,,,,,2654,de GER,"DF,MF",de Bundesliga,21.0,2004.0,14.5,0,10,2,20.0,0.69,0.14,0.0,0.0,0,0,3315,de GER,"DF,MF",de Bundesliga,21.0,2004.0,23,1305,57,42.6,14.5,14,79.0,5,9,22.0,11,0.78,19,29,-10,-0.69,-0.64,2654,de GER,"DF,MF",de Bundesliga,21.0,2004.0,14.5,2,0,0,17,11,1,38,21,17,0,"DF,MF",False,True,True,False,False,True,1305,21.0,1.1724137931034482,1.4482758620689655,1.1724137931034482,0.7586206896551724,0.13793103448275862,0.0,2.6206896551724137,0.06896551724137931,False
318,Tom Bischof,de GER,"DF,MF",Bayern Munich,de Bundesliga,20.0,2005.0,26,14,1302,14.5,3,3,6,3,0,0,2,0,0.41,,,,,,,,,,,,,,,,,,,,,,,,,318,de GER,"DF,MF",de Bundesliga,20.0,2005.0,14.5,3,30,9,30.0,2.07,0.62,0.1,0.33,0,0,393,de GER,"DF,MF",de Bundesliga,20.0,2005.0,26,1302,50,42.5,14.5,14,83.0,10,12,11.0,3,2.65,53,13,40,2.76,0.41,318,de GER,"DF,MF",de Bundesliga,20.0,2005.0,14.5,2,0,0,15,9,1,26,15,18,0,"DF,MF",False,True,True,False,False,True,1302,20.0,1.2413793103448276,1.0344827586206897,1.0344827586206897,0.6206896551724138,0.13793103448275862,0.0,1.793103448275862,0.06896551724137931,False
2387,Derry Scherhant,de GER,MF,Freiburg,de Bundesliga,22.0,2002.0,31,12,1301,14.5,5,1,6,5,0,0,2,0,0.42,,,,,,,,,,,,,,,,,,,,,,,,,2387,de GER,MF,de Bundesliga,22.0,2002.0,14.5,5,36,13,36.1,2.49,0.9,0.14,0.38,0,0,2970,de GER,MF,de Bundesliga,22.0,2002.0,31,1301,42,42.5,14.5,12,75.0,2,19,21.0,3,1.39,26,24,2,0.14,0.55,2387,de GER,MF,de Bundesliga,22.0,2002.0,14.5,2,0,0,19,36,4,72,7,9,0,MF,False,False,True,False,True,False,1301,22.0,0.6206896551724138,0.4827586206896552,1.3103448275862069,2.4827586206896552,0.13793103448275862,0.0,4.9655172413793105,0.27586206896551724,False
2131,Niccolò Pisilli,it ITA,MF,Roma,it Serie A,20.0,2004.0,25,13,1295,14.4,2,4,6,2,0,0,3,0,0.42,,,,,,,,,,,,,,,,,,,,,,,,,2131,it ITA,MF,it Serie A,20.0,2004.0,14.4,2,19,5,26.3,1.32,0.35,0.11,0.4,0,0,2643,it ITA,MF,it Serie A,20.0,2004.0,25,1295,52,37.9,14.4,13,81.0,9,12,20.0,13,1.96,29,16,13,0.9,0.27,2131,it ITA,MF,it Serie A,20.0,2004.0,14.4,3,0,0,20,4,2,15,24,13,0,MF,False,False,True,False,True,False,1295,20.0,0.9027777777777778,1.6666666666666665,1.3888888888888888,0.2777777777777778,0.20833333333333331,0.0,1.0416666666666667,0.1388888888888889,False
112,Sofyan Amrabat,ma MAR,MF,Real Betis,es La Liga,28.0,1996.0,17,14,1295,14.4,0,0,0,0,0,0,4,0,0.0,,,,,,,,,,,,,,,,,,,,,,,,,112,ma MAR,MF,es La Liga,28.0,1996.0,14.4,0,8,1,12.5,0.56,0.07,0.0,0.0,0,0,140,ma MAR,MF,es La Liga,28.0,1996.0,17,1295,76,37.9,14.4,14,86.0,11,3,28.0,1,1.53,24,18,6,0.42,0.21,112,ma MAR,MF,es La Liga,28.0,1996.0,14.4,4,0,0,22,19,0,6,11,13,0,MF,False,False,True,False,True,False,1295,28.0,0.9027777777777778,0.7638888888888888,1.5277777777777777,1.3194444444444444,0.2777777777777778,0.0,0.41666666666666663,0.0,False
2094,Ángel Pérez,es ESP,"MF,DF",Alavés,es La Liga,22.0,2002.0,16,14,1288,14.3,1,3,4,1,0,0,4,0,0.28,,,,,,,,,,,,,,,,,,,,,,,,,2094,es ESP,"MF,DF",es La Liga,22.0,2002.0,14.3,1,14,4,28.6,0.98,0.28,0.07,0.25,0,0,2595,es ESP,"MF,DF",es La Liga,22.0,2002.0,16,1288,81,37.7,14.3,14,88.0,10,2,30.0,1,1.13,22,25,-3,-0.21,0.17,2094,es ESP,"MF,DF",es La Liga,22.0,2002.0,14.3,4,0,0,16,17,6,85,9,13,0,"MF,DF",False,True,True,False,False,True,1288,22.0,0.9090909090909091,0.6293706293706294,1.1188811188811187,1.1888111888111887,0.2797202797202797,0.0,5.944055944055944,0.4195804195804196,False
1905,João Neves,pt POR,MF,Paris Saint-Germain,fr Ligue 1,20.0,2004.0,21,13,1287,14.3,5,1,6,5,0,0,0,0,0.42,,,,,,,,,,,,,,,,,,,,,,,,,1905,pt POR,MF,fr Ligue 1,20.0,2004.0,14.3,5,27,6,22.2,1.89,0.42,0.19,0.83,0,0,2358,pt POR,MF,fr Ligue 1,20.0,2004.0,21,1287,61,42.1,14.3,13,80.0,7,8,31.0,2,2.38,35,14,21,1.47,0.25,1905,pt POR,MF,fr Ligue 1,20.0,2004.0,14.3,0,0,0,13,13,0,4,6,14,0,MF,False,False,True,False,True,False,1287,20.0,0.979020979020979,0.4195804195804196,0.9090909090909091,0.9090909090909091,0.0,0.0,0.2797202797202797,0.0,False
2113,Rayan Philippe,fr FRA,"FW,MF",Hamburger SV,de Bundesliga,24.0,2000.0,28,13,1285,14.3,5,0,5,5,0,1,2,0,0.35,,,,,,,,,,,,,,,,,,,,,,,,,2113,fr FRA,"FW,MF",de Bundesliga,24.0,2000.0,14.3,5,39,16,41.0,2.73,1.12,0.13,0.31,0,1,2617,fr FRA,"FW,MF",de Bundesliga,24.0,2000.0,28,1285,46,42.0,14.3,13,73.0,1,15,22.0,4,1.0,15,17,-2,-0.14,0.47,2113,fr FRA,"FW,MF",de Bundesliga,24.0,2000.0,14.3,2,0,0,24,9,2,31,3,13,0,"FW,MF",False,False,True,True,False,True,1285,24.0,0.9090909090909091,0.2097902097902098,1.6783216783216783,0.6293706293706294,0.13986013986013984,0.0,2.167832167832168,0.13986013986013984,False
1639,Marius Marin,ro ROU,MF,Pisa,it Serie A,26.0,1998.0,23,18,1281,14.2,0,0,0,0,0,0,7,0,0.0,,,,,,,,,,,,,,,,,,,,,,,,,1639,ro ROU,MF,it Serie A,26.0,1998.0,14.2,0,3,0,0.0,0.21,0.0,0.0,,0,0,2023,ro ROU,MF,it Serie A,26.0,1998.0,23,1281,56,37.5,14.2,18,66.0,4,5,19.0,6,0.65,7,22,-15,-1.05,0.21,1639,ro ROU,MF,it Serie A,26.0,1998.0,14.2,7,0,0,36,20,0,18,14,26,0,MF,False,False,True,False,True,False,1281,26.0,1.8309859154929577,0.9859154929577465,2.535211267605634,1.4084507042253522,0.49295774647887325,0.0,1.267605633802817,0.0,False
2810,Alessandro Zanoli,it ITA,MF,Udinese,it Serie A,24.0,2000.0,19,16,1280,14.2,1,2,3,1,0,0,1,0,0.21,,,,,,,,,,,,,,,,,,,,,,,,,2810,it ITA,MF,it Serie A,24.0,2000.0,14.2,1,3,1,33.3,0.21,0.07,0.33,1.0,0,0,3501,it ITA,MF,it Serie A,24.0,2000.0,19,1280,67,37.4,14.2,16,75.0,1,3,26.0,1,1.16,16,18,-2,-0.14,-0.1,2810,it ITA,MF,it Serie A,24.0,2000.0,14.2,1,0,0,16,5,1,40,7,18,0,MF,False,False,True,False,True,False,1280,24.0,1.267605633802817,0.49295774647887325,1.1267605633802817,0.35211267605633806,0.07042253521126761,0.0,2.8169014084507045,0.07042253521126761,False
2201,Alejandro Rego,es ESP,MF,Athletic Club,es La Liga,22.0,2003.0,29,11,1279,14.2,1,1,2,1,0,0,6,0,0.14,,,,,,,,,,,,,,,,,,,,,,,,,2201,es ESP,MF,es La Liga,22.0,2003.0,14.2,1,12,3,25.0,0.84,0.21,0.08,0.33,0,0,2737,es ESP,MF,es La Liga,22.0,2003.0,29,1279,44,37.4,14.2,11,76.0,5,18,25.0,7,1.31,20,23,-3,-0.21,0.29,2201,es ESP,MF,es La Liga,22.0,2003.0,14.2,6,0,0,40,6,0,6,21,20,0,MF,False,False,True,False,True,False,1279,22.0,1.4084507042253522,1.4788732394366197,2.8169014084507045,0.4225352112676057,0.4225352112676057,0.0,0.4225352112676057,0.0,False
166,Dehmaine Assoumani,fr FRA,MF,Nantes,fr Ligue 1,20.0,2005.0,27,14,1276,14.2,1,0,1,1,0,0,5,0,0.07,,,,,,,,,,,,,,,,,,,,,,,,,166,fr FRA,MF,fr Ligue 1,20.0,2005.0,14.2,1,29,7,24.1,2.05,0.49,0.03,0.14,0,0,204,fr FRA,MF,fr Ligue 1,20.0,2005.0,27,1276,47,41.7,14.2,14,74.0,2,13,19.0,1,0.7,14,19,-5,-0.35,0.56,166,fr FRA,MF,fr Ligue 1,20.0,2005.0,14.2,5,0,0,23,20,0,88,16,18,0,MF,False,False,True,False,True,False,1276,20.0,1.267605633802817,1.1267605633802817,1.619718309859155,1.4084507042253522,0.35211267605633806,0.0,6.19718309859155,0.0,False
2564,Loum Tchaouna,fr FRA,"MF,FW",Burnley,eng Premier League,21.0,2003.0,29,14,1272,14.1,2,1,3,2,0,0,2,0,0.21,,,,,,,,,,,,,,,,,,,,,,,,,2564,fr FRA,"MF,FW",eng Premier League,21.0,2003.0,14.1,2,23,9,39.1,1.63,0.64,0.09,0.22,0,0,3206,fr FRA,"MF,FW",eng Premier League,21.0,2003.0,29,1272,44,37.2,14.1,14,71.0,2,15,18.0,9,0.41,13,24,-11,-0.78,0.31,2564,fr FRA,"MF,FW",eng Premier League,21.0,2003.0,14.1,2,0,0,12,16,1,34,2,9,0,"MF,FW",False,False,True,True,False,True,1272,21.0,0.6382978723404256,0.14184397163120568,0.851063829787234,1.1347517730496455,0.14184397163120568,0.0,2.4113475177304964,0.07092198581560284,False
1043,Lucas Gourna-Douath,fr FRA,MF,Le Havre,fr Ligue 1,21.0,2003.0,15,14,1272,14.1,0,0,0,0,0,0,5,0,0.0,,,,,,,,,,,,,,,,,,,,,,,,,1043,fr FRA,MF,fr Ligue 1,21.0,2003.0,14.1,0,9,2,22.2,0.64,0.14,0.0,0.0,0,0,1292,fr FRA,MF,fr Ligue 1,21.0,2003.0,15,1272,85,41.6,14.1,14,88.0,10,1,45.0,0,0.87,11,18,-7,-0.5,-0.24,1043,fr FRA,MF,fr Ligue 1,21.0,2003.0,14.1,5,0,0,24,35,2,5,15,12,0,MF,False,False,True,False,True,False,1272,21.0,0.851063829787234,1.0638297872340425,1.702127659574468,2.4822695035460995,0.3546099290780142,0.0,0.3546099290780142,0.14184397163120568,False
666,Pape Demba Diop,sn SEN,MF,Toulouse,fr Ligue 1,21.0,2003.0,16,14,1271,14.1,1,2,3,1,0,0,2,0,0.21,,,,,,,,,,,,,,,,,,,,,,,,,666,sn SEN,MF,fr Ligue 1,21.0,2003.0,14.1,1,29,11,37.9,2.05,0.78,0.03,0.09,0,0,825,sn SEN,MF,fr Ligue 1,21.0,2003.0,16,1271,79,41.5,14.1,14,85.0,7,2,38.0,0,1.13,17,21,-4,-0.28,-0.53,666,sn SEN,MF,fr Ligue 1,21.0,2003.0,14.1,2,0,0,15,17,0,15,31,20,0,MF,False,False,True,False,True,False,1271,21.0,1.4184397163120568,2.198581560283688,1.0638297872340425,1.2056737588652482,0.14184397163120568,0.0,1.0638297872340425,0.0,False
2535,Williot Swedberg,se SWE,"FW,MF",Celta Vigo,es La Liga,21.0,2004.0,29,13,1270,14.1,5,5,10,5,0,0,2,0,0.71,,,,,,,,,,,,,,,,,,,,,,,,,2535,se SWE,"FW,MF",es La Liga,21.0,2004.0,14.1,5,23,12,52.2,1.63,0.85,0.22,0.42,0,0,3170,se SWE,"FW,MF",es La Liga,21.0,2004.0,29,1270,44,37.1,14.1,13,63.0,0,16,28.0,2,1.45,19,16,3,0.21,0.13,2535,se SWE,"FW,MF",es La Liga,21.0,2004.0,14.1,2,0,0,30,34,6,8,4,17,0,"FW,MF",False,False,True,True,False,True,1270,21.0,1.2056737588652482,0.28368794326241137,2.127659574468085,2.4113475177304964,0.14184397163120568,0.0,0.5673758865248227,0.425531914893617,False
967,Alejandro Garnacho,ar ARG,MF,Chelsea,eng Premier League,21.0,2004.0,24,14,1268,14.1,1,4,5,1,0,0,2,0,0.35,,,,,,,,,,,,,,,,,,,,,,,,,967,ar ARG,MF,eng Premier League,21.0,2004.0,14.1,1,33,7,21.2,2.34,0.5,0.03,0.14,0,0,1197,ar ARG,MF,eng Premier League,21.0,2004.0,24,1268,53,37.1,14.1,14,68.0,4,10,31.0,9,1.46,20,20,0,0.0,-0.25,967,ar ARG,MF,eng Premier League,21.0,2004.0,14.1,2,0,0,9,23,2,61,4,13,0,MF,False,False,True,False,True,False,1268,21.0,0.9219858156028369,0.28368794326241137,0.6382978723404256,1.6312056737588654,0.14184397163120568,0.0,4.326241134751773,0.14184397163120568,False
2150,Matteo Prati,it ITA,MF,Cagliari,it Serie A,21.0,2003.0,20,15,1268,14.1,1,0,1,1,0,0,4,0,0.07,,,,,,,,,,,,,,,,,,,,,,,,,2150,it ITA,MF,it Serie A,21.0,2003.0,14.1,1,19,1,5.3,1.35,0.07,0.05,1.0,0,0,2668,it ITA,MF,it Serie A,21.0,2003.0,20,1268,63,37.1,14.1,15,74.0,5,5,30.0,2,1.05,13,20,-7,-0.5,-0.25,2150,it ITA,MF,it Serie A,21.0,2003.0,14.1,4,0,0,17,3,0,13,15,12,0,MF,False,False,True,False,True,False,1268,21.0,0.851063829787234,1.0638297872340425,1.2056737588652482,0.2127659574468085,0.28368794326241137,0.0,0.9219858156028369,0.0,False
2359,Andrey Santos,br BRA,MF,Chelsea,eng Premier League,21.0,2004.0,27,13,1260,14.0,1,0,1,1,0,0,4,0,0.07,,,,,,,,,,,,,,,,,,,,,,,,,2359,br BRA,MF,eng Premier League,21.0,2004.0,14.0,1,11,2,18.2,0.79,0.14,0.09,0.5,0,0,2932,br BRA,MF,eng Premier League,21.0,2004.0,27,1260,47,36.8,14.0,13,71.0,4,14,24.0,10,1.48,21,18,3,0.21,0.09,2359,br BRA,MF,eng Premier League,21.0,2004.0,14.0,4,0,0,13,22,1,2,18,21,0,MF,False,False,True,False,True,False,1260,21.0,1.5,1.2857142857142858,0.9285714285714286,1.5714285714285714,0.2857142857142857,0.0,0.14285714285714285,0.07142857142857142,False
1860,Junior Mwanga,fr FRA,MF,Nantes,fr Ligue 1,22.0,2003.0,15,15,1260,14.0,1,1,2,1,0,0,2,1,0.14,,,,,,,,,,,,,,,,,,,,,,,,,1860,fr FRA,MF,fr Ligue 1,22.0,2003.0,14.0,1,9,3,33.3,0.64,0.21,0.11,0.33,0,0,2300,fr FRA,MF,fr Ligue 1,22.0,2003.0,15,1260,84,41.2,14.0,15,84.0,12,0,,0,0.73,15,27,-12,-0.86,-0.31,1860,fr FRA,MF,fr Ligue 1,22.0,2003.0,14.0,2,1,0,15,14,0,5,8,14,0,MF,False,False,True,False,True,False,1260,22.0,1.0,0.5714285714285714,1.0714285714285714,1.0,0.14285714285714285,0.07142857142857142,0.35714285714285715,0.0,False
2808,Andre-Frank Zambo Anguissa,cm CMR,MF,Napoli,it Serie A,29.0,1995.0,18,14,1258,14.0,4,1,5,4,0,0,1,0,0.36,,,,,,,,,,,,,,,,,,,,,,,,,2808,cm CMR,MF,it Serie A,29.0,1995.0,14.0,4,23,9,39.1,1.65,0.64,0.17,0.44,0,0,3499,cm CMR,MF,it Serie A,29.0,1995.0,18,1258,70,36.8,14.0,14,81.0,11,4,31.0,4,2.0,18,14,4,0.29,-0.46,2808,cm CMR,MF,it Serie A,29.0,1995.0,14.0,1,0,0,18,18,0,15,13,14,0,MF,False,False,True,False,True,False,1258,29.0,1.0,0.9285714285714286,1.2857142857142858,1.2857142857142858,0.07142857142857142,0.0,1.0714285714285714,0.0,False
2713,Carlos Vicente,es ESP,MF,Alavés,es La Liga,26.0,1999.0,21,11,1258,14.0,5,0,5,2,3,3,1,0,0.14,,,,,,,,,,,,,,,,,,,,,,,,,2713,es ESP,MF,es La Liga,26.0,1999.0,14.0,5,12,6,50.0,0.86,0.43,0.17,0.33,3,3,3382,es ESP,MF,es La Liga,26.0,1999.0,21,1258,60,36.8,14.0,11,79.0,6,10,39.0,0,1.05,12,19,-7,-0.5,-0.29,2713,es ESP,MF,es La Liga,26.0,1999.0,14.0,1,0,0,12,42,10,128,7,18,0,MF,False,False,True,False,True,False,1258,26.0,1.2857142857142858,0.5,0.8571428571428571,3.0,0.07142857142857142,0.0,9.142857142857142,0.7142857142857143,False
1478,Thomas Lemar,fr FRA,MF,Girona,es La Liga,29.0,1995.0,27,14,1258,14.0,3,1,4,3,0,0,4,0,0.29,,,,,,,,,,,,,,,,,,,,,,,,,1478,fr FRA,MF,es La Liga,29.0,1995.0,14.0,3,17,8,47.1,1.22,0.57,0.18,0.38,0,0,1825,fr FRA,MF,es La Liga,29.0,1995.0,27,1258,47,36.8,14.0,14,69.0,1,13,22.0,2,1.0,15,16,-1,-0.07,0.55,1478,fr FRA,MF,es La Liga,29.0,1995.0,14.0,4,0,0,19,20,0,56,5,15,0,MF,False,False,True,False,True,False,1258,29.0,1.0714285714285714,0.35714285714285715,1.3571428571428572,1.4285714285714286,0.2857142857142857,0.0,4.0,0.0,False
705,Brahim Díaz,ma MAR,"MF,FW",Real Madrid,es La Liga,25.0,1999.0,30,13,1257,14.0,1,6,7,1,0,0,2,0,0.5,,,,,,,,,,,,,,,,,,,,,,,,,705,ma MAR,"MF,FW",es La Liga,25.0,1999.0,14.0,1,15,7,46.7,1.07,0.5,0.07,0.14,0,0,868,ma MAR,"MF,FW",es La Liga,25.0,1999.0,30,1257,42,36.8,14.0,13,70.0,0,17,20.0,5,2.33,22,11,11,0.79,-0.5,705,ma MAR,"MF,FW",es La Liga,25.0,1999.0,14.0,2,0,0,19,37,3,20,2,10,0,"MF,FW",False,False,True,True,False,True,1257,25.0,0.7142857142857143,0.14285714285714285,1.3571428571428572,2.642857142857143,0.14285714285714285,0.0,1.4285714285714286,0.21428571428571427,False
1873,Nikolas Nartey,dk DEN,MF,Stuttgart,de Bundesliga,25.0,2000.0,28,14,1256,14.0,4,3,7,4,0,0,2,0,0.5,,,,,,,,,,,,,,,,,,,,,,,,,1873,dk DEN,MF,de Bundesliga,25.0,2000.0,14.0,4,22,12,54.5,1.58,0.86,0.18,0.33,0,0,2315,dk DEN,MF,de Bundesliga,25.0,2000.0,28,1256,45,41.0,14.0,14,74.0,2,14,16.0,4,2.07,34,13,21,1.5,1.45,1873,dk DEN,MF,de Bundesliga,25.0,2000.0,14.0,2,0,0,18,23,1,14,10,12,0,MF,False,False,True,False,True,False,1256,25.0,0.8571428571428571,0.7142857142857143,1.2857142857142858,1.6428571428571428,0.14285714285714285,0.0,1.0,0.07142857142857142,False
665,Olivier Deman,be BEL,"DF,MF",Werder Bremen,de Bundesliga,25.0,2000.0,16,14,1254,13.9,1,2,3,1,0,0,3,0,0.22,,,,,,,,,,,,,,,,,,,,,,,,,665,be BEL,"DF,MF",de Bundesliga,25.0,2000.0,13.9,1,10,3,30.0,0.72,0.22,0.1,0.33,0,0,824,be BEL,"DF,MF",de Bundesliga,25.0,2000.0,16,1254,78,41.0,13.9,14,86.0,12,2,28.0,4,0.88,15,21,-6,-0.43,0.42,665,be BEL,"DF,MF",de Bundesliga,25.0,2000.0,13.9,3,0,0,19,12,3,63,10,26,0,"DF,MF",False,True,True,False,False,True,1254,25.0,1.870503597122302,0.7194244604316546,1.3669064748201438,0.8633093525179856,0.2158273381294964,0.0,4.532374100719425,0.2158273381294964,False
687,Boulaye Dia,sn SEN,"FW,MF",Lazio,it Serie A,28.0,1996.0,27,14,1253,13.9,1,2,3,1,0,0,1,0,0.22,,,,,,,,,,,,,,,,,,,,,,,,,687,sn SEN,"FW,MF",it Serie A,28.0,1996.0,13.9,1,12,7,58.3,0.86,0.5,0.08,0.14,0,0,847,sn SEN,"FW,MF",it Serie A,28.0,1996.0,27,1253,46,36.6,13.9,14,70.0,2,13,21.0,5,1.44,14,11,3,0.22,0.3,687,sn SEN,"FW,MF",it Serie A,28.0,1996.0,13.9,1,0,0,19,14,4,0,3,7,0,"FW,MF",False,False,True,True,False,True,1253,28.0,0.5035971223021583,0.2158273381294964,1.3669064748201438,1.0071942446043165,0.07194244604316546,0.0,0.0,0.28776978417266186,False
1589,Frank Magri,cm CMR,"FW,MF",Toulouse,fr Ligue 1,25.0,1999.0,17,16,1253,13.9,5,1,6,5,0,1,3,0,0.43,,,,,,,,,,,,,,,,,,,,,,,,,1589,cm CMR,"FW,MF",fr Ligue 1,25.0,1999.0,13.9,5,33,12,36.4,2.37,0.86,0.15,0.42,0,1,1964,cm CMR,"FW,MF",fr Ligue 1,25.0,1999.0,17,1253,74,40.9,13.9,16,77.0,3,1,28.0,0,1.53,18,17,1,0.07,0.07,1589,cm CMR,"FW,MF",fr Ligue 1,25.0,1999.0,13.9,3,0,0,28,22,3,15,3,3,0,"FW,MF",False,False,True,True,False,True,1253,25.0,0.2158273381294964,0.2158273381294964,2.014388489208633,1.5827338129496402,0.2158273381294964,0.0,1.079136690647482,0.2158273381294964,False
1177,Mathias Honsak,at AUT,"MF,FW",Heidenheim,de Bundesliga,28.0,1996.0,27,15,1249,13.9,2,1,3,2,0,0,1,0,0.22,,,,,,,,,,,,,,,,,,,,,,,,,1177,at AUT,"MF,FW",de Bundesliga,28.0,1996.0,13.9,2,31,8,25.8,2.23,0.58,0.06,0.25,0,0,1454,at AUT,"MF,FW",de Bundesliga,28.0,1996.0,27,1249,46,40.8,13.9,15,67.0,1,12,20.0,2,0.63,11,30,-19,-1.37,-0.77,1177,at AUT,"MF,FW",de Bundesliga,28.0,1996.0,13.9,1,0,0,11,15,9,25,17,12,0,"MF,FW",False,False,True,True,False,True,1249,28.0,0.8633093525179856,1.223021582733813,0.7913669064748201,1.079136690647482,0.07194244604316546,0.0,1.7985611510791366,0.6474820143884892,False
268,Jean-Ricner Bellegarde,ht HAI,"MF,FW",Wolves,eng Premier League,27.0,1998.0,26,15,1248,13.9,1,1,2,1,0,0,5,0,0.14,,,,,,,,,,,,,,,,,,,,,,,,,268,ht HAI,"MF,FW",eng Premier League,27.0,1998.0,13.9,1,21,7,33.3,1.51,0.5,0.05,0.14,0,0,332,ht HAI,"MF,FW",eng Premier League,27.0,1998.0,26,1248,48,36.5,13.9,15,68.0,1,11,21.0,2,0.46,10,30,-20,-1.44,-0.57,268,ht HAI,"MF,FW",eng Premier League,27.0,1998.0,13.9,5,0,0,20,41,0,25,9,15,0,"MF,FW",False,False,True,True,False,True,1248,27.0,1.079136690647482,0.6474820143884892,1.4388489208633093,2.949640287769784,0.3597122302158273,0.0,1.7985611510791366,0.0,False
2000,Fredrik Oppegard,no NOR,"MF,DF",Auxerre,fr Ligue 1,22.0,2002.0,23,15,1246,13.8,0,0,0,0,0,0,1,1,0.0,,,,,,,,,,,,,,,,,,,,,,,,,2000,no NOR,"MF,DF",fr Ligue 1,22.0,2002.0,13.8,0,10,2,20.0,0.72,0.14,0.0,0.0,0,0,2476,no NOR,"MF,DF",fr Ligue 1,22.0,2002.0,23,1246,54,40.7,13.8,15,74.0,7,8,16.0,7,0.78,12,19,-7,-0.51,-0.36,2000,no NOR,"MF,DF",fr Ligue 1,22.0,2002.0,13.8,1,1,0,8,8,2,48,14,20,0,"MF,DF",False,True,True,False,False,True,1246,22.0,1.4492753623188406,1.0144927536231882,0.5797101449275363,0.5797101449275363,0.07246376811594203,0.07246376811594203,3.4782608695652173,0.14492753623188406,False
759,Fodé Doucouré,ml MLI,"MF,FW",Le Havre,fr Ligue 1,24.0,2001.0,26,15,1239,13.8,3,1,4,3,0,0,2,0,0.29,,,,,,,,,,,,,,,,,,,,,,,,,759,ml MLI,"MF,FW",fr Ligue 1,24.0,2001.0,13.8,3,20,8,40.0,1.45,0.58,0.15,0.38,0,0,930,ml MLI,"MF,FW",fr Ligue 1,24.0,2001.0,26,1239,48,40.5,13.8,15,66.0,0,11,23.0,5,0.96,19,19,0,0.0,0.59,759,ml MLI,"MF,FW",fr Ligue 1,24.0,2001.0,13.8,2,0,0,14,4,2,78,9,26,0,"MF,FW",False,False,True,True,False,True,1239,24.0,1.8840579710144927,0.6521739130434783,1.0144927536231882,0.2898550724637681,0.14492753623188406,0.0,5.652173913043478,0.14492753623188406,False
2096,Francisco Perez,es ESP,"MF,FW",Rayo Vallecano,es La Liga,22.0,2002.0,29,12,1237,13.7,2,1,3,2,0,0,4,0,0.22,,,,,,,,,,,,,,,,,,,,,,,,,2096,es ESP,"MF,FW",es La Liga,22.0,2002.0,13.7,2,17,8,47.1,1.24,0.58,0.12,0.25,0,0,2597,es ESP,"MF,FW",es La Liga,22.0,2002.0,29,1237,43,36.2,13.7,12,65.0,0,17,27.0,6,1.17,14,17,-3,-0.22,-0.22,2096,es ESP,"MF,FW",es La Liga,22.0,2002.0,13.7,4,0,0,18,15,6,48,2,10,0,"MF,FW",False,False,True,True,False,True,1237,22.0,0.7299270072992701,0.14598540145985403,1.3138686131386863,1.094890510948905,0.29197080291970806,0.0,3.5036496350364965,0.43795620437956206,False
2175,Largie Ramazani,be BEL,"MF,FW",Valencia,es La Liga,24.0,2001.0,27,11,1234,13.7,6,1,7,3,3,3,4,0,0.29,,,,,,,,,,,,,,,,,,,,,,,,,2175,be BEL,"MF,FW",es La Liga,24.0,2001.0,13.7,6,51,19,37.3,3.72,1.39,0.06,0.16,3,3,2706,be BEL,"MF,FW",es La Liga,24.0,2001.0,27,1234,46,36.1,13.7,11,84.0,4,16,19.0,3,1.41,25,20,5,0.36,0.94,2175,be BEL,"MF,FW",es La Liga,24.0,2001.0,13.7,4,0,0,17,20,2,27,14,12,0,"MF,FW",False,False,True,True,False,True,1234,24.0,0.8759124087591241,1.0218978102189782,1.2408759124087592,1.4598540145985401,0.29197080291970806,0.0,1.9708029197080292,0.14598540145985403,False
1721,Hannibal Mejbri,tn TUN,MF,Burnley,eng Premier League,22.0,2003.0,27,15,1229,13.7,1,4,5,1,0,0,10,0,0.37,,,,,,,,,,,,,,,,,,,,,,,,,1721,tn TUN,MF,eng Premier League,22.0,2003.0,13.7,1,19,5,26.3,1.39,0.37,0.05,0.2,0,0,2126,tn TUN,MF,eng Premier League,22.0,2003.0,27,1229,46,35.9,13.7,15,70.0,3,12,15.0,2,0.74,16,27,-11,-0.81,0.26,1721,tn TUN,MF,eng Premier League,22.0,2003.0,13.7,10,0,0,23,46,3,30,7,17,0,MF,False,False,True,False,True,False,1229,22.0,1.2408759124087592,0.5109489051094891,1.6788321167883213,3.3576642335766427,0.7299270072992701,0.0,2.18978102189781,0.21897810218978103,False
1863,Joakim Mæhle,dk DEN,"MF,DF",Wolfsburg,de Bundesliga,28.0,1997.0,16,14,1222,13.6,1,2,3,1,0,0,1,0,0.22,,,,,,,,,,,,,,,,,,,,,,,,,1863,dk DEN,"MF,DF",de Bundesliga,28.0,1997.0,13.6,1,14,3,21.4,1.03,0.22,0.07,0.33,0,0,2303,dk DEN,"MF,DF",de Bundesliga,28.0,1997.0,16,1222,76,39.9,13.6,14,87.0,11,2,4.0,0,0.88,15,24,-9,-0.66,0.07,1863,dk DEN,"MF,DF",de Bundesliga,28.0,1997.0,13.6,1,0,0,8,6,0,21,20,22,0,"MF,DF",False,True,True,False,False,True,1222,28.0,1.6176470588235294,1.4705882352941178,0.5882352941176471,0.4411764705882353,0.07352941176470588,0.0,1.5441176470588236,0.0,False
829,Endrick,br BRA,"FW,MF",Lyon,fr Ligue 1,19.0,2006.0,16,14,1215,13.5,5,7,12,4,1,1,4,1,0.81,,,,,,,,,,,,,,,,,,,,,,,,,829,br BRA,"FW,MF",fr Ligue 1,19.0,2006.0,13.5,5,50,26,52.0,3.7,1.93,0.08,0.15,1,1,1016,br BRA,"FW,MF",fr Ligue 1,19.0,2006.0,16,1215,76,39.7,13.5,14,82.0,4,2,36.0,0,1.69,26,20,6,0.44,0.1,829,br BRA,"FW,MF",fr Ligue 1,19.0,2006.0,13.5,4,1,0,21,21,4,52,2,9,0,"FW,MF",False,False,True,True,False,True,1215,19.0,0.6666666666666666,0.14814814814814814,1.5555555555555556,1.5555555555555556,0.2962962962962963,0.07407407407407407,3.8518518518518516,0.2962962962962963,False
1584,Noni Madueke,eng ENG,"FW,MF",Arsenal,eng Premier League,23.0,2002.0,26,16,1211,13.5,3,1,4,3,0,0,0,0,0.3,,,,,,,,,,,,,,,,,,,,,,,,,1584,eng ENG,"FW,MF",eng Premier League,23.0,2002.0,13.5,3,25,9,36.0,1.86,0.67,0.12,0.33,0,0,1959,eng ENG,"FW,MF",eng Premier League,23.0,2002.0,26,1211,47,35.4,13.5,16,64.0,0,10,18.0,6,1.96,24,9,15,1.11,-0.07,1584,eng ENG,"FW,MF",eng Premier League,23.0,2002.0,13.5,0,0,0,15,15,4,80,5,10,0,"FW,MF",False,False,True,True,False,True,1211,23.0,0.7407407407407407,0.37037037037037035,1.1111111111111112,1.1111111111111112,0.0,0.0,5.925925925925926,0.2962962962962963,False
386,David Brooks,wls WAL,MF,Bournemouth,eng Premier League,28.0,1997.0,31,13,1204,13.4,1,3,4,1,0,0,7,0,0.3,,,,,,,,,,,,,,,,,,,,,,,,,386,wls WAL,MF,eng Premier League,28.0,1997.0,13.4,1,48,13,27.1,3.59,0.97,0.02,0.08,0,0,480,wls WAL,MF,eng Premier League,28.0,1997.0,31,1204,39,35.2,13.4,13,67.0,0,18,19.0,2,1.52,21,20,1,0.07,-0.05,386,wls WAL,MF,eng Premier League,28.0,1997.0,13.4,7,0,0,11,13,2,59,4,13,0,MF,False,False,True,False,True,False,1204,28.0,0.9701492537313433,0.29850746268656714,0.8208955223880596,0.9701492537313433,0.5223880597014925,0.0,4.402985074626866,0.14925373134328357,False
1437,Rémy Labeau Lascary,gp GLP,"MF,FW",Brest,fr Ligue 1,22.0,2003.0,27,12,1200,13.3,5,1,6,5,0,0,2,0,0.45,,,,,,,,,,,,,,,,,,,,,,,,,1437,gp GLP,"MF,FW",fr Ligue 1,22.0,2003.0,13.3,5,34,16,47.1,2.55,1.2,0.15,0.31,0,0,1768,gp GLP,"MF,FW",fr Ligue 1,22.0,2003.0,27,1200,44,39.2,13.3,12,70.0,3,15,24.0,0,1.33,18,21,-3,-0.23,0.21,1437,gp GLP,"MF,FW",fr Ligue 1,22.0,2003.0,13.3,2,0,0,29,18,9,12,4,11,0,"MF,FW",False,False,True,True,False,True,1200,22.0,0.8270676691729323,0.3007518796992481,2.180451127819549,1.3533834586466165,0.15037593984962405,0.0,0.9022556390977443,0.6766917293233082,False
2777,Jeong Woo-yeong,kr KOR,"MF,FW",Union Berlin,de Bundesliga,25.0,1999.0,28,13,1197,13.3,4,1,5,4,0,0,0,0,0.38,,,,,,,,,,,,,,,,,,,,,,,,,2777,kr KOR,"MF,FW",de Bundesliga,25.0,1999.0,13.3,4,22,8,36.4,1.65,0.6,0.18,0.5,0,0,3464,kr KOR,"MF,FW",de Bundesliga,25.0,1999.0,28,1197,43,39.1,13.3,13,69.0,2,15,20.0,2,1.21,16,22,-6,-0.45,-0.06,2777,kr KOR,"MF,FW",de Bundesliga,25.0,1999.0,13.3,0,0,0,13,20,4,31,8,7,0,"MF,FW",False,False,True,True,False,True,1197,25.0,0.5263157894736842,0.6015037593984962,0.9774436090225563,1.5037593984962405,0.0,0.0,2.3308270676691727,0.3007518796992481,False
29,Karim Adeyemi,de GER,"MF,FW",Dortmund,de Bundesliga,23.0,2002.0,28,15,1195,13.3,7,4,11,7,0,0,5,0,0.83,,,,,,,,,,,,,,,,,,,,,,,,,29,de GER,"MF,FW",de Bundesliga,23.0,2002.0,13.3,7,31,14,45.2,2.33,1.05,0.23,0.5,0,0,34,de GER,"MF,FW",de Bundesliga,23.0,2002.0,28,1195,43,39.1,13.3,15,69.0,0,13,12.0,1,2.29,27,14,13,0.98,-0.13,29,de GER,"MF,FW",de Bundesliga,23.0,2002.0,13.3,5,0,0,21,25,5,11,8,4,0,"MF,FW",False,False,True,True,False,True,1195,23.0,0.3007518796992481,0.6015037593984962,1.5789473684210527,1.8796992481203008,0.37593984962406013,0.0,0.8270676691729323,0.37593984962406013,False
1690,Christian Mawissa,fr FRA,"DF,MF",Monaco,fr Ligue 1,20.0,2005.0,18,13,1191,13.2,0,0,0,0,0,0,4,0,0.0,,,,,,,,,,,,,,,,,,,,,,,,,1690,fr FRA,"DF,MF",fr Ligue 1,20.0,2005.0,13.2,0,2,1,50.0,0.15,0.08,0.0,0.0,0,0,2084,fr FRA,"DF,MF",fr Ligue 1,20.0,2005.0,18,1191,66,38.9,13.2,13,82.0,9,5,26.0,2,1.78,23,22,1,0.08,-0.17,1690,fr FRA,"DF,MF",fr Ligue 1,20.0,2005.0,13.2,4,0,0,12,12,0,5,15,25,0,"DF,MF",False,True,True,False,False,True,1191,20.0,1.893939393939394,1.1363636363636365,0.9090909090909092,0.9090909090909092,0.30303030303030304,0.0,0.3787878787878788,0.0,False
2016,Patrick Osterhage,de GER,MF,Freiburg,de Bundesliga,25.0,2000.0,20,13,1189,13.2,1,0,1,1,0,0,4,0,0.08,,,,,,,,,,,,,,,,,,,,,,,,,2016,de GER,MF,de Bundesliga,25.0,2000.0,13.2,1,7,2,28.6,0.53,0.15,0.14,0.5,0,0,2494,de GER,MF,de Bundesliga,25.0,2000.0,20,1189,59,38.9,13.2,13,82.0,6,7,18.0,2,1.7,15,17,-2,-0.15,0.04,2016,de GER,MF,de Bundesliga,25.0,2000.0,13.2,4,0,0,13,13,2,9,15,7,0,MF,False,False,True,False,True,False,1189,25.0,0.5303030303030303,1.1363636363636365,0.9848484848484849,0.9848484848484849,0.30303030303030304,0.0,0.6818181818181819,0.15151515151515152,False
663,Fisayo Dele-Bashiru,ng NGA,MF,Lazio,it Serie A,24.0,2001.0,24,11,1187,13.2,1,0,1,1,0,0,0,0,0.08,,,,,,,,,,,,,,,,,,,,,,,,,663,ng NGA,MF,it Serie A,24.0,2001.0,13.2,1,9,2,22.2,0.68,0.15,0.11,0.5,0,0,818,ng NGA,MF,it Serie A,24.0,2001.0,24,1187,49,34.7,13.2,11,75.0,6,13,27.0,1,1.33,18,16,2,0.15,0.19,663,ng NGA,MF,it Serie A,24.0,2001.0,13.2,0,0,0,8,3,2,10,4,15,0,MF,False,False,True,False,True,False,1187,24.0,1.1363636363636365,0.30303030303030304,0.6060606060606061,0.2272727272727273,0.0,0.0,0.7575757575757576,0.15151515151515152,False
92,Sergi Altimira,es ESP,MF,Real Betis,es La Liga,23.0,2001.0,24,13,1186,13.2,1,2,3,1,0,0,3,0,0.23,,,,,,,,,,,,,,,,,,,,,,,,,92,es ESP,MF,es La Liga,23.0,2001.0,13.2,1,7,3,42.9,0.53,0.23,0.14,0.33,0,0,115,es ESP,MF,es La Liga,23.0,2001.0,24,1186,49,34.7,13.2,13,74.0,5,11,21.0,11,1.5,14,19,-5,-0.38,-1.02,92,es ESP,MF,es La Liga,23.0,2001.0,13.2,3,0,0,14,22,0,3,20,36,0,MF,False,False,True,False,True,False,1186,23.0,2.7272727272727275,1.5151515151515151,1.0606060606060606,1.6666666666666667,0.2272727272727273,0.0,0.2272727272727273,0.0,False
944,Conor Gallagher,eng ENG,MF,Tottenham Hotspur,eng Premier League,25.0,2000.0,16,14,1184,13.2,1,1,2,1,0,0,2,0,0.15,,,,,,,,,,,,,,,,,,,,,,,,,944,eng ENG,MF,eng Premier League,25.0,2000.0,13.2,1,11,4,36.4,0.84,0.3,0.09,0.25,0,0,1170,eng ENG,MF,eng Premier League,25.0,2000.0,16,1184,74,34.6,13.2,14,81.0,5,2,28.0,0,0.81,13,23,-10,-0.76,-0.8,944,eng ENG,MF,eng Premier League,25.0,2000.0,13.2,2,0,0,25,23,1,23,18,14,0,MF,False,False,True,False,True,False,1184,25.0,1.0606060606060606,1.3636363636363638,1.893939393939394,1.7424242424242424,0.15151515151515152,0.0,1.7424242424242424,0.07575757575757576,False
2208,Devyne Rensch,nl NED,MF,Roma,it Serie A,22.0,2003.0,24,12,1184,13.2,1,4,5,1,0,0,1,0,0.38,,,,,,,,,,,,,,,,,,,,,,,,,2208,nl NED,MF,it Serie A,22.0,2003.0,13.2,1,6,2,33.3,0.46,0.15,0.17,0.5,0,0,2744,nl NED,MF,it Serie A,22.0,2003.0,24,1184,49,34.6,13.2,12,79.0,5,12,20.0,12,2.08,21,15,6,0.46,-0.43,2208,nl NED,MF,it Serie A,22.0,2003.0,13.2,1,0,0,6,18,3,22,16,15,0,MF,False,False,True,False,True,False,1184,22.0,1.1363636363636365,1.2121212121212122,0.4545454545454546,1.3636363636363638,0.07575757575757576,0.0,1.6666666666666667,0.2272727272727273,False
750,Nicolás Domínguez,ar ARG,MF,Nottingham Forest,eng Premier League,27.0,1998.0,27,17,1175,13.1,1,1,2,1,0,0,3,0,0.15,,,,,,,,,,,,,,,,,,,,,,,,,750,ar ARG,MF,eng Premier League,27.0,1998.0,13.1,1,18,5,27.8,1.38,0.38,0.06,0.2,0,0,919,ar ARG,MF,eng Premier League,27.0,1998.0,27,1175,44,34.4,13.1,17,60.0,1,10,15.0,4,1.26,15,19,-4,-0.31,-0.35,750,ar ARG,MF,eng Premier League,27.0,1998.0,13.1,3,0,0,16,11,0,14,6,30,0,MF,False,False,True,False,True,False,1175,27.0,2.290076335877863,0.4580152671755725,1.2213740458015268,0.8396946564885497,0.22900763358778625,0.0,1.0687022900763359,0.0,False
1888,Dan Ndoye,ch SUI,MF,Nottingham Forest,eng Premier League,24.0,2000.0,24,14,1173,13.0,1,1,2,1,0,0,1,0,0.15,,,,,,,,,,,,,,,,,,,,,,,,,1888,ch SUI,MF,eng Premier League,24.0,2000.0,13.0,1,15,4,26.7,1.15,0.31,0.07,0.25,0,0,2337,ch SUI,MF,eng Premier League,24.0,2000.0,24,1173,49,34.3,13.0,14,71.0,3,10,18.0,5,1.08,15,17,-2,-0.15,-0.11,1888,ch SUI,MF,eng Premier League,24.0,2000.0,13.0,1,0,0,16,22,9,41,10,11,0,MF,False,False,True,False,True,False,1173,24.0,0.8461538461538461,0.7692307692307693,1.2307692307692308,1.6923076923076923,0.07692307692307693,0.0,3.1538461538461537,0.6923076923076923,False
2144,Freddie Potts,eng ENG,MF,West Ham United,eng Premier League,21.0,2003.0,22,12,1171,13.0,0,1,1,0,0,0,1,0,0.08,,,,,,,,,,,,,,,,,,,,,,,,,2144,eng ENG,MF,eng Premier League,21.0,2003.0,13.0,0,3,1,33.3,0.23,0.08,0.0,0.0,0,0,2662,eng ENG,MF,eng Premier League,21.0,2003.0,22,1171,53,34.2,13.0,12,77.0,4,10,25.0,11,1.09,17,25,-8,-0.61,-0.17,2144,eng ENG,MF,eng Premier League,21.0,2003.0,13.0,1,0,0,15,14,0,34,16,18,0,MF,False,False,True,False,True,False,1171,21.0,1.3846153846153846,1.2307692307692308,1.1538461538461537,1.0769230769230769,0.07692307692307693,0.0,2.6153846153846154,0.0,False
1700,Samuel Mbangula,be BEL,"MF,FW",Werder Bremen,de Bundesliga,21.0,2004.0,26,12,1171,13.0,3,2,5,3,0,0,0,0,0.38,,,,,,,,,,,,,,,,,,,,,,,,,1700,be BEL,"MF,FW",de Bundesliga,21.0,2004.0,13.0,3,17,8,47.1,1.31,0.61,0.18,0.38,0,0,2098,be BEL,"MF,FW",de Bundesliga,21.0,2004.0,26,1171,45,38.3,13.0,12,72.0,1,14,22.0,3,0.85,15,22,-7,-0.54,0.22,1700,be BEL,"MF,FW",de Bundesliga,21.0,2004.0,13.0,0,0,0,4,23,4,23,3,10,0,"MF,FW",False,False,True,True,False,True,1171,21.0,0.7692307692307693,0.23076923076923078,0.3076923076923077,1.7692307692307692,0.0,0.0,1.7692307692307692,0.3076923076923077,False
1528,Fer López,es ESP,"MF,FW",Celta Vigo,es La Liga,21.0,2004.0,17,13,1170,13.0,1,1,2,1,0,0,3,0,0.15,,,,,,,,,,,,,,,,,,,,,,,,,1528,es ESP,"MF,FW",es La Liga,21.0,2004.0,13.0,1,13,5,38.5,1.0,0.38,0.08,0.2,0,0,1892,es ESP,"MF,FW",es La Liga,21.0,2004.0,17,1170,69,34.2,13.0,13,81.0,5,4,30.0,0,1.29,17,19,-2,-0.15,-0.43,1528,es ESP,"MF,FW",es La Liga,21.0,2004.0,13.0,3,0,0,24,18,1,18,6,11,0,"MF,FW",False,False,True,True,False,True,1170,21.0,0.8461538461538461,0.46153846153846156,1.8461538461538463,1.3846153846153846,0.23076923076923078,0.0,1.3846153846153846,0.07692307692307693,False
1714,Dwight McNeil,eng ENG,MF,Everton,eng Premier League,25.0,1999.0,22,14,1168,13.0,0,1,1,0,0,0,1,0,0.08,,,,,,,,,,,,,,,,,,,,,,,,,1714,eng ENG,MF,eng Premier League,25.0,1999.0,13.0,0,24,5,20.8,1.85,0.39,0.0,0.0,0,0,2118,eng ENG,MF,eng Premier League,25.0,1999.0,22,1168,53,34.2,13.0,14,76.0,3,8,13.0,14,1.45,14,9,5,0.39,0.7,1714,eng ENG,MF,eng Premier League,25.0,1999.0,13.0,1,0,0,11,7,2,40,10,16,0,MF,False,False,True,False,True,False,1168,25.0,1.2307692307692308,0.7692307692307693,0.8461538461538461,0.5384615384615384,0.07692307692307693,0.0,3.076923076923077,0.15384615384615385,False
896,Romano Floriani,it ITA,MF,Cremonese,it Serie A,22.0,2003.0,28,12,1168,13.0,0,1,1,0,0,0,2,0,0.08,,,,,,,,,,,,,,,,,,,,,,,,,896,it ITA,MF,it Serie A,22.0,2003.0,13.0,0,5,1,20.0,0.39,0.08,0.0,0.0,0,0,1108,it ITA,MF,it Serie A,22.0,2003.0,28,1168,42,34.2,13.0,12,71.0,3,16,20.0,8,0.75,13,23,-10,-0.77,-0.17,896,it ITA,MF,it Serie A,22.0,2003.0,13.0,2,0,0,21,5,2,29,6,14,0,MF,False,False,True,False,True,False,1168,22.0,1.0769230769230769,0.46153846153846156,1.6153846153846154,0.38461538461538464,0.15384615384615385,0.0,2.230769230769231,0.15384615384615385,False
720,Junior Dina Ebimbe,cm CMR,MF,Brest,fr Ligue 1,24.0,2000.0,27,15,1165,12.9,5,0,5,5,0,0,3,0,0.39,,,,,,,,,,,,,,,,,,,,,,,,,720,cm CMR,MF,fr Ligue 1,24.0,2000.0,12.9,5,27,9,33.3,2.09,0.7,0.19,0.56,0,0,885,cm CMR,MF,fr Ligue 1,24.0,2000.0,27,1165,43,38.1,12.9,15,66.0,1,12,14.0,2,1.04,15,21,-6,-0.46,-0.18,720,cm CMR,MF,fr Ligue 1,24.0,2000.0,12.9,3,0,0,22,15,3,4,6,16,0,MF,False,False,True,False,True,False,1165,24.0,1.2403100775193798,0.46511627906976744,1.7054263565891472,1.1627906976744187,0.23255813953488372,0.0,0.31007751937984496,0.23255813953488372,False
531,Sidiki Cherif,fr FRA,"FW,MF",Angers,fr Ligue 1,18.0,2006.0,19,14,1157,12.9,4,0,4,4,0,0,3,0,0.31,,,,,,,,,,,,,,,,,,,,,,,,,531,fr FRA,"FW,MF",fr Ligue 1,18.0,2006.0,12.9,4,28,12,42.9,2.18,0.93,0.14,0.33,0,0,657,fr FRA,"FW,MF",fr Ligue 1,18.0,2006.0,19,1157,61,37.8,12.9,14,70.0,2,5,36.0,0,1.21,13,16,-3,-0.23,0.52,531,fr FRA,"FW,MF",fr Ligue 1,18.0,2006.0,12.9,3,0,0,15,16,11,6,6,3,0,"FW,MF",False,False,True,True,False,True,1157,18.0,0.23255813953488372,0.46511627906976744,1.1627906976744187,1.2403100775193798,0.23255813953488372,0.0,0.46511627906976744,0.8527131782945736,False
2661,Can Uzun,tr TUR,MF,Eintracht Frankfurt,de Bundesliga,19.0,2005.0,21,15,1156,12.8,8,4,12,7,1,1,3,0,0.86,,,,,,,,,,,,,,,,,,,,,,,,,2661,tr TUR,MF,de Bundesliga,19.0,2005.0,12.8,8,41,19,46.3,3.19,1.48,0.17,0.37,1,1,3322,tr TUR,MF,de Bundesliga,19.0,2005.0,21,1156,55,37.8,12.8,15,68.0,2,6,23.0,2,1.19,28,27,1,0.08,0.31,2661,tr TUR,MF,de Bundesliga,19.0,2005.0,12.8,3,0,0,15,26,0,24,3,9,0,MF,False,False,True,False,True,False,1156,19.0,0.703125,0.234375,1.171875,2.03125,0.234375,0.0,1.875,0.0,False
150,Adam Armstrong,eng ENG,"FW,MF",Wolves,eng Premier League,28.0,1997.0,14,14,1140,12.7,2,2,4,1,1,1,3,0,0.24,,,,,,,,,,,,,,,,,,,,,,,,,150,eng ENG,"FW,MF",eng Premier League,28.0,1997.0,12.7,2,18,6,33.3,1.42,0.47,0.06,0.17,1,1,184,eng ENG,"FW,MF",eng Premier League,28.0,1997.0,14,1140,81,33.3,12.7,14,81.0,7,0,,0,0.86,9,20,-11,-0.87,0.32,150,eng ENG,"FW,MF",eng Premier League,28.0,1997.0,12.7,3,0,0,12,3,5,5,1,4,0,"FW,MF",False,False,True,True,False,True,1140,28.0,0.31496062992125984,0.07874015748031496,0.9448818897637796,0.2362204724409449,0.2362204724409449,0.0,0.3937007874015748,0.3937007874015748,False
751,Jean-Luc Dompé,fr FRA,"FW,MF",Hamburger SV,de Bundesliga,29.0,1995.0,20,12,1138,12.6,3,0,3,2,1,1,0,0,0.16,,,,,,,,,,,,,,,,,,,,,,,,,751,fr FRA,"FW,MF",de Bundesliga,29.0,1995.0,12.6,3,25,12,48.0,1.98,0.95,0.08,0.17,1,1,920,fr FRA,"FW,MF",de Bundesliga,29.0,1995.0,20,1138,57,37.2,12.6,12,81.0,5,8,21.0,3,1.05,16,14,2,0.16,0.91,751,fr FRA,"FW,MF",de Bundesliga,29.0,1995.0,12.6,0,0,0,2,9,4,82,0,5,0,"FW,MF",False,False,True,True,False,True,1138,29.0,0.39682539682539686,0.0,0.15873015873015872,0.7142857142857143,0.0,0.0,6.507936507936508,0.31746031746031744,False
157,Arthur,br BRA,MF,Leverkusen,de Bundesliga,22.0,2003.0,20,13,1136,12.6,1,3,4,1,0,0,3,0,0.32,,,,,,,,,,,,,,,,,,,,,,,,,157,br BRA,MF,de Bundesliga,22.0,2003.0,12.6,1,10,2,20.0,0.79,0.16,0.1,0.5,0,0,193,br BRA,MF,de Bundesliga,22.0,2003.0,20,1136,57,37.1,12.6,13,73.0,7,7,26.0,3,1.8,25,18,7,0.55,-0.1,157,br BRA,MF,de Bundesliga,22.0,2003.0,12.6,3,0,0,19,10,3,33,18,12,0,MF,False,False,True,False,True,False,1136,22.0,0.9523809523809524,1.4285714285714286,1.507936507936508,0.7936507936507937,0.2380952380952381,0.0,2.619047619047619,0.2380952380952381,False
2643,Kareem Tunde,es ESP,MF,Levante,es La Liga,19.0,2005.0,21,17,1133,12.6,0,1,1,0,0,0,3,0,0.08,,,,,,,,,,,,,,,,,,,,,,,,,2643,es ESP,MF,es La Liga,19.0,2005.0,12.6,0,21,3,14.3,1.67,0.24,0.0,0.0,0,0,3301,es ESP,MF,es La Liga,19.0,2005.0,21,1133,54,33.1,12.6,17,64.0,2,4,11.0,0,1.38,15,20,-5,-0.4,-0.04,2643,es ESP,MF,es La Liga,19.0,2005.0,12.6,3,0,0,16,24,1,11,14,11,0,MF,False,False,True,False,True,False,1133,19.0,0.873015873015873,1.1111111111111112,1.2698412698412698,1.9047619047619049,0.2380952380952381,0.0,0.873015873015873,0.07936507936507936,False
1519,Ruben Loftus-Cheek,eng ENG,"MF,FW",Milan,it Serie A,29.0,1996.0,28,12,1133,12.6,3,1,4,3,0,0,2,0,0.32,,,,,,,,,,,,,,,,,,,,,,,,,1519,eng ENG,"MF,FW",it Serie A,29.0,1996.0,12.6,3,29,6,20.7,2.3,0.48,0.1,0.5,0,0,1880,eng ENG,"MF,FW",it Serie A,29.0,1996.0,28,1133,40,33.1,12.6,12,68.0,3,16,20.0,4,1.86,19,11,8,0.64,0.24,1519,eng ENG,"MF,FW",it Serie A,29.0,1996.0,12.6,2,0,0,23,19,1,10,5,8,0,"MF,FW",False,False,True,True,False,True,1133,29.0,0.6349206349206349,0.39682539682539686,1.8253968253968254,1.507936507936508,0.15873015873015872,0.0,0.7936507936507937,0.07936507936507936,False
2815,Bryan Zaragoza,es ESP,"FW,MF",Celta Vigo,es La Liga,23.0,2001.0,19,13,1131,12.6,1,1,2,0,1,1,1,0,0.08,,,,,,,,,,,,,,,,,,,,,,,,,2815,es ESP,"FW,MF",es La Liga,23.0,2001.0,12.6,1,26,12,46.2,2.07,0.95,0.0,0.0,1,1,3507,es ESP,"FW,MF",es La Liga,23.0,2001.0,19,1131,60,33.1,12.6,13,76.0,4,6,24.0,2,1.47,16,12,4,0.32,0.28,2815,es ESP,"FW,MF",es La Liga,23.0,2001.0,12.6,1,0,0,7,17,6,67,2,5,0,"FW,MF",False,False,True,True,False,True,1131,23.0,0.39682539682539686,0.15873015873015872,0.5555555555555556,1.3492063492063493,0.07936507936507936,0.0,5.317460317460317,0.4761904761904762,False
721,Eren Dinkçi,de GER,"MF,FW",Heidenheim,de Bundesliga,23.0,2001.0,14,13,1131,12.6,3,1,4,3,0,0,3,0,0.32,,,,,,,,,,,,,,,,,,,,,,,,,721,de GER,"MF,FW",de Bundesliga,23.0,2001.0,12.6,3,25,9,36.0,1.99,0.72,0.12,0.33,0,0,886,de GER,"MF,FW",de Bundesliga,23.0,2001.0,14,1131,81,37.0,12.6,13,85.0,7,1,28.0,0,0.93,22,24,-2,-0.16,1.19,721,de GER,"MF,FW",de Bundesliga,23.0,2001.0,12.6,3,0,0,9,4,0,22,5,13,0,"MF,FW",False,False,True,True,False,True,1131,23.0,1.0317460317460319,0.39682539682539686,0.7142857142857143,0.31746031746031744,0.2380952380952381,0.0,1.746031746031746,0.0,False
2291,Fabián Ruiz Peña,es ESP,MF,Paris Saint-Germain,fr Ligue 1,29.0,1996.0,20,13,1131,12.6,1,4,5,1,0,0,2,0,0.4,,,,,,,,,,,,,,,,,,,,,,,,,2291,es ESP,MF,fr Ligue 1,29.0,1996.0,12.6,1,19,4,21.1,1.51,0.32,0.05,0.25,0,0,2848,es ESP,MF,fr Ligue 1,29.0,1996.0,20,1131,57,37.0,12.6,13,74.0,6,7,24.0,0,2.3,26,12,14,1.11,-0.33,2291,es ESP,MF,fr Ligue 1,29.0,1996.0,12.6,2,0,0,2,3,2,21,17,11,0,MF,False,False,True,False,True,False,1131,29.0,0.873015873015873,1.3492063492063493,0.15873015873015872,0.2380952380952381,0.15873015873015872,0.0,1.6666666666666667,0.15873015873015872,False
1734,Khalis Merah,fr FRA,"MF,FW",Lyon,fr Ligue 1,18.0,2007.0,22,15,1130,12.6,0,1,1,0,0,0,2,0,0.08,,,,,,,,,,,,,,,,,,,,,,,,,1734,fr FRA,"MF,FW",fr Ligue 1,18.0,2007.0,12.6,0,6,3,50.0,0.48,0.24,0.0,0.0,0,0,2144,fr FRA,"MF,FW",fr Ligue 1,18.0,2007.0,22,1130,51,36.9,12.6,15,68.0,0,7,15.0,12,2.18,20,11,9,0.72,0.53,1734,fr FRA,"MF,FW",fr Ligue 1,18.0,2007.0,12.6,2,0,0,11,20,0,13,6,19,0,"MF,FW",False,False,True,True,False,True,1130,18.0,1.507936507936508,0.4761904761904762,0.873015873015873,1.5873015873015874,0.15873015873015872,0.0,1.0317460317460319,0.0,False
161,Kristjan Asllani,al ALB,MF,Torino,it Serie A,23.0,2002.0,15,13,1129,12.5,0,0,0,0,0,1,3,0,0.0,,,,,,,,,,,,,,,,,,,,,,,,,161,al ALB,MF,it Serie A,23.0,2002.0,12.5,0,20,4,20.0,1.59,0.32,0.0,0.0,0,1,198,al ALB,MF,it Serie A,23.0,2002.0,15,1129,75,33.0,12.5,13,82.0,5,2,29.0,4,1.27,13,20,-7,-0.56,-0.09,161,al ALB,MF,it Serie A,23.0,2002.0,12.5,3,0,0,7,14,0,52,12,14,0,MF,False,False,True,False,True,False,1129,23.0,1.12,0.96,0.56,1.12,0.24,0.0,4.16,0.0,False
2819,Jordan Zemura,zw ZIM,"MF,DF",Udinese,it Serie A,25.0,1999.0,17,13,1127,12.5,0,1,1,0,0,0,3,0,0.08,,,,,,,,,,,,,,,,,,,,,,,,,2819,zw ZIM,"MF,DF",it Serie A,25.0,1999.0,12.5,0,5,1,20.0,0.4,0.08,0.0,0.0,0,0,3513,zw ZIM,"MF,DF",it Serie A,25.0,1999.0,17,1127,66,33.0,12.5,13,81.0,8,4,19.0,8,1.12,14,16,-2,-0.16,-0.12,2819,zw ZIM,"MF,DF",it Serie A,25.0,1999.0,12.5,3,0,0,26,11,2,35,6,17,0,"MF,DF",False,True,True,False,False,True,1127,25.0,1.36,0.48,2.08,0.88,0.24,0.0,2.8,0.16,False
148,Jhon Arias,co COL,"FW,MF",Wolves,eng Premier League,27.0,1997.0,23,14,1124,12.5,1,0,1,1,0,0,1,0,0.08,,,,,,,,,,,,,,,,,,,,,,,,,148,co COL,"FW,MF",eng Premier League,27.0,1997.0,12.5,1,16,3,18.8,1.28,0.24,0.06,0.33,0,0,182,co COL,"FW,MF",eng Premier League,27.0,1997.0,23,1124,49,32.9,12.5,14,71.0,2,9,15.0,1,0.35,11,21,-10,-0.8,0.41,148,co COL,"FW,MF",eng Premier League,27.0,1997.0,12.5,1,0,0,26,9,3,30,7,27,0,"FW,MF",False,False,True,True,False,True,1124,27.0,2.16,0.56,2.08,0.72,0.08,0.0,2.4,0.24,False
2210,Elvis Rexhbeçaj,xk KVX,MF,Augsburg,de Bundesliga,27.0,1997.0,26,10,1118,12.4,2,0,2,2,0,0,4,0,0.16,,,,,,,,,,,,,,,,,,,,,,,,,2210,xk KVX,MF,de Bundesliga,27.0,1997.0,12.4,2,11,5,45.5,0.89,0.4,0.18,0.4,0,0,2746,xk KVX,MF,de Bundesliga,27.0,1997.0,26,1118,43,36.5,12.4,10,71.0,3,16,26.0,2,1.31,20,21,-1,-0.08,0.61,2210,xk KVX,MF,de Bundesliga,27.0,1997.0,12.4,4,0,0,13,16,1,16,4,8,0,MF,False,False,True,False,True,False,1118,27.0,0.6451612903225806,0.3225806451612903,1.0483870967741935,1.2903225806451613,0.3225806451612903,0.0,1.2903225806451613,0.08064516129032258,False
1969,Rafel Obrador,es ESP,MF,Torino,it Serie A,21.0,2004.0,16,14,1116,12.4,1,3,4,1,0,0,1,0,0.32,,,,,,,,,,,,,,,,,,,,,,,,,1969,es ESP,MF,it Serie A,21.0,2004.0,12.4,1,7,2,28.6,0.56,0.16,0.14,0.5,0,0,2430,es ESP,MF,it Serie A,21.0,2004.0,16,1116,70,32.6,12.4,14,77.0,4,2,23.0,0,1.38,18,20,-2,-0.16,0.5,1969,es ESP,MF,it Serie A,21.0,2004.0,12.4,1,0,0,7,5,1,58,12,8,0,MF,False,False,True,False,True,False,1116,21.0,0.6451612903225806,0.9677419354838709,0.564516129032258,0.4032258064516129,0.08064516129032258,0.0,4.67741935483871,0.08064516129032258,False
1271,Brennan Johnson,wls WAL,"MF,FW",Crystal Palace,eng Premier League,24.0,2001.0,18,13,1112,12.4,0,1,1,0,0,0,4,0,0.08,,,,,,,,,,,,,,,,,,,,,,,,,1271,wls WAL,"MF,FW",eng Premier League,24.0,2001.0,12.4,0,17,3,17.6,1.38,0.24,0.0,0.0,0,0,1561,wls WAL,"MF,FW",eng Premier League,24.0,2001.0,18,1112,62,32.5,12.4,13,76.0,4,5,24.0,1,1.0,7,19,-12,-0.97,-1.05,1271,wls WAL,"MF,FW",eng Premier League,24.0,2001.0,12.4,4,0,0,18,11,6,45,2,7,0,"MF,FW",False,False,True,True,False,True,1112,24.0,0.564516129032258,0.16129032258064516,1.4516129032258065,0.8870967741935484,0.3225806451612903,0.0,3.629032258064516,0.48387096774193544,False
2196,Rayan,br BRA,MF,Bournemouth,eng Premier League,18.0,2006.0,15,13,1111,12.3,5,2,7,5,0,0,1,0,0.57,,,,,,,,,,,,,,,,,,,,,,,,,2196,br BRA,MF,eng Premier League,18.0,2006.0,12.3,5,28,8,28.6,2.27,0.65,0.18,0.63,0,0,2731,br BRA,MF,eng Premier League,18.0,2006.0,15,1111,74,32.5,12.3,13,82.0,2,2,24.0,0,1.8,16,10,6,0.49,0.56,2196,br BRA,MF,eng Premier League,18.0,2006.0,12.3,1,0,0,9,6,1,24,8,6,0,MF,False,False,True,False,True,False,1111,18.0,0.4878048780487805,0.6504065040650406,0.7317073170731707,0.4878048780487805,0.08130081300813008,0.0,1.951219512195122,0.08130081300813008,False
2416,Suat Serdar,de GER,MF,Hellas Verona,it Serie A,28.0,1997.0,20,12,1108,12.3,2,0,2,2,0,0,3,0,0.16,,,,,,,,,,,,,,,,,,,,,,,,,2416,de GER,MF,it Serie A,28.0,1997.0,12.3,2,19,7,36.8,1.54,0.57,0.11,0.29,0,0,3004,de GER,MF,it Serie A,28.0,1997.0,20,1108,55,32.4,12.3,12,78.0,4,8,21.0,0,0.55,8,24,-16,-1.3,-0.52,2416,de GER,MF,it Serie A,28.0,1997.0,12.3,3,0,0,19,12,1,7,10,20,0,MF,False,False,True,False,True,False,1108,28.0,1.6260162601626016,0.8130081300813008,1.5447154471544715,0.975609756097561,0.24390243902439024,0.0,0.5691056910569106,0.08130081300813008,False
2322,Manolis Saliakas,gr GRE,MF,St Pauli,de Bundesliga,28.0,1996.0,17,12,1106,12.3,1,3,4,1,0,0,3,0,0.33,,,,,,,,,,,,,,,,,,,,,,,,,2322,gr GRE,MF,de Bundesliga,28.0,1996.0,12.3,1,16,3,18.8,1.3,0.24,0.06,0.33,0,0,2888,gr GRE,MF,de Bundesliga,28.0,1996.0,17,1106,65,36.1,12.3,12,81.0,4,5,27.0,8,1.12,12,21,-9,-0.73,0.28,2322,gr GRE,MF,de Bundesliga,28.0,1996.0,12.3,3,0,0,4,7,4,44,13,20,0,MF,False,False,True,False,True,False,1106,28.0,1.6260162601626016,1.056910569105691,0.3252032520325203,0.5691056910569106,0.24390243902439024,0.0,3.5772357723577235,0.3252032520325203,False
2596,Quinten Timber,nl NED,MF,Marseille,fr Ligue 1,24.0,2001.0,15,14,1105,12.3,0,0,0,0,0,0,4,0,0.0,,,,,,,,,,,,,,,,,,,,,,,,,2596,nl NED,MF,fr Ligue 1,24.0,2001.0,12.3,0,10,2,20.0,0.81,0.16,0.0,0.0,0,0,3243,nl NED,MF,fr Ligue 1,24.0,2001.0,15,1105,74,36.1,12.3,14,78.0,4,1,9.0,0,1.6,14,16,-2,-0.16,-1.08,2596,nl NED,MF,fr Ligue 1,24.0,2001.0,12.3,4,0,0,13,20,1,7,9,17,0,MF,False,False,True,False,True,False,1105,24.0,1.3821138211382114,0.7317073170731707,1.056910569105691,1.6260162601626016,0.3252032520325203,0.0,0.5691056910569106,0.08130081300813008,False
2366,Amin Sarr,se SWE,"FW,MF",Hellas Verona,it Serie A,24.0,2001.0,34,9,1102,12.2,0,1,1,0,0,0,2,1,0.08,,,,,,,,,,,,,,,,,,,,,,,,,2366,se SWE,"FW,MF",it Serie A,24.0,2001.0,12.2,0,19,6,31.6,1.55,0.49,0.0,0.0,0,0,2945,se SWE,"FW,MF",it Serie A,24.0,2001.0,34,1102,32,32.2,12.2,9,66.0,0,25,20.0,2,0.56,8,33,-25,-2.04,-1.61,2366,se SWE,"FW,MF",it Serie A,24.0,2001.0,12.2,2,1,1,25,22,7,12,4,9,0,"FW,MF",False,False,True,True,False,True,1102,24.0,0.7377049180327869,0.3278688524590164,2.0491803278688527,1.8032786885245902,0.1639344262295082,0.0819672131147541,0.9836065573770493,0.5737704918032788,False
1209,Jonathan Ikone,fr FRA,"MF,FW",Paris FC,fr Ligue 1,27.0,1998.0,23,13,1100,12.2,3,1,4,3,0,0,2,0,0.33,,,,,,,,,,,,,,,,,,,,,,,,,1209,fr FRA,"MF,FW",fr Ligue 1,27.0,1998.0,12.2,3,25,6,24.0,2.05,0.49,0.12,0.5,0,0,1489,fr FRA,"MF,FW",fr Ligue 1,27.0,1998.0,23,1100,48,35.9,12.2,13,68.0,1,10,22.0,2,1.26,15,11,4,0.33,0.65,1209,fr FRA,"MF,FW",fr Ligue 1,27.0,1998.0,12.2,2,0,0,13,18,3,7,5,15,0,"MF,FW",False,False,True,True,False,True,1100,27.0,1.2295081967213115,0.4098360655737705,1.0655737704918034,1.4754098360655739,0.1639344262295082,0.0,0.5737704918032788,0.24590163934426232,False
1608,Youssef Maleh,ma MAR,MF,Cremonese,it Serie A,26.0,1998.0,14,14,1100,12.2,1,0,1,1,0,0,2,1,0.08,,,,,,,,,,,,,,,,,,,,,,,,,1608,ma MAR,MF,it Serie A,26.0,1998.0,12.2,1,15,3,20.0,1.23,0.25,0.07,0.33,0,0,1983,ma MAR,MF,it Serie A,26.0,1998.0,14,1100,79,32.2,12.2,14,79.0,7,0,,0,0.71,9,22,-13,-1.06,-0.6,1608,ma MAR,MF,it Serie A,26.0,1998.0,12.2,2,1,0,27,10,0,41,9,11,0,MF,False,False,True,False,True,False,1100,26.0,0.9016393442622951,0.7377049180327869,2.2131147540983607,0.819672131147541,0.1639344262295082,0.0819672131147541,3.3606557377049184,0.0,False
2043,Exequiel Palacios,ar ARG,MF,Leverkusen,de Bundesliga,26.0,1998.0,18,12,1099,12.2,0,1,1,0,0,0,3,0,0.08,,,,,,,,,,,,,,,,,,,,,,,,,2043,ar ARG,MF,de Bundesliga,26.0,1998.0,12.2,0,10,2,20.0,0.82,0.16,0.0,0.0,0,0,2526,ar ARG,MF,de Bundesliga,26.0,1998.0,18,1099,61,35.9,12.2,12,81.0,8,6,21.0,1,1.89,27,17,10,0.82,0.31,2043,ar ARG,MF,de Bundesliga,26.0,1998.0,12.2,3,0,0,6,18,0,2,10,9,0,MF,False,False,True,False,True,False,1099,26.0,0.7377049180327869,0.819672131147541,0.49180327868852464,1.4754098360655739,0.24590163934426232,0.0,0.1639344262295082,0.0,False
165,Lorenz Assignon,tg TOG,"DF,MF",Stuttgart,de Bundesliga,25.0,2000.0,24,12,1094,12.2,0,0,0,0,0,0,3,1,0.0,,,,,,,,,,,,,,,,,,,,,,,,,165,tg TOG,"DF,MF",de Bundesliga,25.0,2000.0,12.2,0,12,4,33.3,0.99,0.33,0.0,0.0,0,0,202,tg TOG,"DF,MF",de Bundesliga,25.0,2000.0,24,1094,46,35.8,12.2,12,80.0,4,12,11.0,6,2.0,28,13,15,1.23,0.91,165,tg TOG,"DF,MF",de Bundesliga,25.0,2000.0,12.2,3,1,0,19,7,1,40,15,15,0,"DF,MF",False,True,True,False,False,True,1094,25.0,1.2295081967213115,1.2295081967213115,1.557377049180328,0.5737704918032788,0.24590163934426232,0.0819672131147541,3.278688524590164,0.0819672131147541,False
34,Amine Adli,ma MAR,MF,Bournemouth,eng Premier League,25.0,2000.0,31,10,1093,12.1,3,1,4,3,0,0,2,0,0.33,,,,,,,,,,,,,,,,,,,,,,,,,34,ma MAR,MF,eng Premier League,25.0,2000.0,12.1,3,20,9,45.0,1.65,0.74,0.15,0.33,0,0,39,ma MAR,MF,eng Premier League,25.0,2000.0,31,1093,35,32.0,12.1,10,73.0,2,21,17.0,6,1.48,18,17,1,0.08,-0.03,34,ma MAR,MF,eng Premier League,25.0,2000.0,12.1,2,0,0,29,23,5,39,6,17,0,MF,False,False,True,False,True,False,1093,25.0,1.4049586776859504,0.49586776859504134,2.396694214876033,1.9008264462809918,0.1652892561983471,0.0,3.2231404958677685,0.4132231404958678,False
861,Ansu Fati,es ESP,"MF,FW",Monaco,fr Ligue 1,22.0,2002.0,25,10,1093,12.1,11,0,11,8,3,4,1,0,0.66,,,,,,,,,,,,,,,,,,,,,,,,,861,es ESP,"MF,FW",fr Ligue 1,22.0,2002.0,12.1,11,43,24,55.8,3.54,1.98,0.19,0.33,3,4,1058,es ESP,"MF,FW",fr Ligue 1,22.0,2002.0,25,1093,44,35.7,12.1,10,71.0,2,15,26.0,1,1.64,27,23,4,0.33,0.24,861,es ESP,"MF,FW",fr Ligue 1,22.0,2002.0,12.1,1,0,0,9,6,3,8,2,9,0,"MF,FW",False,False,True,True,False,True,1093,22.0,0.7438016528925621,0.1652892561983471,0.7438016528925621,0.49586776859504134,0.08264462809917356,0.0,0.6611570247933884,0.24793388429752067,False
2004,Christian Ordoñez,ar ARG,MF,Parma,it Serie A,21.0,2004.0,28,12,1091,12.1,1,0,1,1,0,0,5,1,0.08,,,,,,,,,,,,,,,,,,,,,,,,,2004,ar ARG,MF,it Serie A,21.0,2004.0,12.1,1,10,2,20.0,0.82,0.16,0.1,0.5,0,0,2480,ar ARG,MF,it Serie A,21.0,2004.0,28,1091,39,31.9,12.1,12,67.0,3,16,18.0,9,1.29,9,14,-5,-0.41,0.09,2004,ar ARG,MF,it Serie A,21.0,2004.0,12.1,5,1,1,16,11,0,12,9,13,0,MF,False,False,True,False,True,False,1091,21.0,1.0743801652892562,0.7438016528925621,1.322314049586777,0.9090909090909092,0.4132231404958678,0.08264462809917356,0.9917355371900827,0.0,False
2079,Adrià Pedrosa,es ESP,"DF,MF",Elche,es La Liga,27.0,1998.0,26,8,1090,12.1,1,1,2,1,0,0,4,0,0.17,,,,,,,,,,,,,,,,,,,,,,,,,2079,es ESP,"DF,MF",es La Liga,27.0,1998.0,12.1,1,12,3,25.0,0.99,0.25,0.08,0.33,0,0,2573,es ESP,"DF,MF",es La Liga,27.0,1998.0,26,1090,42,31.9,12.1,8,82.0,3,18,24.0,7,1.04,17,27,-10,-0.83,-0.9,2079,es ESP,"DF,MF",es La Liga,27.0,1998.0,12.1,4,0,0,18,8,1,51,16,19,0,"DF,MF",False,True,True,False,False,True,1090,27.0,1.5702479338842976,1.322314049586777,1.4876033057851241,0.6611570247933884,0.3305785123966942,0.0,4.214876033057851,0.08264462809917356,False
1196,Oscar Højlund,dk DEN,MF,Eintracht Frankfurt,de Bundesliga,20.0,2005.0,24,12,1089,12.1,1,1,2,1,0,0,4,1,0.17,,,,,,,,,,,,,,,,,,,,,,,,,1196,dk DEN,MF,de Bundesliga,20.0,2005.0,12.1,1,7,3,42.9,0.58,0.25,0.14,0.33,0,0,1475,dk DEN,MF,de Bundesliga,20.0,2005.0,24,1089,45,35.6,12.1,12,71.0,0,12,20.0,4,1.21,15,23,-8,-0.66,-0.84,1196,dk DEN,MF,de Bundesliga,20.0,2005.0,12.1,4,1,1,27,5,1,2,7,17,0,MF,False,False,True,False,True,False,1089,20.0,1.4049586776859504,0.578512396694215,2.231404958677686,0.4132231404958678,0.3305785123966942,0.08264462809917356,0.1652892561983471,0.08264462809917356,False
1658,Gabriel Martinelli,br BRA,"FW,MF",Arsenal,eng Premier League,24.0,2001.0,30,11,1081,12.0,1,4,5,1,0,0,3,0,0.42,,,,,,,,,,,,,,,,,,,,,,,,,1658,br BRA,"FW,MF",eng Premier League,24.0,2001.0,12.0,1,29,13,44.8,2.41,1.08,0.03,0.08,0,0,2047,br BRA,"FW,MF",eng Premier League,24.0,2001.0,30,1081,36,31.6,12.0,11,64.0,2,19,20.0,6,2.2,22,8,14,1.17,0.01,1658,br BRA,"FW,MF",eng Premier League,24.0,2001.0,12.0,3,0,0,10,14,5,37,1,8,0,"FW,MF",False,False,True,True,False,True,1081,24.0,0.6666666666666666,0.08333333333333333,0.8333333333333334,1.1666666666666667,0.25,0.0,3.0833333333333335,0.4166666666666667,False
544,Samuel Chukwueze,ng NGA,MF,Fulham,eng Premier League,26.0,1999.0,23,10,1079,12.0,3,4,7,3,0,0,0,0,0.58,,,,,,,,,,,,,,,,,,,,,,,,,544,ng NGA,MF,eng Premier League,26.0,1999.0,12.0,3,25,7,28.0,2.09,0.58,0.12,0.43,0,0,672,ng NGA,MF,eng Premier League,26.0,1999.0,23,1079,47,31.5,12.0,10,75.0,2,13,26.0,1,1.17,18,21,-3,-0.25,-0.21,544,ng NGA,MF,eng Premier League,26.0,1999.0,12.0,0,0,0,5,12,3,43,6,4,0,MF,False,False,True,False,True,False,1079,26.0,0.3333333333333333,0.5,0.4166666666666667,1.0,0.0,0.0,3.5833333333333335,0.25,False
1580,Shuto Machino,jp JPN,"FW,MF",Gladbach,de Bundesliga,25.0,1999.0,32,9,1076,12.0,3,1,4,3,0,0,2,0,0.33,,,,,,,,,,,,,,,,,,,,,,,,,1580,jp JPN,"FW,MF",de Bundesliga,25.0,1999.0,12.0,3,25,11,44.0,2.09,0.92,0.12,0.27,0,0,1955,jp JPN,"FW,MF",de Bundesliga,25.0,1999.0,32,1076,34,35.2,12.0,9,79.0,2,23,16.0,1,1.16,13,32,-19,-1.59,-1.95,1580,jp JPN,"FW,MF",de Bundesliga,25.0,1999.0,12.0,2,0,0,14,11,9,10,3,5,0,"FW,MF",False,False,True,True,False,True,1076,25.0,0.4166666666666667,0.25,1.1666666666666667,0.9166666666666666,0.16666666666666666,0.0,0.8333333333333334,0.75,False
696,Assane Diao,sn SEN,MF,Como,it Serie A,19.0,2005.0,17,13,1075,11.9,2,1,3,2,0,0,2,0,0.25,,,,,,,,,,,,,,,,,,,,,,,,,696,sn SEN,MF,it Serie A,19.0,2005.0,11.9,2,31,10,32.3,2.6,0.84,0.06,0.2,0,0,858,sn SEN,MF,it Serie A,19.0,2005.0,17,1075,63,31.4,11.9,13,72.0,2,4,36.0,1,1.71,18,11,7,0.59,-0.53,696,sn SEN,MF,it Serie A,19.0,2005.0,11.9,2,0,0,15,39,3,27,4,5,0,MF,False,False,True,False,True,False,1075,19.0,0.42016806722689076,0.3361344537815126,1.2605042016806722,3.277310924369748,0.1680672268907563,0.0,2.26890756302521,0.25210084033613445,False
2335,Antonio Sánchez,es ESP,"MF,DF",Mallorca,es La Liga,28.0,1997.0,30,9,1073,11.9,0,0,0,0,0,0,5,1,0.0,,,,,,,,,,,,,,,,,,,,,,,,,2335,es ESP,"MF,DF",es La Liga,28.0,1997.0,11.9,0,6,3,50.0,0.5,0.25,0.0,0.0,0,0,2905,es ESP,"MF,DF",es La Liga,28.0,1997.0,30,1073,36,31.4,11.9,9,75.0,1,21,19.0,7,1.23,15,21,-6,-0.5,-0.35,2335,es ESP,"MF,DF",es La Liga,28.0,1997.0,11.9,5,1,1,16,10,1,29,16,12,0,"MF,DF",False,True,True,False,False,True,1073,28.0,1.0084033613445378,1.3445378151260503,1.3445378151260503,0.8403361344537815,0.42016806722689076,0.08403361344537814,2.436974789915966,0.08403361344537814,False
58,Tosin Aiyegun,bj BEN,"FW,MF",Lorient,fr Ligue 1,27.0,1998.0,27,11,1073,11.9,5,0,5,5,0,1,1,0,0.42,,,,,,,,,,,,,,,,,,,,,,,,,58,bj BEN,"FW,MF",fr Ligue 1,27.0,1998.0,11.9,5,30,12,40.0,2.52,1.01,0.17,0.42,0,1,68,bj BEN,"FW,MF",fr Ligue 1,27.0,1998.0,27,1073,40,35.1,11.9,11,68.0,1,16,20.0,3,1.04,13,16,-3,-0.25,-0.25,58,bj BEN,"FW,MF",fr Ligue 1,27.0,1998.0,11.9,1,0,0,11,13,3,6,1,5,0,"FW,MF",False,False,True,True,False,True,1073,27.0,0.42016806722689076,0.08403361344537814,0.9243697478991596,1.0924369747899159,0.08403361344537814,0.0,0.5042016806722689,0.25210084033613445,False
800,Marcus Edwards,eng ENG,"MF,FW",Burnley,eng Premier League,26.0,1998.0,23,11,1067,11.9,1,3,4,1,0,0,0,0,0.34,,,,,,,,,,,,,,,,,,,,,,,,,800,eng ENG,"MF,FW",eng Premier League,26.0,1998.0,11.9,1,23,6,26.1,1.94,0.51,0.04,0.17,0,0,983,eng ENG,"MF,FW",eng Premier League,26.0,1998.0,23,1067,46,31.2,11.9,11,79.0,2,12,16.0,12,0.48,14,18,-4,-0.34,0.92,800,eng ENG,"MF,FW",eng Premier League,26.0,1998.0,11.9,0,0,0,7,18,1,19,3,6,0,"MF,FW",False,False,True,True,False,True,1067,26.0,0.5042016806722689,0.25210084033613445,0.5882352941176471,1.5126050420168067,0.0,0.0,1.5966386554621848,0.08403361344537814,False
2482,Riccardo Sottil,it ITA,"FW,MF",Lecce,it Serie A,26.0,1999.0,21,13,1066,11.8,1,2,3,1,0,0,1,0,0.25,,,,,,,,,,,,,,,,,,,,,,,,,2482,it ITA,"FW,MF",it Serie A,26.0,1999.0,11.8,1,20,3,15.0,1.69,0.25,0.05,0.33,0,0,3100,it ITA,"FW,MF",it Serie A,26.0,1999.0,21,1066,51,31.2,11.8,13,66.0,0,8,25.0,4,0.86,6,14,-8,-0.68,-0.14,2482,it ITA,"FW,MF",it Serie A,26.0,1999.0,11.8,1,0,0,10,27,4,100,2,2,0,"FW,MF",False,False,True,True,False,True,1066,26.0,0.1694915254237288,0.1694915254237288,0.847457627118644,2.2881355932203387,0.0847457627118644,0.0,8.47457627118644,0.3389830508474576,False
1708,Pathé Mboup,sn SEN,MF,Brest,fr Ligue 1,21.0,2003.0,28,9,1054,11.7,1,0,1,1,0,0,6,0,0.09,,,,,,,,,,,,,,,,,,,,,,,,,1708,sn SEN,MF,fr Ligue 1,21.0,2003.0,11.7,1,23,10,43.5,1.96,0.85,0.04,0.1,0,0,2107,sn SEN,MF,fr Ligue 1,21.0,2003.0,28,1054,38,34.4,11.7,9,71.0,1,19,22.0,3,1.14,12,18,-6,-0.51,-0.24,1708,sn SEN,MF,fr Ligue 1,21.0,2003.0,11.7,6,0,0,34,19,5,11,12,18,0,MF,False,False,True,False,True,False,1054,21.0,1.5384615384615385,1.0256410256410258,2.9059829059829063,1.623931623931624,0.5128205128205129,0.0,0.9401709401709403,0.4273504273504274,False
335,Lamare Bogarde,nl NED,"MF,DF",Aston Villa,eng Premier League,21.0,2004.0,28,11,1053,11.7,0,0,0,0,0,0,5,0,0.0,,,,,,,,,,,,,,,,,,,,,,,,,335,nl NED,"MF,DF",eng Premier League,21.0,2004.0,11.7,0,0,0,,0.0,0.0,,,0,0,414,nl NED,"MF,DF",eng Premier League,21.0,2004.0,28,1053,38,30.8,11.7,11,79.0,4,17,11.0,10,1.61,16,17,-1,-0.09,-0.39,335,nl NED,"MF,DF",eng Premier League,21.0,2004.0,11.7,5,0,0,17,20,0,2,4,19,0,"MF,DF",False,True,True,False,False,True,1053,21.0,1.623931623931624,0.3418803418803419,1.4529914529914532,1.7094017094017095,0.4273504273504274,0.0,0.17094017094017094,0.0,False
1871,Sebastian Nanasi,se SWE,MF,Strasbourg,fr Ligue 1,23.0,2002.0,19,11,1050,11.7,7,2,9,7,0,0,0,0,0.77,,,,,,,,,,,,,,,,,,,,,,,,,1871,se SWE,MF,fr Ligue 1,23.0,2002.0,11.7,7,19,11,57.9,1.63,0.94,0.37,0.64,0,0,2313,se SWE,MF,fr Ligue 1,23.0,2002.0,19,1050,55,34.3,11.7,11,80.0,5,8,21.0,9,1.63,24,17,7,0.6,0.42,1871,se SWE,MF,fr Ligue 1,23.0,2002.0,11.7,0,0,0,8,3,1,24,5,4,0,MF,False,False,True,False,True,False,1050,23.0,0.3418803418803419,0.4273504273504274,0.6837606837606838,0.25641025641025644,0.0,0.0,2.0512820512820515,0.08547008547008547,False
1864,David Møller Wolfe,no NOR,"MF,DF",Wolves,eng Premier League,23.0,2002.0,22,11,1049,11.7,0,2,2,0,0,0,1,0,0.17,,,,,,,,,,,,,,,,,,,,,,,,,1864,no NOR,"MF,DF",eng Premier League,23.0,2002.0,11.7,0,3,0,0.0,0.26,0.0,0.0,,0,0,2304,no NOR,"MF,DF",eng Premier League,23.0,2002.0,22,1049,48,30.7,11.7,11,79.0,4,11,16.0,15,0.5,6,23,-17,-1.46,-0.55,1864,no NOR,"MF,DF",eng Premier League,23.0,2002.0,11.7,1,0,0,10,4,0,32,7,5,0,"MF,DF",False,True,True,False,False,True,1049,23.0,0.4273504273504274,0.5982905982905983,0.8547008547008548,0.3418803418803419,0.08547008547008547,0.0,2.735042735042735,0.0,False
844,Nahuel Estévez,ar ARG,MF,Parma,it Serie A,29.0,1995.0,32,9,1049,11.7,0,1,1,0,0,0,2,0,0.09,,,,,,,,,,,,,,,,,,,,,,,,,844,ar ARG,MF,it Serie A,29.0,1995.0,11.7,0,9,1,11.1,0.77,0.09,0.0,0.0,0,0,1036,ar ARG,MF,it Serie A,29.0,1995.0,32,1049,33,30.7,11.7,9,76.0,5,23,16.0,4,1.06,7,11,-4,-0.34,0.19,844,ar ARG,MF,it Serie A,29.0,1995.0,11.7,2,0,0,11,13,0,43,5,10,0,MF,False,False,True,False,True,False,1049,29.0,0.8547008547008548,0.4273504273504274,0.9401709401709403,1.1111111111111112,0.17094017094017094,0.0,3.6752136752136755,0.0,False
107,Samuel Amo-Ameyaw,eng ENG,"MF,DF",Strasbourg,fr Ligue 1,19.0,2006.0,25,9,1047,11.6,2,2,4,2,0,0,2,0,0.34,,,,,,,,,,,,,,,,,,,,,,,,,107,eng ENG,"MF,DF",fr Ligue 1,19.0,2006.0,11.6,2,17,5,29.4,1.46,0.43,0.12,0.4,0,0,134,eng ENG,"MF,DF",fr Ligue 1,19.0,2006.0,25,1047,42,34.2,11.6,9,77.0,5,16,22.0,5,1.4,13,18,-5,-0.43,-1.15,107,eng ENG,"MF,DF",fr Ligue 1,19.0,2006.0,11.6,2,0,0,15,26,2,50,3,12,0,"MF,DF",False,True,True,False,False,True,1047,19.0,1.0344827586206897,0.25862068965517243,1.293103448275862,2.241379310344828,0.1724137931034483,0.0,4.310344827586207,0.1724137931034483,False
1351,Kevin,br BRA,MF,Fulham,eng Premier League,22.0,2003.0,26,9,1041,11.6,1,1,2,1,0,0,1,0,0.17,,,,,,,,,,,,,,,,,,,,,,,,,1351,br BRA,MF,eng Premier League,22.0,2003.0,11.6,1,25,10,40.0,2.16,0.86,0.04,0.1,0,0,1657,br BRA,MF,eng Premier League,22.0,2003.0,26,1041,40,30.4,11.6,9,68.0,0,17,25.0,1,1.38,13,14,-1,-0.09,0.03,1351,br BRA,MF,eng Premier League,22.0,2003.0,11.6,1,0,0,14,17,3,43,9,10,0,MF,False,False,True,False,True,False,1041,22.0,0.8620689655172414,0.7758620689655172,1.206896551724138,1.4655172413793105,0.08620689655172414,0.0,3.706896551724138,0.25862068965517243,False
928,Jeremie Frimpong,nl NED,"DF,MF",Liverpool,eng Premier League,24.0,2000.0,21,12,1040,11.6,0,1,1,0,0,0,1,0,0.09,,,,,,,,,,,,,,,,,,,,,,,,,928,nl NED,"DF,MF",eng Premier League,24.0,2000.0,11.6,0,10,2,20.0,0.87,0.17,0.0,0.0,0,0,1148,nl NED,"DF,MF",eng Premier League,24.0,2000.0,21,1040,50,30.4,11.6,12,75.0,4,9,16.0,2,1.48,20,13,7,0.61,0.49,928,nl NED,"DF,MF",eng Premier League,24.0,2000.0,11.6,1,0,0,8,21,4,51,6,9,0,"DF,MF",False,True,True,False,False,True,1040,24.0,0.7758620689655172,0.5172413793103449,0.6896551724137931,1.8103448275862069,0.08620689655172414,0.0,4.3965517241379315,0.3448275862068966,False
966,Víctor García,es ESP,"MF,FW",Levante,es La Liga,27.0,1997.0,21,12,1040,11.6,2,1,3,2,0,0,1,0,0.26,,,,,,,,,,,,,,,,,,,,,,,,,966,es ESP,"MF,FW",es La Liga,27.0,1997.0,11.6,2,19,8,42.1,1.64,0.69,0.11,0.25,0,0,1195,es ESP,"MF,FW",es La Liga,27.0,1997.0,21,1040,50,30.4,11.6,12,68.0,1,9,25.0,8,1.1,13,15,-2,-0.17,0.28,966,es ESP,"MF,FW",es La Liga,27.0,1997.0,11.6,1,0,0,13,11,3,65,7,15,0,"MF,FW",False,False,True,True,False,True,1040,27.0,1.293103448275862,0.603448275862069,1.120689655172414,0.9482758620689655,0.08620689655172414,0.0,5.603448275862069,0.25862068965517243,False
1736,Mikel Merino,es ESP,"MF,FW",Arsenal,eng Premier League,29.0,1996.0,22,10,1036,11.5,4,3,7,4,0,0,1,0,0.61,,,,,,,,,,,,,,,,,,,,,,,,,1736,es ESP,"MF,FW",eng Premier League,29.0,1996.0,11.5,4,22,8,36.4,1.91,0.69,0.18,0.5,0,0,2146,es ESP,"MF,FW",eng Premier League,29.0,1996.0,22,1036,47,30.3,11.5,10,77.0,5,12,22.0,2,2.23,22,10,12,1.04,-0.17,1736,es ESP,"MF,FW",eng Premier League,29.0,1996.0,11.5,1,0,0,22,20,3,4,9,13,0,"MF,FW",False,False,True,True,False,True,1036,29.0,1.1304347826086956,0.782608695652174,1.9130434782608696,1.7391304347826086,0.08695652173913043,0.0,0.34782608695652173,0.2608695652173913,False
1503,Luca Lipani,it ITA,MF,Sassuolo,it Serie A,20.0,2005.0,24,10,1034,11.5,0,1,1,0,0,0,3,0,0.09,,,,,,,,,,,,,,,,,,,,,,,,,1503,it ITA,MF,it Serie A,20.0,2005.0,11.5,0,12,3,25.0,1.04,0.26,0.0,0.0,0,0,1861,it ITA,MF,it Serie A,20.0,2005.0,24,1034,43,30.2,11.5,10,72.0,2,14,23.0,13,1.17,14,14,0,0.0,0.15,1503,it ITA,MF,it Serie A,20.0,2005.0,11.5,3,0,0,28,8,1,5,15,17,0,MF,False,False,True,False,True,False,1034,20.0,1.4782608695652173,1.3043478260869565,2.4347826086956523,0.6956521739130435,0.2608695652173913,0.0,0.43478260869565216,0.08695652173913043,False
845,Pervis Estupiñán,ec ECU,MF,Milan,it Serie A,27.0,1998.0,19,13,1034,11.5,1,1,2,1,0,0,5,1,0.17,,,,,,,,,,,,,,,,,,,,,,,,,845,ec ECU,MF,it Serie A,27.0,1998.0,11.5,1,9,1,11.1,0.78,0.09,0.11,1.0,0,0,1037,ec ECU,MF,it Serie A,27.0,1998.0,19,1034,54,30.2,11.5,13,74.0,6,6,12.0,14,1.79,17,6,11,0.96,0.69,845,ec ECU,MF,it Serie A,27.0,1998.0,11.5,5,1,0,17,8,5,20,11,9,0,MF,False,False,True,False,True,False,1034,27.0,0.782608695652174,0.9565217391304348,1.4782608695652173,0.6956521739130435,0.43478260869565216,0.08695652173913043,1.7391304347826086,0.43478260869565216,False
390,Jacob Bruun Larsen,dk DEN,"MF,FW",Burnley,eng Premier League,26.0,1998.0,28,10,1030,11.4,0,1,1,0,0,0,0,0,0.09,,,,,,,,,,,,,,,,,,,,,,,,,390,dk DEN,"MF,FW",eng Premier League,26.0,1998.0,11.4,0,17,4,23.5,1.49,0.35,0.0,0.0,0,0,484,dk DEN,"MF,FW",eng Premier League,26.0,1998.0,28,1030,37,30.1,11.4,10,67.0,0,18,20.0,4,0.61,12,29,-17,-1.49,-0.73,390,dk DEN,"MF,FW",eng Premier League,26.0,1998.0,11.4,0,0,0,1,0,4,42,6,3,0,"MF,FW",False,False,True,True,False,True,1030,26.0,0.2631578947368421,0.5263157894736842,0.08771929824561403,0.0,0.0,0.0,3.6842105263157894,0.3508771929824561,False
2326,Lazar Samardzic,rs SRB,MF,Atalanta,it Serie A,23.0,2002.0,26,11,1030,11.4,2,1,3,2,0,0,1,0,0.26,,,,,,,,,,,,,,,,,,,,,,,,,2326,rs SRB,MF,it Serie A,23.0,2002.0,11.4,2,25,9,36.0,2.18,0.79,0.08,0.22,0,0,2894,rs SRB,MF,it Serie A,23.0,2002.0,26,1030,40,30.1,11.4,11,69.0,3,15,18.0,12,1.5,16,14,2,0.17,-0.31,2326,rs SRB,MF,it Serie A,23.0,2002.0,11.4,1,0,0,17,10,1,68,10,8,0,MF,False,False,True,False,True,False,1030,23.0,0.7017543859649122,0.8771929824561403,1.4912280701754386,0.8771929824561403,0.08771929824561403,0.0,5.964912280701754,0.08771929824561403,False
2574,Ramón Terrats,es ESP,MF,Espanyol,es La Liga,24.0,2000.0,29,12,1030,11.4,1,2,3,1,0,0,0,0,0.26,,,,,,,,,,,,,,,,,,,,,,,,,2574,es ESP,MF,es La Liga,24.0,2000.0,11.4,1,15,3,20.0,1.31,0.26,0.07,0.33,0,0,3218,es ESP,MF,es La Liga,24.0,2000.0,29,1030,36,30.1,11.4,12,63.0,0,17,16.0,5,1.03,10,21,-11,-0.96,-0.92,2574,es ESP,MF,es La Liga,24.0,2000.0,11.4,0,0,0,15,22,1,30,11,13,0,MF,False,False,True,False,True,False,1030,24.0,1.1403508771929824,0.9649122807017544,1.3157894736842104,1.9298245614035088,0.0,0.0,2.631578947368421,0.08771929824561403,False
2276,Tom Rothe,de GER,"MF,DF",Union Berlin,de Bundesliga,20.0,2004.0,21,10,1029,11.4,2,0,2,2,0,0,1,1,0.17,,,,,,,,,,,,,,,,,,,,,,,,,2276,de GER,"MF,DF",de Bundesliga,20.0,2004.0,11.4,2,19,5,26.3,1.66,0.44,0.11,0.4,0,0,2826,de GER,"MF,DF",de Bundesliga,20.0,2004.0,21,1029,49,33.6,11.4,10,81.0,5,11,20.0,1,1.1,17,22,-5,-0.44,-0.04,2276,de GER,"MF,DF",de Bundesliga,20.0,2004.0,11.4,1,1,0,10,6,2,35,21,15,0,"MF,DF",False,True,True,False,False,True,1029,20.0,1.3157894736842104,1.8421052631578947,0.8771929824561403,0.5263157894736842,0.08771929824561403,0.08771929824561403,3.070175438596491,0.17543859649122806,False
1593,Linton Maina,de GER,"MF,FW",Köln,de Bundesliga,26.0,1999.0,24,9,1023,11.4,2,0,2,2,0,0,0,0,0.18,,,,,,,,,,,,,,,,,,,,,,,,,1593,de GER,"MF,FW",de Bundesliga,26.0,1999.0,11.4,2,20,8,40.0,1.76,0.7,0.1,0.25,0,0,1968,de GER,"MF,FW",de Bundesliga,26.0,1999.0,24,1023,43,33.4,11.4,9,70.0,0,15,26.0,4,0.92,15,24,-9,-0.79,-0.57,1593,de GER,"MF,FW",de Bundesliga,26.0,1999.0,11.4,0,0,0,8,6,1,25,4,6,0,"MF,FW",False,False,True,True,False,True,1023,26.0,0.5263157894736842,0.3508771929824561,0.7017543859649122,0.5263157894736842,0.0,0.0,2.1929824561403506,0.08771929824561403,False
2520,Luka Sučić,hr CRO,"MF,FW",Real Sociedad,es La Liga,22.0,2002.0,22,10,1022,11.4,3,1,4,3,0,0,1,0,0.35,,,,,,,,,,,,,,,,,,,,,,,,,2520,hr CRO,"MF,FW",es La Liga,22.0,2002.0,11.4,3,23,7,30.4,2.03,0.62,0.13,0.43,0,0,3151,hr CRO,"MF,FW",es La Liga,22.0,2002.0,22,1022,46,29.9,11.4,10,70.0,2,12,27.0,13,1.23,22,17,5,0.44,0.7,2520,hr CRO,"MF,FW",es La Liga,22.0,2002.0,11.4,1,0,0,11,6,1,6,5,8,0,"MF,FW",False,False,True,True,False,True,1022,22.0,0.7017543859649122,0.43859649122807015,0.9649122807017544,0.5263157894736842,0.08771929824561403,0.0,0.5263157894736842,0.08771929824561403,False
2601,Tiago Tomás,pt POR,"MF,FW",Stuttgart,de Bundesliga,23.0,2002.0,27,10,1020,11.3,5,3,8,5,0,0,4,0,0.71,,,,,,,,,,,,,,,,,,,,,,,,,2601,pt POR,"MF,FW",de Bundesliga,23.0,2002.0,11.3,5,35,10,28.6,3.09,0.88,0.14,0.5,0,0,3249,pt POR,"MF,FW",de Bundesliga,23.0,2002.0,27,1020,38,33.3,11.3,10,70.0,0,17,19.0,0,1.81,27,23,4,0.35,-0.44,2601,pt POR,"MF,FW",de Bundesliga,23.0,2002.0,11.3,4,0,0,12,29,3,12,5,8,0,"MF,FW",False,False,True,True,False,True,1020,23.0,0.7079646017699115,0.44247787610619466,1.0619469026548671,2.566371681415929,0.35398230088495575,0.0,1.0619469026548671,0.2654867256637168,False
907,Nicolas Fonseca,uy URU,MF,Oviedo,es La Liga,26.0,1998.0,19,12,1018,11.3,0,0,0,0,0,0,6,0,0.0,,,,,,,,,,,,,,,,,,,,,,,,,907,uy URU,MF,es La Liga,26.0,1998.0,11.3,0,8,1,12.5,0.71,0.09,0.0,0.0,0,0,1120,uy URU,MF,es La Liga,26.0,1998.0,19,1018,54,29.8,11.3,12,70.0,2,7,25.0,1,0.84,13,22,-9,-0.8,0.14,907,uy URU,MF,es La Liga,26.0,1998.0,11.3,6,0,0,27,12,0,4,17,25,0,MF,False,False,True,False,True,False,1018,26.0,2.2123893805309733,1.5044247787610618,2.389380530973451,1.0619469026548671,0.5309734513274336,0.0,0.35398230088495575,0.0,False
88,Domingos André Ribeiro Almeida,pt POR,MF,Valencia,es La Liga,25.0,2000.0,22,11,1017,11.3,0,2,2,0,0,0,0,0,0.18,,,,,,,,,,,,,,,,,,,,,,,,,88,pt POR,MF,es La Liga,25.0,2000.0,11.3,0,9,3,33.3,0.8,0.27,0.0,0.0,0,0,111,pt POR,MF,es La Liga,25.0,2000.0,22,1017,46,29.7,11.3,11,75.0,3,11,17.0,15,1.23,14,14,0,0.0,0.34,88,pt POR,MF,es La Liga,25.0,2000.0,11.3,0,0,0,12,22,0,65,8,11,0,MF,False,False,True,False,True,False,1017,25.0,0.9734513274336283,0.7079646017699115,1.0619469026548671,1.9469026548672566,0.0,0.0,5.752212389380531,0.0,False
1824,Mason Mount,eng ENG,MF,Manchester Utd,eng Premier League,26.0,1999.0,23,12,1017,11.3,3,0,3,3,0,0,2,0,0.27,,,,,,,,,,,,,,,,,,,,,,,,,1824,eng ENG,MF,eng Premier League,26.0,1999.0,11.3,3,19,5,26.3,1.68,0.44,0.16,0.6,0,0,2258,eng ENG,MF,eng Premier League,26.0,1999.0,23,1017,44,29.7,11.3,12,70.0,3,11,16.0,6,1.87,19,15,4,0.35,-0.21,1824,eng ENG,MF,eng Premier League,26.0,1999.0,11.3,2,0,0,17,12,0,22,9,13,0,MF,False,False,True,False,True,False,1017,26.0,1.1504424778761062,0.7964601769911503,1.5044247787610618,1.0619469026548671,0.17699115044247787,0.0,1.9469026548672566,0.0,False
703,Krépin Diatta,sn SEN,"MF,DF",Monaco,fr Ligue 1,26.0,1999.0,18,10,1013,11.3,0,1,1,0,0,0,2,0,0.09,,,,,,,,,,,,,,,,,,,,,,,,,703,sn SEN,"MF,DF",fr Ligue 1,26.0,1999.0,11.3,0,7,1,14.3,0.62,0.09,0.0,0.0,0,0,866,sn SEN,"MF,DF",fr Ligue 1,26.0,1999.0,18,1013,56,33.1,11.3,10,78.0,6,8,29.0,1,1.72,21,17,4,0.36,0.27,703,sn SEN,"MF,DF",fr Ligue 1,26.0,1999.0,11.3,2,0,0,8,10,4,39,15,16,0,"MF,DF",False,True,True,False,False,True,1013,26.0,1.415929203539823,1.327433628318584,0.7079646017699115,0.8849557522123893,0.17699115044247787,0.0,3.451327433628318,0.35398230088495575,False
275,Fran Beltrán,es ESP,MF,Girona,es La Liga,26.0,1999.0,17,11,1012,11.2,1,0,1,1,0,0,3,0,0.09,,,,,,,,,,,,,,,,,,,,,,,,,275,es ESP,MF,es La Liga,26.0,1999.0,11.2,1,10,3,30.0,0.89,0.27,0.1,0.33,0,0,339,es ESP,MF,es La Liga,26.0,1999.0,17,1012,60,29.6,11.2,11,77.0,3,6,27.0,1,1.0,9,10,-1,-0.09,0.47,275,es ESP,MF,es La Liga,26.0,1999.0,11.2,3,0,0,10,9,0,8,11,14,0,MF,False,False,True,False,True,False,1012,26.0,1.25,0.9821428571428572,0.8928571428571429,0.8035714285714286,0.26785714285714285,0.0,0.7142857142857143,0.0,False
2527,Kamaldeen Sulemana,gh GHA,MF,Atalanta,it Serie A,23.0,2002.0,25,9,1011,11.2,2,1,3,2,0,0,4,0,0.27,,,,,,,,,,,,,,,,,,,,,,,,,2527,gh GHA,MF,it Serie A,23.0,2002.0,11.2,2,25,10,40.0,2.23,0.89,0.08,0.2,0,0,3159,gh GHA,MF,it Serie A,23.0,2002.0,25,1011,40,29.6,11.2,9,70.0,1,16,24.0,9,1.52,17,12,5,0.45,0.07,2527,gh GHA,MF,it Serie A,23.0,2002.0,11.2,4,0,0,14,14,5,22,2,5,0,MF,False,False,True,False,True,False,1011,23.0,0.44642857142857145,0.17857142857142858,1.25,1.25,0.35714285714285715,0.0,1.9642857142857144,0.44642857142857145,False
1520,Sean Longstaff,eng ENG,MF,Leeds United,eng Premier League,27.0,1997.0,23,10,1011,11.2,2,2,4,2,0,0,2,0,0.36,,,,,,,,,,,,,,,,,,,,,,,,,1520,eng ENG,MF,eng Premier League,27.0,1997.0,11.2,2,16,4,25.0,1.42,0.36,0.13,0.5,0,0,1883,eng ENG,MF,eng Premier League,27.0,1997.0,23,1011,44,29.6,11.2,10,84.0,7,13,13.0,6,1.35,12,20,-8,-0.71,-0.75,1520,eng ENG,MF,eng Premier League,27.0,1997.0,11.2,2,0,0,13,17,1,54,12,24,0,MF,False,False,True,False,True,False,1011,27.0,2.142857142857143,1.0714285714285714,1.1607142857142858,1.517857142857143,0.17857142857142858,0.0,4.821428571428572,0.08928571428571429,False
1294,Mohamed Kaba,gn GUI,MF,Nantes,fr Ligue 1,23.0,2001.0,13,12,1008,11.2,0,2,2,0,0,0,2,0,0.18,,,,,,,,,,,,,,,,,,,,,,,,,1294,gn GUI,MF,fr Ligue 1,23.0,2001.0,11.2,0,11,6,54.5,0.98,0.54,0.0,0.0,0,0,1590,gn GUI,MF,fr Ligue 1,23.0,2001.0,13,1008,78,32.9,11.2,12,81.0,4,1,31.0,0,0.62,10,10,0,0.0,1.01,1294,gn GUI,MF,fr Ligue 1,23.0,2001.0,11.2,2,0,0,15,29,0,2,15,15,0,MF,False,False,True,False,True,False,1008,23.0,1.3392857142857144,1.3392857142857144,1.3392857142857144,2.5892857142857144,0.17857142857142858,0.0,0.17857142857142858,0.0,False
388,Brugui,es ESP,"MF,FW",Levante,es La Liga,28.0,1996.0,19,10,1005,11.2,1,1,2,1,0,0,1,1,0.18,,,,,,,,,,,,,,,,,,,,,,,,,388,es ESP,"MF,FW",es La Liga,28.0,1996.0,11.2,1,28,9,32.1,2.51,0.81,0.04,0.11,0,0,482,es ESP,"MF,FW",es La Liga,28.0,1996.0,19,1005,53,29.4,11.2,10,74.0,2,9,29.0,1,0.95,12,20,-8,-0.72,-0.49,388,es ESP,"MF,FW",es La Liga,28.0,1996.0,11.2,1,1,0,11,8,6,11,4,6,0,"MF,FW",False,False,True,True,False,True,1005,28.0,0.5357142857142857,0.35714285714285715,0.9821428571428572,0.7142857142857143,0.08928571428571429,0.08928571428571429,0.9821428571428572,0.5357142857142857,False
1215,Emirhan İlkhan,tr TUR,MF,Torino,it Serie A,21.0,2004.0,19,13,1001,11.1,1,2,3,1,0,0,2,1,0.27,,,,,,,,,,,,,,,,,,,,,,,,,1215,tr TUR,MF,it Serie A,21.0,2004.0,11.1,1,13,3,23.1,1.17,0.27,0.08,0.33,0,0,1496,tr TUR,MF,it Serie A,21.0,2004.0,19,1001,53,29.3,11.1,13,67.0,1,6,22.0,18,0.95,13,25,-12,-1.08,-0.82,1215,tr TUR,MF,it Serie A,21.0,2004.0,11.1,2,1,0,11,18,0,7,13,19,0,MF,False,False,True,False,True,False,1001,21.0,1.7117117117117118,1.1711711711711712,0.990990990990991,1.6216216216216217,0.1801801801801802,0.0900900900900901,0.6306306306306306,0.0,False
182,Neil El Aynaoui,ma MAR,MF,Roma,it Serie A,24.0,2001.0,25,8,999,11.1,1,2,3,1,0,0,5,0,0.27,,,,,,,,,,,,,,,,,,,,,,,,,182,ma MAR,MF,it Serie A,24.0,2001.0,11.1,1,6,4,66.7,0.54,0.36,0.17,0.25,0,0,222,ma MAR,MF,it Serie A,24.0,2001.0,25,999,40,29.2,11.1,8,69.0,3,17,26.0,5,2.04,18,11,7,0.63,-0.15,182,ma MAR,MF,it Serie A,24.0,2001.0,11.1,5,0,0,23,10,2,17,18,10,0,MF,False,False,True,False,True,False,999,24.0,0.9009009009009009,1.6216216216216217,2.0720720720720722,0.9009009009009009,0.45045045045045046,0.0,1.5315315315315317,0.1801801801801802,False
602,Yan Couto,br BRA,MF,Dortmund,de Bundesliga,23.0,2002.0,19,11,997,11.1,2,2,4,2,0,0,4,0,0.36,,,,,,,,,,,,,,,,,,,,,,,,,602,br BRA,MF,de Bundesliga,23.0,2002.0,11.1,2,9,4,44.4,0.81,0.36,0.22,0.5,0,0,744,br BRA,MF,de Bundesliga,23.0,2002.0,19,997,52,32.6,11.1,11,80.0,5,8,14.0,13,2.26,25,14,11,0.99,-0.1,602,br BRA,MF,de Bundesliga,23.0,2002.0,11.1,4,0,0,17,13,2,54,9,15,0,MF,False,False,True,False,True,False,997,23.0,1.3513513513513513,0.8108108108108109,1.5315315315315317,1.1711711711711712,0.3603603603603604,0.0,4.864864864864865,0.1801801801801802,False
1761,Lennon Miller,sct SCO,MF,Udinese,it Serie A,18.0,2006.0,24,9,996,11.1,0,2,2,0,0,0,4,0,0.18,,,,,,,,,,,,,,,,,,,,,,,,,1761,sct SCO,MF,it Serie A,18.0,2006.0,11.1,0,9,1,11.1,0.81,0.09,0.0,0.0,0,0,2179,sct SCO,MF,it Serie A,18.0,2006.0,24,996,42,29.1,11.1,9,74.0,1,15,22.0,13,1.25,19,14,5,0.45,0.75,1761,sct SCO,MF,it Serie A,18.0,2006.0,11.1,4,0,0,14,17,1,32,9,12,0,MF,False,False,True,False,True,False,996,18.0,1.0810810810810811,0.8108108108108109,1.2612612612612613,1.5315315315315317,0.3603603603603604,0.0,2.882882882882883,0.0900900900900901,False
487,Marc Casado,es ESP,MF,Barcelona,es La Liga,21.0,2003.0,24,10,989,11.0,0,1,1,0,0,0,1,0,0.09,,,,,,,,,,,,,,,,,,,,,,,,,487,es ESP,MF,es La Liga,21.0,2003.0,11.0,0,11,0,0.0,1.0,0.0,0.0,,0,0,593,es ESP,MF,es La Liga,21.0,2003.0,24,989,41,28.9,11.0,10,76.0,5,14,16.0,14,2.63,25,10,15,1.37,-0.26,487,es ESP,MF,es La Liga,21.0,2003.0,11.0,1,0,0,25,20,0,1,7,9,0,MF,False,False,True,False,True,False,989,21.0,0.8181818181818182,0.6363636363636364,2.272727272727273,1.8181818181818181,0.09090909090909091,0.0,0.09090909090909091,0.0,False
105,Michael Amir Murillo,pa PAN,"DF,MF",Marseille,fr Ligue 1,29.0,1996.0,16,11,989,11.0,2,1,3,2,0,0,4,0,0.27,,,,,,,,,,,,,,,,,,,,,,,,,105,pa PAN,"DF,MF",fr Ligue 1,29.0,1996.0,11.0,2,9,2,22.2,0.82,0.18,0.22,1.0,0,0,131,pa PAN,"DF,MF",fr Ligue 1,29.0,1996.0,16,989,62,32.3,11.0,11,80.0,7,5,21.0,2,2.0,26,13,13,1.18,0.97,105,pa PAN,"DF,MF",fr Ligue 1,29.0,1996.0,11.0,4,0,0,22,16,2,28,6,13,0,"DF,MF",False,True,True,False,False,True,989,29.0,1.1818181818181819,0.5454545454545454,2.0,1.4545454545454546,0.36363636363636365,0.0,2.5454545454545454,0.18181818181818182,False
1696,Noussair Mazraoui,ma MAR,"DF,MF",Manchester Utd,eng Premier League,27.0,1997.0,20,11,985,10.9,0,0,0,0,0,0,3,0,0.0,,,,,,,,,,,,,,,,,,,,,,,,,1696,ma MAR,"DF,MF",eng Premier League,27.0,1997.0,10.9,0,5,0,0.0,0.46,0.0,0.0,,0,0,2092,ma MAR,"DF,MF",eng Premier League,27.0,1997.0,20,985,49,28.8,10.9,11,72.0,3,9,22.0,6,2.0,19,10,9,0.82,0.45,1696,ma MAR,"DF,MF",eng Premier League,27.0,1997.0,10.9,3,0,0,12,14,0,13,11,15,0,"DF,MF",False,True,True,False,False,True,985,27.0,1.3761467889908257,1.0091743119266054,1.1009174311926606,1.2844036697247705,0.27522935779816515,0.0,1.1926605504587156,0.0,False
1973,Wilson Odobert,fr FRA,"MF,FW",Tottenham Hotspur,eng Premier League,20.0,2004.0,24,10,985,10.9,0,2,2,0,0,0,0,0,0.18,,,,,,,,,,,,,,,,,,,,,,,,,1973,fr FRA,"MF,FW",eng Premier League,20.0,2004.0,10.9,0,21,8,38.1,1.92,0.73,0.0,0.0,0,0,2435,fr FRA,"MF,FW",eng Premier League,20.0,2004.0,24,985,41,28.8,10.9,10,68.0,1,14,22.0,2,1.08,16,13,3,0.27,0.72,1973,fr FRA,"MF,FW",eng Premier League,20.0,2004.0,10.9,0,0,0,2,10,2,28,0,8,0,"MF,FW",False,False,True,True,False,True,985,20.0,0.7339449541284403,0.0,0.18348623853211007,0.9174311926605504,0.0,0.0,2.568807339449541,0.18348623853211007,False
879,Ezequiél Fernández,ar ARG,MF,Leverkusen,de Bundesliga,23.0,2002.0,20,12,984,10.9,0,1,1,0,0,0,4,1,0.09,,,,,,,,,,,,,,,,,,,,,,,,,879,ar ARG,MF,de Bundesliga,23.0,2002.0,10.9,0,11,1,9.1,1.01,0.09,0.0,0.0,0,0,1084,ar ARG,MF,de Bundesliga,23.0,2002.0,20,984,49,32.2,10.9,12,67.0,2,8,22.0,5,2.05,21,20,1,0.09,-0.78,879,ar ARG,MF,de Bundesliga,23.0,2002.0,10.9,4,1,1,14,24,1,4,14,17,0,MF,False,False,True,False,True,False,984,23.0,1.5596330275229358,1.2844036697247705,1.2844036697247705,2.2018348623853212,0.36697247706422015,0.09174311926605504,0.36697247706422015,0.09174311926605504,False
2764,Joe Willock,eng ENG,MF,Newcastle United,eng Premier League,25.0,1999.0,24,10,983,10.9,0,2,2,0,0,0,3,0,0.18,,,,,,,,,,,,,,,,,,,,,,,,,2764,eng ENG,MF,eng Premier League,25.0,1999.0,10.9,0,17,6,35.3,1.56,0.55,0.0,0.0,0,0,3449,eng ENG,MF,eng Premier League,25.0,1999.0,24,983,41,28.7,10.9,10,70.0,1,14,20.0,13,1.46,13,18,-5,-0.46,-0.57,2764,eng ENG,MF,eng Premier League,25.0,1999.0,10.9,3,0,0,16,11,2,16,7,15,0,MF,False,False,True,False,True,False,983,25.0,1.3761467889908257,0.6422018348623852,1.4678899082568806,1.0091743119266054,0.27522935779816515,0.0,1.4678899082568806,0.18348623853211007,False
1038,Alimami Gory,ml MLI,"MF,DF",Paris FC,fr Ligue 1,28.0,1996.0,24,9,982,10.9,5,1,6,5,0,0,3,0,0.55,,,,,,,,,,,,,,,,,,,,,,,,,1038,ml MLI,"MF,DF",fr Ligue 1,28.0,1996.0,10.9,5,19,6,31.6,1.74,0.55,0.26,0.83,0,0,1287,ml MLI,"MF,DF",fr Ligue 1,28.0,1996.0,24,982,41,32.1,10.9,9,69.0,1,15,24.0,3,1.21,13,20,-7,-0.64,-0.81,1038,ml MLI,"MF,DF",fr Ligue 1,28.0,1996.0,10.9,3,0,0,12,15,8,10,8,11,0,"MF,DF",False,True,True,False,False,True,982,28.0,1.0091743119266054,0.7339449541284403,1.1009174311926606,1.3761467889908257,0.27522935779816515,0.0,0.9174311926605504,0.7339449541284403,False
2091,Peque,es ESP,"MF,FW",Sevilla,es La Liga,22.0,2002.0,26,12,982,10.9,2,1,3,2,0,0,7,0,0.27,,,,,,,,,,,,,,,,,,,,,,,,,2091,es ESP,"MF,FW",es La Liga,22.0,2002.0,10.9,2,15,6,40.0,1.37,0.55,0.13,0.33,0,0,2589,es ESP,"MF,FW",es La Liga,22.0,2002.0,26,982,38,28.7,10.9,12,66.0,1,14,14.0,8,1.23,8,15,-7,-0.64,-0.38,2091,es ESP,"MF,FW",es La Liga,22.0,2002.0,10.9,7,0,0,15,47,1,28,1,8,0,"MF,FW",False,False,True,True,False,True,982,22.0,0.7339449541284403,0.09174311926605504,1.3761467889908257,4.311926605504587,0.6422018348623852,0.0,2.568807339449541,0.09174311926605504,False
550,Djaoui Cissé,fr FRA,MF,Rennes,fr Ligue 1,21.0,2004.0,24,12,981,10.9,0,0,0,0,0,0,3,0,0.0,,,,,,,,,,,,,,,,,,,,,,,,,550,fr FRA,MF,fr Ligue 1,21.0,2004.0,10.9,0,24,6,25.0,2.2,0.55,0.0,0.0,0,0,682,fr FRA,MF,fr Ligue 1,21.0,2004.0,24,981,41,32.1,10.9,12,60.0,0,12,22.0,9,1.75,18,14,4,0.37,0.15,550,fr FRA,MF,fr Ligue 1,21.0,2004.0,10.9,3,0,0,18,10,0,27,5,22,0,MF,False,False,True,False,True,False,981,21.0,2.018348623853211,0.4587155963302752,1.6513761467889907,0.9174311926605504,0.27522935779816515,0.0,2.477064220183486,0.0,False
1122,Jack Harrison,eng ENG,"FW,MF",Fiorentina,it Serie A,28.0,1996.0,15,10,981,10.9,1,3,4,1,0,0,1,0,0.37,,,,,,,,,,,,,,,,,,,,,,,,,1122,eng ENG,"FW,MF",it Serie A,28.0,1996.0,10.9,1,13,4,30.8,1.19,0.37,0.08,0.25,0,0,1387,eng ENG,"FW,MF",it Serie A,28.0,1996.0,15,981,65,28.7,10.9,10,81.0,6,5,34.0,2,1.6,13,10,3,0.28,0.72,1122,eng ENG,"FW,MF",it Serie A,28.0,1996.0,10.9,1,0,0,9,7,0,56,2,6,0,"FW,MF",False,False,True,True,False,True,981,28.0,0.5504587155963303,0.18348623853211007,0.8256880733944953,0.6422018348623852,0.09174311926605504,0.0,5.137614678899082,0.0,False
1587,Soungoutou Magassa,fr FRA,MF,West Ham United,eng Premier League,21.0,2003.0,22,11,981,10.9,1,0,1,1,0,0,4,0,0.09,,,,,,,,,,,,,,,,,,,,,,,,,1587,fr FRA,MF,eng Premier League,21.0,2003.0,10.9,1,7,2,28.6,0.64,0.18,0.14,0.5,0,0,1962,fr FRA,MF,eng Premier League,21.0,2003.0,22,981,45,28.7,10.9,11,74.0,2,11,15.0,12,0.73,11,23,-12,-1.1,-0.84,1587,fr FRA,MF,eng Premier League,21.0,2003.0,10.9,4,0,0,17,17,0,9,17,23,0,MF,False,False,True,False,True,False,981,21.0,2.110091743119266,1.5596330275229358,1.5596330275229358,1.5596330275229358,0.36697247706422015,0.0,0.8256880733944953,0.0,False
1837,Marshall Munetsi,zw ZIM,MF,Paris FC,fr Ligue 1,29.0,1996.0,15,11,975,10.8,4,1,5,4,0,0,0,0,0.46,,,,,,,,,,,,,,,,,,,,,,,,,1837,zw ZIM,MF,fr Ligue 1,29.0,1996.0,10.8,4,19,9,47.4,1.75,0.83,0.21,0.44,0,0,2275,zw ZIM,MF,fr Ligue 1,29.0,1996.0,15,975,65,31.9,10.8,11,80.0,5,4,25.0,2,1.67,17,10,7,0.65,1.08,1837,zw ZIM,MF,fr Ligue 1,29.0,1996.0,10.8,0,0,0,12,9,1,0,3,8,0,MF,False,False,True,False,True,False,975,29.0,0.7407407407407407,0.27777777777777773,1.111111111111111,0.8333333333333333,0.0,0.0,0.0,0.09259259259259259,False
949,Omri Gandelman,il ISR,"MF,FW",Lecce,it Serie A,25.0,2000.0,19,10,975,10.8,2,1,3,2,0,0,0,0,0.28,,,,,,,,,,,,,,,,,,,,,,,,,949,il ISR,"MF,FW",it Serie A,25.0,2000.0,10.8,2,10,3,30.0,0.92,0.28,0.2,0.67,0,0,1175,il ISR,"MF,FW",it Serie A,25.0,2000.0,19,975,51,28.5,10.8,10,72.0,2,9,28.0,1,1.11,7,12,-5,-0.46,0.16,949,il ISR,"MF,FW",it Serie A,25.0,2000.0,10.8,0,0,0,13,3,1,4,4,6,0,"MF,FW",False,False,True,True,False,True,975,25.0,0.5555555555555555,0.37037037037037035,1.2037037037037037,0.27777777777777773,0.0,0.0,0.37037037037037035,0.09259259259259259,False
2692,Jesus Vazquez,es ESP,"DF,MF",Valencia,es La Liga,22.0,2003.0,24,7,974,10.8,0,0,0,0,0,0,2,0,0.0,,,,,,,,,,,,,,,,,,,,,,,,,2692,es ESP,"DF,MF",es La Liga,22.0,2003.0,10.8,0,8,2,25.0,0.74,0.18,0.0,0.0,0,0,3357,es ESP,"DF,MF",es La Liga,22.0,2003.0,24,974,41,28.5,10.8,7,87.0,5,17,21.0,14,1.38,21,18,3,0.28,0.72,2692,es ESP,"DF,MF",es La Liga,22.0,2003.0,10.8,2,0,0,16,8,2,26,4,10,0,"DF,MF",False,True,True,False,False,True,974,22.0,0.9259259259259258,0.37037037037037035,1.4814814814814814,0.7407407407407407,0.18518518518518517,0.0,2.4074074074074074,0.18518518518518517,False
1919,Cheikh Niasse,sn SEN,MF,Hellas Verona,it Serie A,25.0,2000.0,19,11,970,10.8,0,1,1,0,0,0,1,0,0.09,,,,,,,,,,,,,,,,,,,,,,,,,1919,sn SEN,MF,it Serie A,25.0,2000.0,10.8,0,6,1,16.7,0.56,0.09,0.0,0.0,0,0,2372,sn SEN,MF,it Serie A,25.0,2000.0,19,970,51,28.4,10.8,11,77.0,2,8,15.0,15,0.63,10,20,-10,-0.93,0.03,1919,sn SEN,MF,it Serie A,25.0,2000.0,10.8,1,0,0,20,15,2,14,15,14,0,MF,False,False,True,False,True,False,970,25.0,1.2962962962962963,1.3888888888888888,1.8518518518518516,1.3888888888888888,0.09259259259259259,0.0,1.2962962962962963,0.18518518518518517,False
2590,Cheikh Tidiane Sabaly,sn SEN,"MF,FW",Metz,fr Ligue 1,26.0,1999.0,14,12,967,10.7,0,2,2,0,0,0,2,0,0.19,,,,,,,,,,,,,,,,,,,,,,,,,2590,sn SEN,"MF,FW",fr Ligue 1,26.0,1999.0,10.7,0,8,4,50.0,0.74,0.37,0.0,0.0,0,0,3236,sn SEN,"MF,FW",fr Ligue 1,26.0,1999.0,14,967,69,31.6,10.7,12,79.0,6,2,13.0,0,0.79,8,24,-16,-1.49,-0.29,2590,sn SEN,"MF,FW",fr Ligue 1,26.0,1999.0,10.7,2,0,0,14,16,5,14,3,13,0,"MF,FW",False,False,True,True,False,True,967,26.0,1.2149532710280375,0.28037383177570097,1.3084112149532712,1.4953271028037385,0.1869158878504673,0.0,1.3084112149532712,0.4672897196261683,False
2022,Kassoum Ouattara,fr FRA,"MF,DF",Monaco,fr Ligue 1,20.0,2004.0,15,12,967,10.7,0,3,3,0,0,0,3,0,0.28,,,,,,,,,,,,,,,,,,,,,,,,,2022,fr FRA,"MF,DF",fr Ligue 1,20.0,2004.0,10.7,0,12,0,0.0,1.12,0.0,0.0,,0,0,2502,fr FRA,"MF,DF",fr Ligue 1,20.0,2004.0,15,967,64,31.6,10.7,12,75.0,5,3,23.0,7,1.4,18,20,-2,-0.19,-0.53,2022,fr FRA,"MF,DF",fr Ligue 1,20.0,2004.0,10.7,3,0,0,22,10,1,50,19,19,0,"MF,DF",False,True,True,False,False,True,967,20.0,1.7757009345794394,1.7757009345794394,2.0560747663551404,0.9345794392523366,0.28037383177570097,0.0,4.672897196261682,0.09345794392523366,False
2233,Lars Ritzka,de GER,"MF,DF",St Pauli,de Bundesliga,27.0,1998.0,21,12,966,10.7,0,0,0,0,0,0,1,0,0.0,,,,,,,,,,,,,,,,,,,,,,,,,2233,de GER,"MF,DF",de Bundesliga,27.0,1998.0,10.7,0,4,1,25.0,0.37,0.09,0.0,0.0,0,0,2774,de GER,"MF,DF",de Bundesliga,27.0,1998.0,21,966,46,31.6,10.7,12,66.0,0,9,20.0,13,0.71,6,21,-15,-1.4,-0.71,2233,de GER,"MF,DF",de Bundesliga,27.0,1998.0,10.7,1,0,0,10,3,2,18,13,26,0,"MF,DF",False,True,True,False,False,True,966,27.0,2.429906542056075,1.2149532710280375,0.9345794392523366,0.28037383177570097,0.09345794392523366,0.0,1.6822429906542058,0.1869158878504673,False
296,Lucas Bergvall,se SWE,MF,Tottenham Hotspur,eng Premier League,19.0,2006.0,23,11,965,10.7,1,3,4,1,0,0,2,0,0.37,,,,,,,,,,,,,,,,,,,,,,,,,296,se SWE,MF,eng Premier League,19.0,2006.0,10.7,1,12,5,41.7,1.12,0.47,0.08,0.2,0,0,367,se SWE,MF,eng Premier League,19.0,2006.0,23,965,42,28.2,10.7,11,66.0,0,12,20.0,5,1.17,14,18,-4,-0.37,-0.19,296,se SWE,MF,eng Premier League,19.0,2006.0,10.7,2,0,0,24,7,3,19,3,14,0,MF,False,False,True,False,True,False,965,19.0,1.3084112149532712,0.28037383177570097,2.2429906542056077,0.6542056074766356,0.1869158878504673,0.0,1.7757009345794394,0.28037383177570097,False
1015,Rodrigo Gomes,pt POR,"MF,FW",Wolves,eng Premier League,22.0,2003.0,22,9,960,10.7,3,0,3,3,0,0,0,0,0.28,,,,,,,,,,,,,,,,,,,,,,,,,1015,pt POR,"MF,FW",eng Premier League,22.0,2003.0,10.7,3,20,6,30.0,1.87,0.56,0.15,0.5,0,0,1257,pt POR,"MF,FW",eng Premier League,22.0,2003.0,22,960,44,28.1,10.7,9,72.0,1,13,24.0,4,0.59,12,18,-6,-0.56,0.72,1015,pt POR,"MF,FW",eng Premier League,22.0,2003.0,10.7,0,0,0,6,8,3,24,11,18,0,"MF,FW",False,False,True,True,False,True,960,22.0,1.6822429906542058,1.0280373831775702,0.5607476635514019,0.7476635514018692,0.0,0.0,2.2429906542056077,0.28037383177570097,False
807,Jeff Ekhator,it ITA,"FW,MF",Genoa,it Serie A,18.0,2006.0,30,9,956,10.6,3,0,3,3,0,0,3,0,0.28,,,,,,,,,,,,,,,,,,,,,,,,,807,it ITA,"FW,MF",it Serie A,18.0,2006.0,10.6,3,20,5,25.0,1.88,0.47,0.15,0.6,0,0,992,it ITA,"FW,MF",it Serie A,18.0,2006.0,30,956,32,28.0,10.6,9,62.0,0,21,19.0,7,1.03,13,15,-2,-0.19,0.1,807,it ITA,"FW,MF",it Serie A,18.0,2006.0,10.6,3,0,0,20,19,10,9,2,8,0,"FW,MF",False,False,True,True,False,True,956,18.0,0.7547169811320755,0.18867924528301888,1.8867924528301887,1.7924528301886793,0.2830188679245283,0.0,0.8490566037735849,0.9433962264150944,False
1843,Iker Muñoz,es ESP,MF,Osasuna,es La Liga,22.0,2002.0,19,8,952,10.6,0,0,0,0,0,0,5,0,0.0,,,,,,,,,,,,,,,,,,,,,,,,,1843,es ESP,MF,es La Liga,22.0,2002.0,10.6,0,9,4,44.4,0.85,0.38,0.0,0.0,0,0,2282,es ESP,MF,es La Liga,22.0,2002.0,19,952,50,27.8,10.6,8,77.0,2,11,31.0,18,1.32,12,12,0,0.0,0.22,1843,es ESP,MF,es La Liga,22.0,2002.0,10.6,5,0,0,18,21,1,6,12,7,0,MF,False,False,True,False,True,False,952,22.0,0.6603773584905661,1.1320754716981132,1.6981132075471699,1.9811320754716981,0.4716981132075472,0.0,0.5660377358490566,0.09433962264150944,False
1367,Justin Kluivert,nl NED,MF,Bournemouth,eng Premier League,26.0,1999.0,20,10,952,10.6,2,0,2,2,0,0,5,0,0.19,,,,,,,,,,,,,,,,,,,,,,,,,1367,nl NED,MF,eng Premier League,26.0,1999.0,10.6,2,17,4,23.5,1.61,0.38,0.12,0.5,0,0,1682,nl NED,MF,eng Premier League,26.0,1999.0,20,952,48,27.8,10.6,10,72.0,0,10,23.0,1,1.2,16,19,-3,-0.28,-0.54,1367,nl NED,MF,eng Premier League,26.0,1999.0,10.6,5,0,0,18,10,1,40,4,7,0,MF,False,False,True,False,True,False,952,26.0,0.6603773584905661,0.37735849056603776,1.6981132075471699,0.9433962264150944,0.4716981132075472,0.0,3.7735849056603774,0.09433962264150944,False
2023,Assan Ouedraogo,de GER,MF,RB Leipzig,de Bundesliga,19.0,2006.0,19,13,948,10.5,4,3,7,4,0,0,0,0,0.66,,,,,,,,,,,,,,,,,,,,,,,,,2023,de GER,MF,de Bundesliga,19.0,2006.0,10.5,4,27,13,48.1,2.56,1.23,0.15,0.31,0,0,2503,de GER,MF,de Bundesliga,19.0,2006.0,19,948,50,31.0,10.5,13,68.0,1,6,11.0,0,2.26,29,14,15,1.42,1.25,2023,de GER,MF,de Bundesliga,19.0,2006.0,10.5,0,0,0,4,22,1,4,3,6,0,MF,False,False,True,False,True,False,948,19.0,0.5714285714285714,0.2857142857142857,0.38095238095238093,2.0952380952380953,0.0,0.0,0.38095238095238093,0.09523809523809523,False
6,Himad Abdelli,dz ALG,MF,Angers,fr Ligue 1,25.0,1999.0,13,11,943,10.5,2,0,2,0,2,2,1,0,0.0,,,,,,,,,,,,,,,,,,,,,,,,,6,dz ALG,MF,fr Ligue 1,25.0,1999.0,10.5,2,11,5,45.5,1.05,0.48,0.0,0.0,2,2,7,dz ALG,MF,fr Ligue 1,25.0,1999.0,13,943,73,30.8,10.5,11,81.0,4,2,25.0,0,1.38,12,13,-1,-0.1,0.67,6,dz ALG,MF,fr Ligue 1,25.0,1999.0,10.5,1,0,0,16,12,1,9,13,17,0,MF,False,False,True,False,True,False,943,25.0,1.619047619047619,1.2380952380952381,1.5238095238095237,1.1428571428571428,0.09523809523809523,0.0,0.8571428571428571,0.09523809523809523,False
1005,Giorgi Gocholeishvili,ge GEO,MF,Hamburger SV,de Bundesliga,24.0,2001.0,24,9,940,10.4,0,2,2,0,0,0,3,1,0.19,,,,,,,,,,,,,,,,,,,,,,,,,1005,ge GEO,MF,de Bundesliga,24.0,2001.0,10.4,0,14,2,14.3,1.34,0.19,0.0,0.0,0,0,1245,ge GEO,MF,de Bundesliga,24.0,2001.0,24,940,39,30.7,10.4,9,78.0,1,15,16.0,6,1.33,9,12,-3,-0.29,0.18,1005,ge GEO,MF,de Bundesliga,24.0,2001.0,10.4,3,1,1,13,19,3,20,7,14,0,MF,False,False,True,False,True,False,940,24.0,1.346153846153846,0.673076923076923,1.25,1.8269230769230769,0.28846153846153844,0.09615384615384615,1.923076923076923,0.28846153846153844,False
1900,Luca Netz,de GER,"MF,DF",Gladbach,de Bundesliga,22.0,2003.0,15,10,940,10.4,0,2,2,0,0,0,1,0,0.19,,,,,,,,,,,,,,,,,,,,,,,,,1900,de GER,"MF,DF",de Bundesliga,22.0,2003.0,10.4,0,2,0,0.0,0.19,0.0,0.0,,0,0,2353,de GER,"MF,DF",de Bundesliga,22.0,2003.0,15,940,63,30.7,10.4,10,86.0,7,5,17.0,5,0.93,14,10,4,0.38,1.02,1900,de GER,"MF,DF",de Bundesliga,22.0,2003.0,10.4,1,0,0,8,2,0,26,7,10,0,"MF,DF",False,True,True,False,False,True,940,22.0,0.9615384615384615,0.673076923076923,0.7692307692307692,0.1923076923076923,0.09615384615384615,0.0,2.5,0.0,False
1021,Unai Gómez,es ESP,MF,Athletic Club,es La Liga,22.0,2003.0,26,12,936,10.4,1,1,2,1,0,0,1,0,0.19,,,,,,,,,,,,,,,,,,,,,,,,,1021,es ESP,MF,es La Liga,22.0,2003.0,10.4,1,23,7,30.4,2.21,0.67,0.04,0.14,0,0,1265,es ESP,MF,es La Liga,22.0,2003.0,26,936,36,27.4,10.4,12,53.0,0,14,21.0,10,1.31,9,24,-15,-1.44,-1.44,1021,es ESP,MF,es La Liga,22.0,2003.0,10.4,1,0,0,12,6,4,23,3,8,0,MF,False,False,True,False,True,False,936,22.0,0.7692307692307692,0.28846153846153844,1.1538461538461537,0.5769230769230769,0.09615384615384615,0.0,2.2115384615384617,0.3846153846153846,False
805,Chidera Ejuke,ng NGA,"MF,FW",Sevilla,es La Liga,27.0,1998.0,27,6,932,10.4,1,1,2,1,0,0,0,0,0.19,,,,,,,,,,,,,,,,,,,,,,,,,805,ng NGA,"MF,FW",es La Liga,27.0,1998.0,10.4,1,23,3,13.0,2.22,0.29,0.04,0.33,0,0,990,ng NGA,"MF,FW",es La Liga,27.0,1998.0,27,932,35,27.3,10.4,6,66.0,1,21,26.0,7,1.07,17,15,2,0.19,0.77,805,ng NGA,"MF,FW",es La Liga,27.0,1998.0,10.4,0,0,0,5,16,2,27,7,13,0,"MF,FW",False,False,True,True,False,True,932,27.0,1.25,0.673076923076923,0.4807692307692307,1.5384615384615383,0.0,0.0,2.5961538461538463,0.1923076923076923,False
1903,Florian Neuhaus,de GER,"MF,FW",Gladbach,de Bundesliga,28.0,1997.0,17,11,930,10.3,0,1,1,0,0,0,0,0,0.1,,,,,,,,,,,,,,,,,,,,,,,,,1903,de GER,"MF,FW",de Bundesliga,28.0,1997.0,10.3,0,22,6,27.3,2.13,0.58,0.0,0.0,0,0,2356,de GER,"MF,FW",de Bundesliga,28.0,1997.0,17,930,55,30.4,10.3,11,71.0,0,6,25.0,13,1.29,19,9,10,0.97,1.86,1903,de GER,"MF,FW",de Bundesliga,28.0,1997.0,10.3,0,0,0,9,9,0,9,9,7,0,"MF,FW",False,False,True,True,False,True,930,28.0,0.6796116504854368,0.8737864077669902,0.8737864077669902,0.8737864077669902,0.0,0.0,0.8737864077669902,0.0,False
1265,Jofre,es ESP,MF,Espanyol,es La Liga,24.0,2001.0,26,9,930,10.3,1,0,1,1,0,0,1,0,0.1,,,,,,,,,,,,,,,,,,,,,,,,,1265,es ESP,MF,es La Liga,24.0,2001.0,10.3,1,23,7,30.4,2.23,0.68,0.04,0.14,0,0,1555,es ESP,MF,es La Liga,24.0,2001.0,26,930,36,27.2,10.3,9,62.0,0,17,22.0,12,1.08,12,21,-9,-0.87,-0.76,1265,es ESP,MF,es La Liga,24.0,2001.0,10.3,1,0,0,13,27,2,35,6,6,0,MF,False,False,True,False,True,False,930,24.0,0.5825242718446602,0.5825242718446602,1.262135922330097,2.6213592233009706,0.0970873786407767,0.0,3.3980582524271843,0.1941747572815534,False
958,Fran Garcia,es ESP,"DF,MF",Real Madrid,es La Liga,25.0,1999.0,13,10,929,10.3,1,1,2,1,0,0,2,1,0.19,,,,,,,,,,,,,,,,,,,,,,,,,958,es ESP,"DF,MF",es La Liga,25.0,1999.0,10.3,1,6,2,33.3,0.58,0.19,0.17,0.5,0,0,1184,es ESP,"DF,MF",es La Liga,25.0,1999.0,13,929,71,27.2,10.3,10,83.0,6,3,34.0,24,2.08,19,10,9,0.87,-0.32,958,es ESP,"DF,MF",es La Liga,25.0,1999.0,10.3,2,1,1,7,14,1,28,6,12,0,"DF,MF",False,True,True,False,False,True,929,25.0,1.1650485436893203,0.5825242718446602,0.6796116504854368,1.3592233009708736,0.1941747572815534,0.0970873786407767,2.7184466019417473,0.0970873786407767,False
1807,Tete Morente,es ESP,MF,Elche,es La Liga,28.0,1996.0,13,11,929,10.3,1,1,2,1,0,0,1,0,0.19,,,,,,,,,,,,,,,,,,,,,,,,,1807,es ESP,MF,es La Liga,28.0,1996.0,10.3,1,8,1,12.5,0.78,0.1,0.13,1.0,0,0,2239,es ESP,MF,es La Liga,28.0,1996.0,13,929,71,27.2,10.3,11,79.0,5,2,28.0,3,1.46,9,13,-4,-0.39,-0.24,1807,es ESP,MF,es La Liga,28.0,1996.0,10.3,1,0,0,20,10,2,46,11,11,0,MF,False,False,True,False,True,False,929,28.0,1.0679611650485437,1.0679611650485437,1.9417475728155338,0.9708737864077669,0.0970873786407767,0.0,4.466019417475728,0.1941747572815534,False
695,Grady Diangana,cd COD,"MF,FW",Elche,es La Liga,27.0,1998.0,20,13,926,10.3,1,0,1,1,0,0,3,0,0.1,,,,,,,,,,,,,,,,,,,,,,,,,695,cd COD,"MF,FW",es La Liga,27.0,1998.0,10.3,1,16,2,12.5,1.56,0.19,0.06,0.5,0,0,857,cd COD,"MF,FW",es La Liga,27.0,1998.0,20,926,46,27.1,10.3,13,62.0,0,7,18.0,6,1.05,14,14,0,0.0,0.29,695,cd COD,"MF,FW",es La Liga,27.0,1998.0,10.3,3,0,0,15,19,5,12,4,6,0,"MF,FW",False,False,True,True,False,True,926,27.0,0.5825242718446602,0.3883495145631068,1.4563106796116503,1.8446601941747571,0.2912621359223301,0.0,1.1650485436893203,0.48543689320388345,False
1325,Adam Karabec,cz CZE,"MF,FW",Lyon,fr Ligue 1,22.0,2003.0,21,11,922,10.2,1,0,1,1,0,0,3,0,0.1,,,,,,,,,,,,,,,,,,,,,,,,,1325,cz CZE,"MF,FW",fr Ligue 1,22.0,2003.0,10.2,1,9,5,55.6,0.88,0.49,0.11,0.2,0,0,1626,cz CZE,"MF,FW",fr Ligue 1,22.0,2003.0,21,922,44,30.1,10.2,11,74.0,0,10,11.0,10,1.95,11,8,3,0.29,-0.13,1325,cz CZE,"MF,FW",fr Ligue 1,22.0,2003.0,10.2,3,0,0,14,20,3,80,1,3,0,"MF,FW",False,False,True,True,False,True,922,22.0,0.29411764705882354,0.09803921568627452,1.3725490196078431,1.9607843137254903,0.29411764705882354,0.0,7.843137254901961,0.29411764705882354,False
1897,David Neres,br BRA,"FW,MF",Napoli,it Serie A,28.0,1997.0,16,10,922,10.2,3,3,6,3,0,0,3,0,0.59,,,,,,,,,,,,,,,,,,,,,,,,,1897,br BRA,"FW,MF",it Serie A,28.0,1997.0,10.2,3,17,4,23.5,1.66,0.39,0.18,0.75,0,0,2350,br BRA,"FW,MF",it Serie A,28.0,1997.0,16,922,58,27.0,10.2,10,77.0,1,6,26.0,1,2.0,16,7,9,0.88,0.41,1897,br BRA,"FW,MF",it Serie A,28.0,1997.0,10.2,3,0,0,19,7,0,53,1,5,0,"FW,MF",False,False,True,True,False,True,922,28.0,0.4901960784313726,0.09803921568627452,1.8627450980392157,0.6862745098039216,0.29411764705882354,0.0,5.196078431372549,0.0,False
542,Carney Chukwuemeka,at AUT,"MF,FW",Dortmund,de Bundesliga,21.0,2003.0,28,8,919,10.2,2,0,2,2,0,0,2,0,0.2,,,,,,,,,,,,,,,,,,,,,,,,,542,at AUT,"MF,FW",de Bundesliga,21.0,2003.0,10.2,2,18,2,11.1,1.76,0.2,0.11,1.0,0,0,670,at AUT,"MF,FW",de Bundesliga,21.0,2003.0,28,919,33,30.0,10.2,8,73.0,1,20,17.0,3,2.32,21,7,14,1.37,0.45,542,at AUT,"MF,FW",de Bundesliga,21.0,2003.0,10.2,2,0,0,11,15,0,1,6,15,0,"MF,FW",False,False,True,True,False,True,919,21.0,1.4705882352941178,0.5882352941176471,1.0784313725490198,1.4705882352941178,0.19607843137254904,0.0,0.09803921568627452,0.0,False
1247,Bakery Jatta,gm GAM,MF,Hamburger SV,de Bundesliga,27.0,1998.0,15,12,911,10.1,1,1,2,1,0,0,1,0,0.2,,,,,,,,,,,,,,,,,,,,,,,,,1247,gm GAM,MF,de Bundesliga,27.0,1998.0,10.1,1,11,4,36.4,1.09,0.4,0.09,0.25,0,0,1534,gm GAM,MF,de Bundesliga,27.0,1998.0,15,911,61,29.8,10.1,12,71.0,2,3,20.0,1,1.33,16,12,4,0.4,1.15,1247,gm GAM,MF,de Bundesliga,27.0,1998.0,10.1,1,0,0,13,5,2,19,8,11,0,MF,False,False,True,False,True,False,911,27.0,1.0891089108910892,0.7920792079207921,1.2871287128712872,0.49504950495049505,0.09900990099009901,0.0,1.8811881188118813,0.19801980198019803,False
8,Salis Abdul Samed,gh GHA,MF,Nice,fr Ligue 1,25.0,2000.0,18,12,911,10.1,0,0,0,0,0,0,3,0,0.0,,,,,,,,,,,,,,,,,,,,,,,,,8,gh GHA,MF,fr Ligue 1,25.0,2000.0,10.1,0,1,0,0.0,0.1,0.0,0.0,,0,0,10,gh GHA,MF,fr Ligue 1,25.0,2000.0,18,911,51,29.8,10.1,12,67.0,2,6,18.0,12,1.06,15,17,-2,-0.2,0.68,8,gh GHA,MF,fr Ligue 1,25.0,2000.0,10.1,3,0,0,19,10,0,2,11,7,0,MF,False,False,True,False,True,False,911,25.0,0.6930693069306931,1.0891089108910892,1.8811881188118813,0.9900990099009901,0.297029702970297,0.0,0.19801980198019803,0.0,False
1124,Abdou Harroui,nl NED,MF,Hellas Verona,it Serie A,27.0,1998.0,23,11,907,10.1,1,0,1,0,1,1,3,0,0.0,,,,,,,,,,,,,,,,,,,,,,,,,1124,nl NED,MF,it Serie A,27.0,1998.0,10.1,1,12,2,16.7,1.19,0.2,0.0,0.0,1,1,1389,nl NED,MF,it Serie A,27.0,1998.0,23,907,39,26.5,10.1,11,66.0,0,12,15.0,11,0.57,7,21,-14,-1.39,-0.6,1124,nl NED,MF,it Serie A,27.0,1998.0,10.1,3,0,0,22,1,2,28,1,17,0,MF,False,False,True,False,True,False,907,27.0,1.6831683168316833,0.09900990099009901,2.1782178217821784,0.09900990099009901,0.297029702970297,0.0,2.7722772277227725,0.19801980198019803,False
1538,Iker Losada,es ESP,MF,Levante,es La Liga,23.0,2001.0,23,10,902,10.0,3,1,4,3,0,0,1,0,0.4,,,,,,,,,,,,,,,,,,,,,,,,,1538,es ESP,MF,es La Liga,23.0,2001.0,10.0,3,14,4,28.6,1.4,0.4,0.21,0.75,0,0,1903,es ESP,MF,es La Liga,23.0,2001.0,23,902,39,26.4,10.0,10,62.0,0,13,22.0,14,1.0,14,16,-2,-0.2,0.23,1538,es ESP,MF,es La Liga,23.0,2001.0,10.0,1,0,0,6,7,3,22,10,12,0,MF,False,False,True,False,True,False,902,23.0,1.2,1.0,0.6,0.7,0.1,0.0,2.2,0.3,False
