Rk,Player,Nation,Pos,Squad,Comp,Age,Born,MP,Starts,Min,90s,Gls,Ast,G+A,G-PK,PK,PKatt,CrdY,CrdR,G+A-PK,Rk_stats_keeper,Nation_stats_keeper,Pos_stats_keeper,Comp_stats_keeper,Age_stats_keeper,Born_stats_keeper,MP_stats_keeper,Starts_stats_keeper,Min_stats_keeper,90s_stats_keeper,GA,GA90,SoTA,Saves,Save%,W,D,L,CS,CS%,PKatt_stats_keeper,PKA,PKsv,PKm,Rk_stats_shooting,Nation_stats_shooting,Pos_stats_shooting,Comp_stats_shooting,Age_stats_shooting,Born_stats_shooting,90s_stats_shooting,Gls_stats_shooting,Sh,SoT,SoT%,Sh/90,SoT/90,G/Sh,G/SoT,PK_stats_shooting,PKatt_stats_shooting,Rk_stats_playing_time,Nation_stats_playing_time,Pos_stats_playing_time,Comp_stats_playing_time,Age_stats_playing_time,Born_stats_playing_time,MP_stats_playing_time,Min_stats_playing_time,Mn/MP,Min%,90s_stats_playing_time,Starts_stats_playing_time,Mn/Start,Compl,Subs,Mn/Sub,unSub,PPM,onG,onGA,+/-,+/-90,On-Off,Rk_stats_misc,Nation_stats_misc,Pos_stats_misc,Comp_stats_misc,Age_stats_misc,Born_stats_misc,90s_stats_misc,CrdY_stats_misc,CrdR_stats_misc,2CrdY,Fls,Fld,Off,Crs,Int,TklW,OG,position_tokens,is_goalkeeper,is_defender,is_midfielder,is_forward,is_pure_midfielder,is_mixed_midfielder,Min_numeric,Age_numeric,TklW_per90,Int_per90,Fls_per90,Fld_per90,CrdY_per90,CrdR_per90,Crs_per90,Off_per90,meets_preferred_minutes
114,Elliot Anderson,eng ENG,MF,Nottingham Forest,eng Premier League,22.0,2002.0,38,37,3331,37.0,4,4,8,3,1,1,8,0,0.19,,,,,,,,,,,,,,,,,,,,,,,,,114,eng ENG,MF,eng Premier League,22.0,2002.0,37.0,4,44,10,22.7,1.19,0.27,0.07,0.3,1,1,142,eng ENG,MF,eng Premier League,22.0,2002.0,38,3331,88,97.4,37.0,37,89.0,33,1,45.0,0,1.16,46,50,-4,-0.11,-1.12,114,eng ENG,MF,eng Premier League,22.0,2002.0,37.0,8,0,0,57,80,2,175,41,60,0,MF,False,False,True,False,True,False,3331,22.0,1.6216216216216217,1.1081081081081081,1.5405405405405406,2.1621621621621623,0.21621621621621623,0.0,4.72972972972973,0.05405405405405406,True
2255,Morgan Rogers,eng ENG,MF,Aston Villa,eng Premier League,23.0,2002.0,37,37,3280,36.4,10,6,16,10,0,0,7,0,0.44,,,,,,,,,,,,,,,,,,,,,,,,,2255,eng ENG,MF,eng Premier League,23.0,2002.0,36.4,10,84,32,38.1,2.3,0.88,0.12,0.31,0,0,2802,eng ENG,MF,eng Premier League,23.0,2002.0,37,3280,89,95.9,36.4,37,89.0,32,0,,0,1.68,53,48,5,0.14,-1.15,2255,eng ENG,MF,eng Premier League,23.0,2002.0,36.4,7,0,0,46,49,3,51,13,23,0,MF,False,False,True,False,True,False,3280,23.0,0.6318681318681318,0.35714285714285715,1.2637362637362637,1.3461538461538463,0.19230769230769232,0.0,1.4010989010989012,0.08241758241758242,True
1775,Tyrick Mitchell,eng ENG,MF,Crystal Palace,eng Premier League,25.0,1999.0,38,36,3251,36.1,1,2,3,1,0,0,6,0,0.08,,,,,,,,,,,,,,,,,,,,,,,,,1775,eng ENG,MF,eng Premier League,25.0,1999.0,36.1,1,19,7,36.8,0.53,0.19,0.05,0.14,0,0,2196,eng ENG,MF,eng Premier League,25.0,1999.0,38,3251,86,95.1,36.1,36,88.0,31,2,45.0,0,1.18,38,47,-9,-0.25,0.28,1775,eng ENG,MF,eng Premier League,25.0,1999.0,36.1,6,0,0,24,28,5,104,33,65,0,MF,False,False,True,False,True,False,3251,25.0,1.8005540166204985,0.9141274238227146,0.6648199445983379,0.7756232686980609,0.16620498614958448,0.0,2.880886426592798,0.13850415512465372,True
137,Mauro Arambarri,uy URU,MF,Getafe,es La Liga,29.0,1995.0,37,37,3249,36.1,6,2,8,4,2,3,6,0,0.17,,,,,,,,,,,,,,,,,,,,,,,,,137,uy URU,MF,es La Liga,29.0,1995.0,36.1,6,58,19,32.8,1.61,0.53,0.07,0.21,2,3,169,uy URU,MF,es La Liga,29.0,1995.0,37,3249,88,95.0,36.1,37,88.0,31,0,,0,1.38,32,37,-5,-0.14,0.39,137,uy URU,MF,es La Liga,29.0,1995.0,36.1,6,0,0,60,67,4,19,21,43,0,MF,False,False,True,False,True,False,3249,29.0,1.1911357340720221,0.5817174515235457,1.6620498614958448,1.85595567867036,0.16620498614958448,0.0,0.5263157894736842,0.11080332409972299,True
2173,Ylber Ramadani,al ALB,MF,Lecce,it Serie A,29.0,1996.0,37,37,3203,35.6,1,0,1,1,0,0,10,0,0.03,,,,,,,,,,,,,,,,,,,,,,,,,2173,al ALB,MF,it Serie A,29.0,1996.0,35.6,1,34,5,14.7,0.96,0.14,0.03,0.2,0,0,2703,al ALB,MF,it Serie A,29.0,1996.0,37,3203,87,93.7,35.6,37,87.0,25,0,,0,1.03,27,45,-18,-0.51,1.15,2173,al ALB,MF,it Serie A,29.0,1996.0,35.6,10,0,0,43,59,0,16,44,50,0,MF,False,False,True,False,True,False,3203,29.0,1.4044943820224718,1.2359550561797752,1.2078651685393258,1.6573033707865168,0.28089887640449435,0.0,0.449438202247191,0.0,True
864,Aleix Febas,es ESP,MF,Elche,es La Liga,29.0,1996.0,36,36,3160,35.1,2,2,4,2,0,0,10,0,0.11,,,,,,,,,,,,,,,,,,,,,,,,,864,es ESP,MF,es La Liga,29.0,1996.0,35.1,2,23,8,34.8,0.66,0.23,0.09,0.25,0,0,1064,es ESP,MF,es La Liga,29.0,1996.0,36,3160,88,92.4,35.1,36,88.0,30,0,,0,1.11,45,52,-7,-0.2,0.15,864,es ESP,MF,es La Liga,29.0,1996.0,35.1,10,0,0,34,118,1,22,27,46,0,MF,False,False,True,False,True,False,3160,29.0,1.3105413105413104,0.7692307692307692,0.9686609686609686,3.3618233618233617,0.2849002849002849,0.0,0.6267806267806267,0.02849002849002849,True
111,Ethan Ampadu,wls WAL,MF,Leeds United,eng Premier League,24.0,2000.0,35,35,3119,34.7,1,1,2,1,0,0,10,0,0.06,,,,,,,,,,,,,,,,,,,,,,,,,111,wls WAL,MF,eng Premier League,24.0,2000.0,34.7,1,26,6,23.1,0.75,0.17,0.04,0.17,0,0,139,wls WAL,MF,eng Premier League,24.0,2000.0,35,3119,89,91.2,34.7,35,89.0,31,0,,0,1.29,45,49,-4,-0.12,0.78,111,wls WAL,MF,eng Premier League,24.0,2000.0,34.7,10,0,0,50,36,0,25,50,46,0,MF,False,False,True,False,True,False,3119,24.0,1.3256484149855907,1.440922190201729,1.440922190201729,1.037463976945245,0.2881844380403458,0.0,0.7204610951008645,0.0,True
878,Enzo Fernández,ar ARG,MF,Chelsea,eng Premier League,24.0,2001.0,36,35,3115,34.6,10,4,14,8,2,2,10,0,0.35,,,,,,,,,,,,,,,,,,,,,,,,,878,ar ARG,MF,eng Premier League,24.0,2001.0,34.6,10,72,31,43.1,2.08,0.9,0.11,0.26,2,2,1083,ar ARG,MF,eng Premier League,24.0,2001.0,36,3115,87,91.1,34.6,35,88.0,28,1,37.0,0,1.36,53,46,7,0.2,0.5,878,ar ARG,MF,eng Premier League,24.0,2001.0,34.6,10,0,0,36,45,1,89,20,24,0,MF,False,False,True,False,True,False,3115,24.0,0.6936416184971098,0.5780346820809248,1.0404624277456647,1.3005780346820808,0.2890173410404624,0.0,2.5722543352601157,0.028901734104046242,True
323,Antonio Blanco,es ESP,MF,Alavés,es La Liga,25.0,2000.0,36,36,3110,34.6,2,3,5,2,0,0,9,0,0.14,,,,,,,,,,,,,,,,,,,,,,,,,323,es ESP,MF,es La Liga,25.0,2000.0,34.6,2,40,13,32.5,1.16,0.38,0.05,0.15,0,0,399,es ESP,MF,es La Liga,25.0,2000.0,36,3110,86,90.9,34.6,36,86.0,28,0,,1,1.08,36,52,-16,-0.46,-1.62,323,es ESP,MF,es La Liga,25.0,2000.0,34.6,9,0,0,71,43,2,30,51,49,0,MF,False,False,True,False,True,False,3110,25.0,1.416184971098266,1.4739884393063583,2.052023121387283,1.2427745664739884,0.26011560693641617,0.0,0.8670520231213873,0.057803468208092484,True
990,Morgan Gibbs-White,eng ENG,MF,Nottingham Forest,eng Premier League,25.0,2000.0,37,35,3097,34.4,15,4,19,14,1,1,1,0,0.52,,,,,,,,,,,,,,,,,,,,,,,,,990,eng ENG,MF,eng Premier League,25.0,2000.0,34.4,15,83,32,38.6,2.41,0.93,0.17,0.44,1,1,1226,eng ENG,MF,eng Premier League,25.0,2000.0,37,3097,84,90.6,34.4,35,87.0,20,2,33.0,0,1.16,42,45,-3,-0.09,-0.09,990,eng ENG,MF,eng Premier League,25.0,2000.0,34.4,1,0,0,26,41,5,42,12,16,0,MF,False,False,True,False,True,False,3097,25.0,0.46511627906976744,0.3488372093023256,0.7558139534883721,1.1918604651162792,0.029069767441860465,0.0,1.2209302325581395,0.14534883720930233,True
2217,Declan Rice,eng ENG,MF,Arsenal,eng Premier League,26.0,1999.0,36,35,3094,34.4,4,5,9,4,0,0,3,0,0.26,,,,,,,,,,,,,,,,,,,,,,,,,2217,eng ENG,MF,eng Premier League,26.0,1999.0,34.4,4,40,13,32.5,1.16,0.38,0.1,0.31,0,0,2754,eng ENG,MF,eng Premier League,26.0,1999.0,36,3094,86,90.5,34.4,35,88.0,29,1,23.0,1,2.19,62,25,37,1.08,-0.86,2217,eng ENG,MF,eng Premier League,26.0,1999.0,34.4,3,0,0,26,11,1,177,33,33,0,MF,False,False,True,False,True,False,3094,26.0,0.9593023255813954,0.9593023255813954,0.7558139534883721,0.31976744186046513,0.0872093023255814,0.0,5.145348837209302,0.029069767441860465,True
923,Morten Frendrup,dk DEN,MF,Genoa,it Serie A,24.0,2001.0,36,35,3081,34.2,1,0,1,1,0,0,5,0,0.03,,,,,,,,,,,,,,,,,,,,,,,,,923,dk DEN,MF,it Serie A,24.0,2001.0,34.2,1,8,3,37.5,0.23,0.09,0.13,0.33,0,0,1143,dk DEN,MF,it Serie A,24.0,2001.0,36,3081,86,90.1,34.2,35,87.0,26,1,28.0,0,0.97,36,45,-9,-0.26,0.0,923,dk DEN,MF,it Serie A,24.0,2001.0,34.2,5,0,0,41,39,0,5,41,71,0,MF,False,False,True,False,True,False,3081,24.0,2.0760233918128654,1.198830409356725,1.198830409356725,1.1403508771929824,0.14619883040935672,0.0,0.14619883040935672,0.0,True
802,Maximilian Eggestein,de GER,MF,Freiburg,de Bundesliga,28.0,1996.0,34,34,3060,34.0,3,1,4,3,0,0,4,0,0.12,,,,,,,,,,,,,,,,,,,,,,,,,802,de GER,MF,de Bundesliga,28.0,1996.0,34.0,3,44,13,29.5,1.29,0.38,0.07,0.23,0,0,986,de GER,MF,de Bundesliga,28.0,1996.0,34,3060,90,100.0,34.0,34,90.0,34,0,,0,1.38,51,57,-6,-0.18,,802,de GER,MF,de Bundesliga,28.0,1996.0,34.0,4,0,0,18,20,1,14,31,34,0,MF,False,False,True,False,True,False,3060,28.0,1.0,0.9117647058823529,0.5294117647058824,0.5882352941176471,0.11764705882352941,0.0,0.4117647058823529,0.029411764705882353,True
2353,Kaishu Sano,jp JPN,MF,Mainz 05,de Bundesliga,24.0,2000.0,34,34,3059,34.0,1,2,3,1,0,0,1,0,0.09,,,,,,,,,,,,,,,,,,,,,,,,,2353,jp JPN,MF,de Bundesliga,24.0,2000.0,34.0,1,24,6,25.0,0.71,0.18,0.04,0.17,0,0,2926,jp JPN,MF,de Bundesliga,24.0,2000.0,34,3059,90,100.0,34.0,34,90.0,33,0,,0,1.18,44,53,-9,-0.26,-0.26,2353,jp JPN,MF,de Bundesliga,24.0,2000.0,34.0,1,0,0,14,29,4,18,67,31,0,MF,False,False,True,False,True,False,3059,24.0,0.9117647058823529,1.9705882352941178,0.4117647058823529,0.8529411764705882,0.029411764705882353,0.0,0.5294117647058824,0.11764705882352941,True
1879,Michel Ndary Adopo,fr FRA,MF,Cagliari,it Serie A,25.0,2000.0,38,33,3050,33.9,1,2,3,1,0,0,4,0,0.09,,,,,,,,,,,,,,,,,,,,,,,,,1879,fr FRA,MF,it Serie A,25.0,2000.0,33.9,1,28,11,39.3,0.83,0.32,0.04,0.09,0,0,2327,fr FRA,MF,it Serie A,25.0,2000.0,38,3050,80,89.2,33.9,33,85.0,22,5,49.0,0,1.13,35,46,-11,-0.32,0.16,1879,fr FRA,MF,it Serie A,25.0,2000.0,33.9,4,0,0,35,25,5,26,31,32,0,MF,False,False,True,False,True,False,3050,25.0,0.943952802359882,0.9144542772861357,1.032448377581121,0.7374631268436579,0.11799410029498525,0.0,0.7669616519174042,0.14749262536873156,True
1792,Jon Moncayola,es ESP,MF,Osasuna,es La Liga,27.0,1998.0,36,35,3016,33.5,0,4,4,0,0,0,9,0,0.12,,,,,,,,,,,,,,,,,,,,,,,,,1792,es ESP,MF,es La Liga,27.0,1998.0,33.5,0,23,5,21.7,0.69,0.15,0.0,0.0,0,0,2216,es ESP,MF,es La Liga,27.0,1998.0,36,3016,84,88.2,33.5,35,85.0,21,1,25.0,0,1.0,34,45,-11,-0.33,-1.44,1792,es ESP,MF,es La Liga,27.0,1998.0,33.5,9,0,0,41,13,0,142,27,26,0,MF,False,False,True,False,True,False,3016,27.0,0.7761194029850746,0.8059701492537313,1.2238805970149254,0.3880597014925373,0.26865671641791045,0.0,4.2388059701492535,0.0,True
874,Mateus Fernandes,pt POR,MF,West Ham United,eng Premier League,21.0,2004.0,36,35,3016,33.5,3,4,7,3,0,0,7,0,0.21,,,,,,,,,,,,,,,,,,,,,,,,,874,pt POR,MF,eng Premier League,21.0,2004.0,33.5,3,28,8,28.6,0.84,0.24,0.11,0.38,0,0,1076,pt POR,MF,eng Premier League,21.0,2004.0,36,3016,84,88.2,33.5,35,85.0,23,1,26.0,0,1.08,40,50,-10,-0.3,1.71,874,pt POR,MF,eng Premier League,21.0,2004.0,33.5,7,0,0,49,49,0,51,36,67,0,MF,False,False,True,False,True,False,3016,21.0,2.0,1.0746268656716418,1.462686567164179,1.462686567164179,0.208955223880597,0.0,1.5223880597014925,0.0,True
1517,Manuel Locatelli,it ITA,MF,Juventus,it Serie A,27.0,1998.0,36,36,2994,33.3,1,2,3,1,0,1,9,0,0.09,,,,,,,,,,,,,,,,,,,,,,,,,1517,it ITA,MF,it Serie A,27.0,1998.0,33.3,1,46,12,26.1,1.38,0.36,0.02,0.08,0,1,1878,it ITA,MF,it Serie A,27.0,1998.0,36,2994,83,87.5,33.3,36,83.0,24,0,,1,1.86,49,28,21,0.63,-0.64,1517,it ITA,MF,it Serie A,27.0,1998.0,33.3,9,0,0,55,44,0,19,38,66,0,MF,False,False,True,False,True,False,2994,27.0,1.9819819819819822,1.1411411411411412,1.6516516516516517,1.3213213213213215,0.2702702702702703,0.0,0.5705705705705706,0.0,True
2835,Martín Zubimendi,es ESP,MF,Arsenal,eng Premier League,26.0,1999.0,38,34,2992,33.2,5,1,6,5,0,0,4,0,0.18,,,,,,,,,,,,,,,,,,,,,,,,,2835,es ESP,MF,eng Premier League,26.0,1999.0,33.2,5,27,9,33.3,0.81,0.27,0.19,0.56,0,0,3534,es ESP,MF,eng Premier League,26.0,1999.0,38,2992,79,87.5,33.2,34,84.0,22,4,32.0,0,2.24,57,25,32,0.96,-1.56,2835,es ESP,MF,eng Premier League,26.0,1999.0,33.2,4,0,0,33,15,1,13,39,39,0,MF,False,False,True,False,True,False,2992,26.0,1.1746987951807228,1.1746987951807228,0.9939759036144578,0.4518072289156626,0.12048192771084336,0.0,0.39156626506024095,0.03012048192771084,True
1049,Ryan Gravenberch,nl NED,MF,Liverpool,eng Premier League,23.0,2002.0,36,34,2992,33.2,5,3,8,5,0,0,5,0,0.24,,,,,,,,,,,,,,,,,,,,,,,,,1049,nl NED,MF,eng Premier League,23.0,2002.0,33.2,5,38,13,34.2,1.14,0.39,0.13,0.38,0,0,1302,nl NED,MF,eng Premier League,23.0,2002.0,36,2992,83,87.5,33.2,34,86.0,28,2,29.0,0,1.58,50,42,8,0.24,-0.18,1049,nl NED,MF,eng Premier League,23.0,2002.0,33.2,5,0,0,38,42,0,8,44,35,0,MF,False,False,True,False,True,False,2992,23.0,1.0542168674698795,1.325301204819277,1.1445783132530118,1.2650602409638554,0.1506024096385542,0.0,0.24096385542168672,0.0,True
1342,Mandela Keita,be BEL,MF,Parma,it Serie A,23.0,2002.0,37,36,2979,33.1,1,1,2,1,0,0,1,0,0.06,,,,,,,,,,,,,,,,,,,,,,,,,1342,be BEL,MF,it Serie A,23.0,2002.0,33.1,1,16,5,31.3,0.48,0.15,0.06,0.2,0,0,1647,be BEL,MF,it Serie A,23.0,2002.0,37,2979,81,87.1,33.1,36,83.0,19,1,6.0,0,1.22,19,37,-18,-0.54,-0.54,1342,be BEL,MF,it Serie A,23.0,2002.0,33.1,1,0,0,30,57,0,2,43,48,1,MF,False,False,True,False,True,False,2979,23.0,1.4501510574018126,1.2990936555891237,0.9063444108761329,1.7220543806646524,0.030211480362537763,0.0,0.060422960725075525,0.0,True
294,Sander Berge,no NOR,MF,Fulham,eng Premier League,27.0,1998.0,35,34,2905,32.3,0,1,1,0,0,0,5,0,0.03,,,,,,,,,,,,,,,,,,,,,,,,,294,no NOR,MF,eng Premier League,27.0,1998.0,32.3,0,14,3,21.4,0.43,0.09,0.0,0.0,0,0,365,no NOR,MF,eng Premier League,27.0,1998.0,35,2905,83,84.9,32.3,34,85.0,25,1,17.0,2,1.46,43,45,-2,-0.06,0.29,294,no NOR,MF,eng Premier League,27.0,1998.0,32.3,5,0,0,35,14,1,13,26,41,1,MF,False,False,True,False,True,False,2905,27.0,1.2693498452012384,0.8049535603715171,1.08359133126935,0.43343653250774,0.15479876160990713,0.0,0.40247678018575855,0.030959752321981428,True
37,Michel Aebischer,ch SUI,MF,Pisa,it Serie A,28.0,1997.0,35,33,2892,32.1,1,2,3,1,0,0,8,0,0.09,,,,,,,,,,,,,,,,,,,,,,,,,37,ch SUI,MF,it Serie A,28.0,1997.0,32.1,1,19,5,26.3,0.59,0.16,0.05,0.2,0,0,42,ch SUI,MF,it Serie A,28.0,1997.0,35,2892,83,84.6,32.1,33,85.0,25,2,45.0,1,0.51,23,49,-26,-0.81,2.43,37,ch SUI,MF,it Serie A,28.0,1997.0,32.1,8,0,0,44,38,0,43,35,37,0,MF,False,False,True,False,True,False,2892,28.0,1.1526479750778815,1.0903426791277258,1.3707165109034267,1.1838006230529594,0.24922118380062305,0.0,1.3395638629283488,0.0,True
2306,Noah Sadiki,cd COD,MF,Sunderland,eng Premier League,20.0,2004.0,33,33,2889,32.1,0,1,1,0,0,0,9,0,0.03,,,,,,,,,,,,,,,,,,,,,,,,,2306,cd COD,MF,eng Premier League,20.0,2004.0,32.1,0,19,5,26.3,0.59,0.16,0.0,0.0,0,0,2866,cd COD,MF,eng Premier League,20.0,2004.0,33,2889,88,84.5,32.1,33,88.0,26,0,,0,1.52,37,42,-5,-0.16,0.01,2306,cd COD,MF,eng Premier League,20.0,2004.0,32.1,9,0,0,31,40,2,21,33,26,0,MF,False,False,True,False,True,False,2889,20.0,0.8099688473520249,1.02803738317757,0.9657320872274143,1.2461059190031152,0.2803738317757009,0.0,0.6542056074766355,0.06230529595015576,True
2206,Nicolai Remberg,de GER,MF,Hamburger SV,de Bundesliga,25.0,2000.0,32,32,2880,32.0,0,2,2,0,0,0,11,0,0.06,,,,,,,,,,,,,,,,,,,,,,,,,2206,de GER,MF,de Bundesliga,25.0,2000.0,32.0,0,17,8,47.1,0.53,0.25,0.0,0.0,0,0,2742,de GER,MF,de Bundesliga,25.0,2000.0,32,2880,90,94.1,32.0,32,90.0,32,0,,0,1.16,38,49,-11,-0.34,1.16,2206,de GER,MF,de Bundesliga,25.0,2000.0,32.0,11,0,0,44,48,1,5,43,27,0,MF,False,False,True,False,True,False,2880,25.0,0.84375,1.34375,1.375,1.5,0.34375,0.0,0.15625,0.03125,True
2071,Nicolás Paz,ar ARG,MF,Como,it Serie A,20.0,2004.0,35,33,2878,32.0,12,6,18,12,0,2,5,0,0.56,,,,,,,,,,,,,,,,,,,,,,,,,2071,ar ARG,MF,it Serie A,20.0,2004.0,32.0,12,121,48,39.7,3.78,1.5,0.1,0.25,0,2,2562,ar ARG,MF,it Serie A,20.0,2004.0,35,2878,82,84.2,32.0,33,86.0,22,2,25.0,1,1.77,49,27,22,0.69,-1.64,2071,ar ARG,MF,it Serie A,20.0,2004.0,32.0,5,0,0,54,41,0,63,27,56,0,MF,False,False,True,False,True,False,2878,20.0,1.75,0.84375,1.6875,1.28125,0.15625,0.0,1.96875,0.0,True
2401,Alex Scott,eng ENG,MF,Bournemouth,eng Premier League,21.0,2003.0,37,34,2849,31.7,3,1,4,3,0,0,5,0,0.13,,,,,,,,,,,,,,,,,,,,,,,,,2401,eng ENG,MF,eng Premier League,21.0,2003.0,31.7,3,44,13,29.5,1.39,0.41,0.07,0.23,0,0,2987,eng ENG,MF,eng Premier League,21.0,2003.0,37,2849,77,83.3,31.7,34,80.0,19,3,39.0,0,1.51,50,42,8,0.25,0.88,2401,eng ENG,MF,eng Premier League,21.0,2003.0,31.7,5,0,0,45,60,1,88,35,38,0,MF,False,False,True,False,True,False,2849,21.0,1.1987381703470033,1.1041009463722398,1.4195583596214512,1.8927444794952681,0.15772870662460567,0.0,2.77602523659306,0.031545741324921134,True
909,Pablo Fornals,es ESP,MF,Real Betis,es La Liga,29.0,1996.0,37,34,2848,31.6,9,6,15,9,0,0,2,0,0.47,,,,,,,,,,,,,,,,,,,,,,,,,909,es ESP,MF,es La Liga,29.0,1996.0,31.6,9,43,18,41.9,1.36,0.57,0.21,0.5,0,0,1123,es ESP,MF,es La Liga,29.0,1996.0,37,2848,77,83.3,31.6,34,80.0,15,3,40.0,1,1.62,53,38,15,0.47,1.1,909,es ESP,MF,es La Liga,29.0,1996.0,31.6,2,0,0,32,26,13,140,34,26,0,MF,False,False,True,False,True,False,2848,29.0,0.8227848101265822,1.0759493670886076,1.0126582278481011,0.8227848101265822,0.06329113924050632,0.0,4.430379746835443,0.4113924050632911,True
1712,Weston McKennie,us USA,MF,Juventus,it Serie A,26.0,1998.0,36,32,2835,31.5,5,5,10,5,0,0,5,0,0.32,,,,,,,,,,,,,,,,,,,,,,,,,1712,us USA,MF,it Serie A,26.0,1998.0,31.5,5,43,16,37.2,1.37,0.51,0.12,0.31,0,0,2113,us USA,MF,it Serie A,26.0,1998.0,36,2835,79,82.9,31.5,32,87.0,23,4,13.0,1,1.81,53,31,22,0.7,-0.07,1712,us USA,MF,it Serie A,26.0,1998.0,31.5,5,0,0,44,11,7,36,26,24,0,MF,False,False,True,False,True,False,2835,26.0,0.7619047619047619,0.8253968253968254,1.3968253968253967,0.3492063492063492,0.15873015873015872,0.0,1.1428571428571428,0.2222222222222222,True
176,Leon Avdullahu,xk KVX,MF,Hoffenheim,de Bundesliga,21.0,2004.0,33,32,2834,31.5,0,1,1,0,0,0,5,0,0.03,,,,,,,,,,,,,,,,,,,,,,,,,176,xk KVX,MF,de Bundesliga,21.0,2004.0,31.5,0,14,2,14.3,0.44,0.06,0.0,0.0,0,0,216,xk KVX,MF,de Bundesliga,21.0,2004.0,33,2834,86,92.6,31.5,32,88.0,27,1,30.0,0,1.85,63,44,19,0.6,2.99,176,xk KVX,MF,de Bundesliga,21.0,2004.0,31.5,5,0,0,27,12,1,15,33,30,0,MF,False,False,True,False,True,False,2834,21.0,0.9523809523809523,1.0476190476190477,0.8571428571428571,0.38095238095238093,0.15873015873015872,0.0,0.47619047619047616,0.031746031746031744,True
1248,Mikel Jauregizar,es ESP,MF,Athletic Club,es La Liga,21.0,2003.0,36,34,2831,31.5,2,0,2,2,0,0,6,1,0.06,,,,,,,,,,,,,,,,,,,,,,,,,1248,es ESP,MF,es La Liga,21.0,2003.0,31.5,2,39,11,28.2,1.24,0.35,0.05,0.18,0,0,1536,es ESP,MF,es La Liga,21.0,2003.0,36,2831,79,82.8,31.5,34,82.0,19,2,29.0,0,1.17,30,45,-15,-0.48,-0.48,1248,es ESP,MF,es La Liga,21.0,2003.0,31.5,6,1,1,49,34,0,72,48,45,0,MF,False,False,True,False,True,False,2831,21.0,1.4285714285714286,1.5238095238095237,1.5555555555555556,1.0793650793650793,0.19047619047619047,0.031746031746031744,2.2857142857142856,0.0,True
633,Kévin Danois,fr FRA,MF,Auxerre,fr Ligue 1,21.0,2004.0,33,32,2830,31.4,3,1,4,3,0,0,3,0,0.13,,,,,,,,,,,,,,,,,,,,,,,,,633,fr FRA,MF,fr Ligue 1,21.0,2004.0,31.4,3,25,8,32.0,0.8,0.25,0.12,0.38,0,0,782,fr FRA,MF,fr Ligue 1,21.0,2004.0,33,2830,86,92.5,31.4,32,88.0,22,1,22.0,1,1.03,33,39,-6,-0.19,1.37,633,fr FRA,MF,fr Ligue 1,21.0,2004.0,31.4,3,0,0,33,26,3,130,38,48,0,MF,False,False,True,False,True,False,2830,21.0,1.5286624203821657,1.2101910828025477,1.0509554140127388,0.8280254777070064,0.09554140127388536,0.0,4.140127388535032,0.09554140127388536,True
1014,João Gomes,br BRA,MF,Wolves,eng Premier League,24.0,2001.0,35,32,2829,31.4,1,1,2,1,0,0,10,0,0.06,,,,,,,,,,,,,,,,,,,,,,,,,1014,br BRA,MF,eng Premier League,24.0,2001.0,31.4,1,19,7,36.8,0.6,0.22,0.05,0.14,0,0,1256,br BRA,MF,eng Premier League,24.0,2001.0,35,2829,81,82.7,31.4,32,86.0,23,3,24.0,1,0.51,21,56,-35,-1.11,-0.2,1014,br BRA,MF,eng Premier League,24.0,2001.0,31.4,10,0,0,69,49,1,31,36,68,0,MF,False,False,True,False,True,False,2829,24.0,2.1656050955414012,1.1464968152866242,2.1974522292993632,1.5605095541401275,0.3184713375796179,0.0,0.9872611464968153,0.03184713375796178,True
869,Robin Fellhauer,de GER,MF,Augsburg,de Bundesliga,27.0,1998.0,34,31,2799,31.1,3,2,5,3,0,0,2,0,0.16,,,,,,,,,,,,,,,,,,,,,,,,,869,de GER,MF,de Bundesliga,27.0,1998.0,31.1,3,30,9,30.0,0.96,0.29,0.1,0.33,0,0,1071,de GER,MF,de Bundesliga,27.0,1998.0,34,2799,82,91.5,31.1,31,85.0,19,3,56.0,0,1.26,38,56,-18,-0.58,-1.27,869,de GER,MF,de Bundesliga,27.0,1998.0,31.1,2,0,0,25,33,6,92,22,43,0,MF,False,False,True,False,True,False,2799,27.0,1.382636655948553,0.7073954983922829,0.8038585209003215,1.0610932475884245,0.06430868167202572,0.0,2.958199356913183,0.19292604501607716,True
426,Moisés Caicedo,ec ECU,MF,Chelsea,eng Premier League,23.0,2001.0,33,32,2795,31.1,3,1,4,3,0,0,11,1,0.13,,,,,,,,,,,,,,,,,,,,,,,,,426,ec ECU,MF,eng Premier League,23.0,2001.0,31.1,3,27,7,25.9,0.87,0.23,0.11,0.43,0,0,522,ec ECU,MF,eng Premier League,23.0,2001.0,33,2795,85,81.7,31.1,32,86.0,26,1,45.0,1,1.33,51,46,5,0.16,0.02,426,ec ECU,MF,eng Premier League,23.0,2001.0,31.1,11,1,0,54,55,0,8,59,47,0,MF,False,False,True,False,True,False,2795,23.0,1.5112540192926045,1.8971061093247588,1.7363344051446945,1.7684887459807073,0.35369774919614144,0.03215434083601286,0.2572347266881029,0.0,True
1715,Scott McTominay,sct SCO,MF,Napoli,it Serie A,28.0,1996.0,33,31,2791,31.0,10,3,13,10,0,1,1,0,0.42,,,,,,,,,,,,,,,,,,,,,,,,,1715,sct SCO,MF,it Serie A,28.0,1996.0,31.0,10,101,34,33.7,3.26,1.1,0.1,0.29,0,1,2119,sct SCO,MF,it Serie A,28.0,1996.0,33,2791,85,81.6,31.0,31,88.0,27,2,38.0,0,2.09,49,27,22,0.71,0.71,1715,sct SCO,MF,it Serie A,28.0,1996.0,31.0,1,0,0,24,73,5,10,23,13,0,MF,False,False,True,False,True,False,2791,28.0,0.41935483870967744,0.7419354838709677,0.7741935483870968,2.3548387096774195,0.03225806451612903,0.0,0.3225806451612903,0.16129032258064516,True
2309,Alexis Saelemaekers,be BEL,MF,Milan,it Serie A,26.0,1999.0,35,33,2788,31.0,3,3,6,3,0,0,5,0,0.19,,,,,,,,,,,,,,,,,,,,,,,,,2309,be BEL,MF,it Serie A,26.0,1999.0,31.0,3,43,11,25.6,1.39,0.36,0.07,0.27,0,0,2870,be BEL,MF,it Serie A,26.0,1999.0,35,2788,80,81.5,31.0,33,83.0,16,2,32.0,0,1.74,39,30,9,0.29,-0.99,2309,be BEL,MF,it Serie A,26.0,1999.0,31.0,5,0,0,26,64,2,82,30,38,0,MF,False,False,True,False,True,False,2788,26.0,1.2258064516129032,0.967741935483871,0.8387096774193549,2.064516129032258,0.16129032258064516,0.0,2.6451612903225805,0.06451612903225806,True
246,Christoph Baumgartner,at AUT,MF,RB Leipzig,de Bundesliga,25.0,1999.0,33,32,2780,30.9,13,8,21,13,0,1,10,0,0.68,,,,,,,,,,,,,,,,,,,,,,,,,246,at AUT,MF,de Bundesliga,25.0,1999.0,30.9,13,81,35,43.2,2.62,1.13,0.16,0.37,0,1,306,at AUT,MF,de Bundesliga,25.0,1999.0,33,2780,84,90.8,30.9,32,86.0,18,1,22.0,0,1.97,63,37,26,0.84,3.09,246,at AUT,MF,de Bundesliga,25.0,1999.0,30.9,10,0,0,63,33,4,6,22,40,0,MF,False,False,True,False,True,False,2780,25.0,1.2944983818770228,0.7119741100323624,2.0388349514563107,1.0679611650485437,0.3236245954692557,0.0,0.1941747572815534,0.12944983818770228,True
1883,Iliman Ndiaye,sn SEN,MF,Everton,eng Premier League,25.0,2000.0,32,32,2778,30.9,6,3,9,4,2,2,2,0,0.23,,,,,,,,,,,,,,,,,,,,,,,,,1883,sn SEN,MF,eng Premier League,25.0,2000.0,30.9,6,43,22,51.2,1.39,0.71,0.09,0.18,2,2,2332,sn SEN,MF,eng Premier League,25.0,2000.0,32,2778,87,81.2,30.9,32,87.0,21,0,,0,1.28,40,44,-4,-0.13,-0.27,1883,sn SEN,MF,eng Premier League,25.0,2000.0,30.9,2,0,0,30,37,12,55,17,40,0,MF,False,False,True,False,True,False,2778,25.0,1.2944983818770228,0.5501618122977346,0.970873786407767,1.197411003236246,0.06472491909385114,0.0,1.7799352750809063,0.3883495145631068,True
538,Joris Chotard,fr FRA,MF,Brest,fr Ligue 1,23.0,2001.0,33,31,2773,30.8,2,1,3,2,0,0,2,0,0.1,,,,,,,,,,,,,,,,,,,,,,,,,538,fr FRA,MF,fr Ligue 1,23.0,2001.0,30.8,2,25,8,32.0,0.81,0.26,0.08,0.25,0,0,666,fr FRA,MF,fr Ligue 1,23.0,2001.0,33,2773,84,90.6,30.8,31,88.0,25,2,18.0,0,1.15,39,47,-8,-0.26,0.99,538,fr FRA,MF,fr Ligue 1,23.0,2001.0,30.8,2,0,0,28,12,0,51,48,34,0,MF,False,False,True,False,True,False,2773,23.0,1.103896103896104,1.5584415584415585,0.9090909090909091,0.38961038961038963,0.06493506493506493,0.0,1.655844155844156,0.0,True
816,Mikael Ellertsson,is ISL,MF,Genoa,it Serie A,23.0,2002.0,36,31,2767,30.7,1,1,2,1,0,0,1,1,0.07,,,,,,,,,,,,,,,,,,,,,,,,,816,is ISL,MF,it Serie A,23.0,2002.0,30.7,1,26,6,23.1,0.85,0.2,0.04,0.17,0,0,1001,is ISL,MF,it Serie A,23.0,2002.0,36,2767,77,80.9,30.7,31,86.0,24,5,17.0,1,0.97,28,43,-15,-0.49,-1.18,816,is ISL,MF,it Serie A,23.0,2002.0,30.7,1,1,0,28,42,1,32,14,26,0,MF,False,False,True,False,True,False,2767,23.0,0.8469055374592834,0.45602605863192186,0.9120521172638437,1.3680781758957654,0.03257328990228013,0.03257328990228013,1.0423452768729642,0.03257328990228013,True
117,André,br BRA,MF,Wolves,eng Premier League,24.0,2001.0,35,30,2762,30.7,1,0,1,1,0,0,12,0,0.03,,,,,,,,,,,,,,,,,,,,,,,,,117,br BRA,MF,eng Premier League,24.0,2001.0,30.7,1,15,1,6.7,0.49,0.03,0.07,1.0,0,0,145,br BRA,MF,eng Premier League,24.0,2001.0,35,2762,79,80.8,30.7,30,86.0,24,5,34.0,0,0.51,19,53,-34,-1.11,-0.15,117,br BRA,MF,eng Premier League,24.0,2001.0,30.7,12,0,0,47,43,0,40,25,42,0,MF,False,False,True,False,True,False,2762,24.0,1.3680781758957654,0.8143322475570033,1.5309446254071661,1.4006514657980456,0.39087947882736157,0.0,1.3029315960912053,0.0,True
1571,Senne Lynen,be BEL,MF,Werder Bremen,de Bundesliga,26.0,1999.0,31,31,2752,30.6,0,0,0,0,0,0,4,0,0.0,,,,,,,,,,,,,,,,,,,,,,,,,1571,be BEL,MF,de Bundesliga,26.0,1999.0,30.6,0,25,4,16.0,0.82,0.13,0.0,0.0,0,0,1945,be BEL,MF,de Bundesliga,26.0,1999.0,31,2752,89,89.9,30.6,31,89.0,26,0,,0,0.9,33,54,-21,-0.69,-0.1,1571,be BEL,MF,de Bundesliga,26.0,1999.0,30.6,4,0,0,38,12,0,14,77,33,0,MF,False,False,True,False,True,False,2752,26.0,1.0784313725490196,2.5163398692810457,1.2418300653594772,0.39215686274509803,0.13071895424836602,0.0,0.45751633986928103,0.0,True
2508,Angelo Stiller,de GER,MF,Stuttgart,de Bundesliga,24.0,2001.0,34,30,2743,30.5,2,5,7,2,0,1,1,0,0.23,,,,,,,,,,,,,,,,,,,,,,,,,2508,de GER,MF,de Bundesliga,24.0,2001.0,30.5,2,17,8,47.1,0.56,0.26,0.12,0.25,0,1,3138,de GER,MF,de Bundesliga,24.0,2001.0,34,2743,81,89.6,30.5,30,88.0,23,4,26.0,0,1.82,65,43,22,0.72,0.72,2508,de GER,MF,de Bundesliga,24.0,2001.0,30.5,1,0,0,18,44,0,105,28,23,0,MF,False,False,True,False,True,False,2743,24.0,0.7540983606557377,0.9180327868852459,0.5901639344262295,1.4426229508196722,0.03278688524590164,0.0,3.442622950819672,0.0,True
2105,Máximo Perrone,ar ARG,MF,Como,it Serie A,22.0,2003.0,36,33,2742,30.5,3,4,7,3,0,0,8,0,0.23,,,,,,,,,,,,,,,,,,,,,,,,,2105,ar ARG,MF,it Serie A,22.0,2003.0,30.5,3,18,9,50.0,0.59,0.3,0.17,0.33,0,0,2606,ar ARG,MF,it Serie A,22.0,2003.0,36,2742,76,80.2,30.5,33,80.0,21,3,32.0,1,1.89,53,21,32,1.05,0.52,2105,ar ARG,MF,it Serie A,22.0,2003.0,30.5,8,0,0,43,23,1,11,21,38,0,MF,False,False,True,False,True,False,2742,22.0,1.2459016393442623,0.6885245901639344,1.4098360655737705,0.7540983606557377,0.26229508196721313,0.0,0.36065573770491804,0.03278688524590164,True
621,Lucas Da Cunha,fr FRA,MF,Como,it Serie A,24.0,2001.0,36,31,2739,30.4,6,4,10,2,4,4,4,0,0.2,,,,,,,,,,,,,,,,,,,,,,,,,621,fr FRA,MF,it Serie A,24.0,2001.0,30.4,6,42,16,38.1,1.38,0.53,0.05,0.13,4,4,768,fr FRA,MF,it Serie A,24.0,2001.0,36,2739,76,80.1,30.4,31,83.0,18,5,36.0,2,1.86,52,24,28,0.92,-0.14,621,fr FRA,MF,it Serie A,24.0,2001.0,30.4,4,0,0,34,19,1,99,18,33,0,MF,False,False,True,False,True,False,2739,24.0,1.0855263157894737,0.5921052631578948,1.118421052631579,0.625,0.13157894736842105,0.0,3.2565789473684212,0.03289473684210526,True
1390,Ismaël Koné,ca CAN,MF,Sassuolo,it Serie A,23.0,2002.0,35,33,2737,30.4,6,0,6,6,0,0,5,1,0.2,,,,,,,,,,,,,,,,,,,,,,,,,1390,ca CAN,MF,it Serie A,23.0,2002.0,30.4,6,23,10,43.5,0.76,0.33,0.26,0.6,0,0,1710,ca CAN,MF,it Serie A,23.0,2002.0,35,2737,78,80.0,30.4,33,81.0,11,2,30.0,1,1.37,37,39,-2,-0.07,0.2,1390,ca CAN,MF,it Serie A,23.0,2002.0,30.4,5,1,1,25,54,0,5,12,18,0,MF,False,False,True,False,True,False,2737,23.0,0.5921052631578948,0.39473684210526316,0.8223684210526316,1.7763157894736843,0.16447368421052633,0.03289473684210526,0.16447368421052633,0.0,True
2562,Marcus Tavernier,eng ENG,MF,Bournemouth,eng Premier League,26.0,1999.0,34,31,2732,30.4,7,4,11,5,2,2,6,0,0.3,,,,,,,,,,,,,,,,,,,,,,,,,2562,eng ENG,MF,eng Premier League,26.0,1999.0,30.4,7,70,24,34.3,2.31,0.79,0.07,0.21,2,2,3204,eng ENG,MF,eng Premier League,26.0,1999.0,34,2732,80,79.9,30.4,31,86.0,15,3,24.0,0,1.38,45,44,1,0.03,-0.36,2562,eng ENG,MF,eng Premier League,26.0,1999.0,30.4,6,0,0,31,35,4,114,16,21,0,MF,False,False,True,False,True,False,2732,26.0,0.6907894736842105,0.5263157894736842,1.0197368421052633,1.1513157894736843,0.19736842105263158,0.0,3.75,0.13157894736842105,True
131,Jaidon Anthony,eng ENG,MF,Burnley,eng Premier League,25.0,1999.0,37,32,2722,30.2,8,2,10,8,0,0,4,0,0.33,,,,,,,,,,,,,,,,,,,,,,,,,131,eng ENG,MF,eng Premier League,25.0,1999.0,30.2,8,55,23,41.8,1.82,0.76,0.15,0.35,0,0,163,eng ENG,MF,eng Premier League,25.0,1999.0,37,2722,74,79.6,30.2,32,82.0,13,5,17.0,1,0.59,30,59,-29,-0.96,0.07,131,eng ENG,MF,eng Premier League,25.0,1999.0,30.2,4,0,0,27,47,9,80,16,21,0,MF,False,False,True,False,True,False,2722,25.0,0.695364238410596,0.5298013245033113,0.8940397350993378,1.5562913907284768,0.13245033112582782,0.0,2.6490066225165565,0.2980132450331126,True
1195,Pierre Højbjerg,dk DEN,MF,Marseille,fr Ligue 1,29.0,1995.0,32,30,2712,30.1,4,5,9,4,0,0,4,0,0.3,,,,,,,,,,,,,,,,,,,,,,,,,1195,dk DEN,MF,fr Ligue 1,29.0,1995.0,30.1,4,46,14,30.4,1.53,0.46,0.09,0.29,0,0,1474,dk DEN,MF,fr Ligue 1,29.0,1995.0,32,2712,85,88.6,30.1,30,89.0,25,2,24.0,0,1.75,54,40,14,0.46,-0.57,1195,dk DEN,MF,fr Ligue 1,29.0,1995.0,30.1,4,0,0,38,46,0,10,26,24,0,MF,False,False,True,False,True,False,2712,29.0,0.7973421926910299,0.8637873754152824,1.2624584717607972,1.5282392026578073,0.13289036544850497,0.0,0.33222591362126247,0.0,True
718,Federico Dimarco,it ITA,MF,Inter,it Serie A,27.0,1997.0,35,30,2698,30.0,7,16,23,7,0,0,3,0,0.77,,,,,,,,,,,,,,,,,,,,,,,,,718,it ITA,MF,it Serie A,27.0,1997.0,30.0,7,65,22,33.8,2.17,0.73,0.11,0.32,0,0,883,it ITA,MF,it Serie A,27.0,1997.0,35,2698,77,78.9,30.0,30,84.0,20,5,36.0,3,2.23,73,27,46,1.53,0.54,718,it ITA,MF,it Serie A,27.0,1997.0,30.0,3,0,0,41,23,5,295,30,31,0,MF,False,False,True,False,True,False,2698,27.0,1.0333333333333334,1.0,1.3666666666666667,0.7666666666666667,0.1,0.0,9.833333333333334,0.16666666666666666,True
589,Samu Costa,pt POR,MF,Mallorca,es La Liga,24.0,2000.0,34,31,2697,30.0,7,2,9,7,0,0,11,0,0.3,,,,,,,,,,,,,,,,,,,,,,,,,589,pt POR,MF,es La Liga,24.0,2000.0,30.0,7,39,16,41.0,1.3,0.53,0.18,0.44,0,0,729,pt POR,MF,es La Liga,24.0,2000.0,34,2697,79,78.9,30.0,31,84.0,18,3,31.0,0,1.12,32,42,-10,-0.33,-0.33,589,pt POR,MF,es La Liga,24.0,2000.0,30.0,11,0,0,64,68,6,30,26,37,0,MF,False,False,True,False,True,False,2697,24.0,1.2333333333333334,0.8666666666666667,2.1333333333333333,2.2666666666666666,0.36666666666666664,0.0,1.0,0.2,True
2408,Nicolas Seiwald,at AUT,MF,RB Leipzig,de Bundesliga,24.0,2001.0,33,31,2694,29.9,0,2,2,0,0,0,2,0,0.07,,,,,,,,,,,,,,,,,,,,,,,,,2408,at AUT,MF,de Bundesliga,24.0,2001.0,29.9,0,20,7,35.0,0.67,0.23,0.0,0.0,0,0,2995,at AUT,MF,de Bundesliga,24.0,2001.0,33,2694,82,88.0,29.9,31,85.0,19,2,23.0,0,1.88,57,37,20,0.67,0.91,2408,at AUT,MF,de Bundesliga,24.0,2001.0,29.9,2,0,0,18,6,0,6,60,47,0,MF,False,False,True,False,True,False,2694,24.0,1.5719063545150502,2.0066889632107023,0.6020066889632107,0.20066889632107024,0.06688963210702341,0.0,0.20066889632107024,0.0,True
481,Sergio Carreira,es ESP,MF,Celta Vigo,es La Liga,24.0,2000.0,34,29,2694,29.9,2,1,3,2,0,0,2,0,0.1,,,,,,,,,,,,,,,,,,,,,,,,,481,es ESP,MF,es La Liga,24.0,2000.0,29.9,2,16,7,43.8,0.53,0.23,0.13,0.29,0,0,586,es ESP,MF,es La Liga,24.0,2000.0,34,2694,79,78.8,29.9,29,89.0,26,5,23.0,3,1.47,42,40,2,0.07,-0.31,481,es ESP,MF,es La Liga,24.0,2000.0,29.9,2,0,0,20,36,2,32,27,18,0,MF,False,False,True,False,True,False,2694,24.0,0.6020066889632107,0.9030100334448161,0.6688963210702341,1.2040133779264215,0.06688963210702341,0.0,1.0702341137123745,0.06688963210702341,True
595,Lassana Coulibaly,ml MLI,MF,Lecce,it Serie A,29.0,1996.0,33,31,2689,29.9,3,1,4,3,0,0,4,0,0.13,,,,,,,,,,,,,,,,,,,,,,,,,595,ml MLI,MF,it Serie A,29.0,1996.0,29.9,3,28,8,28.6,0.94,0.27,0.11,0.38,0,0,735,ml MLI,MF,it Serie A,29.0,1996.0,33,2689,81,78.6,29.9,31,86.0,21,2,18.0,1,1.12,23,34,-11,-0.37,0.99,595,ml MLI,MF,it Serie A,29.0,1996.0,29.9,4,0,0,34,52,1,18,9,28,0,MF,False,False,True,False,True,False,2689,29.0,0.9364548494983278,0.3010033444816054,1.1371237458193981,1.7391304347826089,0.13377926421404682,0.0,0.6020066889632107,0.033444816053511704,True
1588,Hugo Magnetti,fr FRA,MF,Brest,fr Ligue 1,27.0,1998.0,33,31,2688,29.9,1,1,2,1,0,0,4,1,0.07,,,,,,,,,,,,,,,,,,,,,,,,,1588,fr FRA,MF,fr Ligue 1,27.0,1998.0,29.9,1,22,5,22.7,0.74,0.17,0.05,0.2,0,0,1963,fr FRA,MF,fr Ligue 1,27.0,1998.0,33,2688,81,87.8,29.9,31,85.0,20,2,19.0,0,1.18,39,46,-7,-0.23,0.98,1588,fr FRA,MF,fr Ligue 1,27.0,1998.0,29.9,4,1,0,31,33,0,26,44,45,0,MF,False,False,True,False,True,False,2688,27.0,1.5050167224080269,1.4715719063545152,1.0367892976588629,1.1036789297658864,0.13377926421404682,0.033444816053511704,0.8695652173913044,0.0,True
42,Lucien Agoume,fr FRA,MF,Sevilla,es La Liga,23.0,2002.0,34,31,2686,29.8,1,3,4,1,0,0,12,0,0.13,,,,,,,,,,,,,,,,,,,,,,,,,42,fr FRA,MF,es La Liga,23.0,2002.0,29.8,1,15,2,13.3,0.5,0.07,0.07,0.5,0,0,47,fr FRA,MF,es La Liga,23.0,2002.0,34,2686,79,78.5,29.8,31,84.0,20,3,26.0,1,1.18,39,48,-9,-0.3,0.31,42,fr FRA,MF,es La Liga,23.0,2002.0,29.8,12,0,0,58,16,8,18,49,40,0,MF,False,False,True,False,True,False,2686,23.0,1.342281879194631,1.6442953020134228,1.9463087248322146,0.5369127516778524,0.40268456375838924,0.0,0.6040268456375839,0.2684563758389262,True
2766,Harry Wilson,wls WAL,MF,Fulham,eng Premier League,28.0,1997.0,36,32,2673,29.7,10,7,17,10,0,0,7,0,0.57,,,,,,,,,,,,,,,,,,,,,,,,,2766,wls WAL,MF,eng Premier League,28.0,1997.0,29.7,10,78,25,32.1,2.63,0.84,0.13,0.4,0,0,3451,wls WAL,MF,eng Premier League,28.0,1997.0,36,2673,74,78.2,29.7,32,81.0,8,4,23.0,0,1.44,40,38,2,0.07,0.79,2766,wls WAL,MF,eng Premier League,28.0,1997.0,29.7,7,0,0,13,37,13,115,16,19,0,MF,False,False,True,False,True,False,2673,28.0,0.6397306397306397,0.5387205387205387,0.4377104377104377,1.245791245791246,0.2356902356902357,0.0,3.872053872053872,0.4377104377104377,True
953,Aleix García,es ESP,MF,Leverkusen,de Bundesliga,28.0,1997.0,33,31,2667,29.6,3,8,11,3,0,0,6,0,0.37,,,,,,,,,,,,,,,,,,,,,,,,,953,es ESP,MF,de Bundesliga,28.0,1997.0,29.6,3,30,5,16.7,1.01,0.17,0.1,0.6,0,0,1179,es ESP,MF,de Bundesliga,28.0,1997.0,33,2667,81,87.2,29.6,31,83.0,19,2,43.0,0,1.7,59,39,20,0.67,0.45,953,es ESP,MF,de Bundesliga,28.0,1997.0,29.6,6,0,0,8,19,2,123,22,20,0,MF,False,False,True,False,True,False,2667,28.0,0.6756756756756757,0.7432432432432432,0.27027027027027023,0.6418918918918919,0.2027027027027027,0.0,4.155405405405405,0.06756756756756756,True
931,Joel Fujita,jp JPN,MF,St Pauli,de Bundesliga,23.0,2002.0,32,31,2665,29.6,1,3,4,1,0,0,6,0,0.14,,,,,,,,,,,,,,,,,,,,,,,,,931,jp JPN,MF,de Bundesliga,23.0,2002.0,29.6,1,32,7,21.9,1.08,0.24,0.03,0.14,0,0,1153,jp JPN,MF,de Bundesliga,23.0,2002.0,32,2665,83,87.1,29.6,31,85.0,23,1,22.0,0,0.69,25,53,-28,-0.95,-0.26,931,jp JPN,MF,de Bundesliga,23.0,2002.0,29.6,6,0,0,37,19,3,28,34,36,0,MF,False,False,True,False,True,False,2665,23.0,1.2162162162162162,1.1486486486486487,1.25,0.6418918918918919,0.2027027027027027,0.0,0.9459459459459459,0.10135135135135134,True
2787,Yehor Yarmoliuk,ua UKR,MF,Brentford,eng Premier League,21.0,2004.0,37,30,2659,29.5,1,2,3,1,0,0,7,0,0.1,,,,,,,,,,,,,,,,,,,,,,,,,2787,ua UKR,MF,eng Premier League,21.0,2004.0,29.5,1,16,4,25.0,0.54,0.14,0.06,0.25,0,0,3476,ua UKR,MF,eng Premier League,21.0,2004.0,37,2659,72,77.7,29.5,30,83.0,15,7,26.0,0,1.41,42,42,0,0.0,-0.35,2787,ua UKR,MF,eng Premier League,21.0,2004.0,29.5,7,0,0,37,12,1,30,28,46,0,MF,False,False,True,False,True,False,2659,21.0,1.5593220338983051,0.9491525423728814,1.2542372881355932,0.4067796610169492,0.23728813559322035,0.0,1.0169491525423728,0.03389830508474576,True
1574,Alexis Mac Allister,ar ARG,MF,Liverpool,eng Premier League,26.0,1998.0,37,31,2658,29.5,2,4,6,2,0,0,7,0,0.2,,,,,,,,,,,,,,,,,,,,,,,,,1574,ar ARG,MF,eng Premier League,26.0,1998.0,29.5,2,52,12,23.1,1.76,0.41,0.04,0.17,0,0,1949,ar ARG,MF,eng Premier League,26.0,1998.0,37,2658,72,77.7,29.5,31,82.0,20,6,20.0,0,1.54,45,41,4,0.14,-0.57,1574,ar ARG,MF,eng Premier League,26.0,1998.0,29.5,7,0,0,35,32,0,20,18,27,0,MF,False,False,True,False,True,False,2658,26.0,0.9152542372881356,0.6101694915254238,1.1864406779661016,1.0847457627118644,0.23728813559322035,0.0,0.6779661016949152,0.0,True
442,Mahdi Camara,fr FRA,MF,Rennes,fr Ligue 1,27.0,1998.0,32,31,2653,29.5,3,1,4,3,0,0,5,1,0.14,,,,,,,,,,,,,,,,,,,,,,,,,442,fr FRA,MF,fr Ligue 1,27.0,1998.0,29.5,3,29,12,41.4,0.98,0.41,0.1,0.25,0,0,542,fr FRA,MF,fr Ligue 1,27.0,1998.0,32,2653,83,86.7,29.5,31,85.0,23,1,27.0,0,1.72,54,41,13,0.44,1.33,442,fr FRA,MF,fr Ligue 1,27.0,1998.0,29.5,5,1,0,39,28,4,28,27,33,0,MF,False,False,True,False,True,False,2653,27.0,1.11864406779661,0.9152542372881356,1.3220338983050848,0.9491525423728814,0.1694915254237288,0.03389830508474576,0.9491525423728814,0.13559322033898305,True
2205,Rocco Reitz,de GER,MF,Gladbach,de Bundesliga,23.0,2002.0,31,31,2627,29.2,0,4,4,0,0,0,8,1,0.14,,,,,,,,,,,,,,,,,,,,,,,,,2205,de GER,MF,de Bundesliga,23.0,2002.0,29.2,0,47,14,29.8,1.61,0.48,0.0,0.0,0,0,2741,de GER,MF,de Bundesliga,23.0,2002.0,31,2627,85,85.8,29.2,31,85.0,19,0,,0,1.03,27,46,-19,-0.65,-2.31,2205,de GER,MF,de Bundesliga,23.0,2002.0,29.2,8,1,0,35,55,6,86,49,42,0,MF,False,False,True,False,True,False,2627,23.0,1.4383561643835616,1.678082191780822,1.1986301369863015,1.8835616438356164,0.273972602739726,0.03424657534246575,2.945205479452055,0.20547945205479454,True
682,Kiernan Dewsbury-Hall,eng ENG,MF,Everton,eng Premier League,26.0,1998.0,31,30,2626,29.2,8,4,12,8,0,0,6,0,0.41,,,,,,,,,,,,,,,,,,,,,,,,,682,eng ENG,MF,eng Premier League,26.0,1998.0,29.2,8,39,15,38.5,1.34,0.51,0.21,0.53,0,0,842,eng ENG,MF,eng Premier League,26.0,1998.0,31,2626,85,76.8,29.2,30,86.0,18,1,45.0,0,1.23,38,39,-1,-0.03,0.19,682,eng ENG,MF,eng Premier League,26.0,1998.0,29.2,6,0,0,32,48,2,112,14,26,0,MF,False,False,True,False,True,False,2626,26.0,0.8904109589041096,0.4794520547945206,1.095890410958904,1.6438356164383563,0.20547945205479454,0.0,3.8356164383561646,0.0684931506849315,True
1030,Urko González,es ESP,MF,Espanyol,es La Liga,24.0,2001.0,35,28,2623,29.1,0,1,1,0,0,0,7,0,0.03,,,,,,,,,,,,,,,,,,,,,,,,,1030,es ESP,MF,es La Liga,24.0,2001.0,29.1,0,18,1,5.6,0.62,0.03,0.0,0.0,0,0,1279,es ESP,MF,es La Liga,24.0,2001.0,35,2623,75,76.7,29.1,28,88.0,23,7,22.0,0,1.2,32,45,-13,-0.45,-0.56,1030,es ESP,MF,es La Liga,24.0,2001.0,29.1,7,0,0,42,42,1,12,29,33,0,MF,False,False,True,False,True,False,2623,24.0,1.134020618556701,0.9965635738831614,1.443298969072165,1.443298969072165,0.24054982817869414,0.0,0.41237113402061853,0.034364261168384876,True
2566,Aurélien Tchouaméni,fr FRA,MF,Real Madrid,es La Liga,25.0,2000.0,33,31,2615,29.1,1,0,1,1,0,0,8,0,0.03,,,,,,,,,,,,,,,,,,,,,,,,,2566,fr FRA,MF,es La Liga,25.0,2000.0,29.1,1,45,7,15.6,1.55,0.24,0.02,0.14,0,0,3208,fr FRA,MF,es La Liga,25.0,2000.0,33,2615,79,76.5,29.1,31,83.0,20,2,16.0,1,2.33,57,26,31,1.07,-0.16,2566,fr FRA,MF,es La Liga,25.0,2000.0,29.1,8,0,0,31,27,0,8,45,41,0,MF,False,False,True,False,True,False,2615,25.0,1.40893470790378,1.5463917525773194,1.0652920962199313,0.9278350515463917,0.274914089347079,0.0,0.274914089347079,0.0,True
1402,Arsène Kouassi,bf BFA,MF,Lorient,fr Ligue 1,20.0,2004.0,31,30,2605,28.9,2,6,8,2,0,0,4,0,0.28,,,,,,,,,,,,,,,,,,,,,,,,,1402,bf BFA,MF,fr Ligue 1,20.0,2004.0,28.9,2,9,5,55.6,0.31,0.17,0.22,0.4,0,0,1727,bf BFA,MF,fr Ligue 1,20.0,2004.0,31,2605,84,85.1,28.9,30,84.0,21,1,77.0,0,1.29,39,41,-2,-0.07,0.13,1402,bf BFA,MF,fr Ligue 1,20.0,2004.0,28.9,4,0,0,15,53,10,119,24,18,0,MF,False,False,True,False,True,False,2605,20.0,0.6228373702422145,0.8304498269896194,0.5190311418685122,1.8339100346020762,0.1384083044982699,0.0,4.11764705882353,0.34602076124567477,True
124,Samuele Angori,it ITA,MF,Pisa,it Serie A,21.0,2003.0,35,30,2599,28.9,0,2,2,0,0,0,2,0,0.07,,,,,,,,,,,,,,,,,,,,,,,,,124,it ITA,MF,it Serie A,21.0,2003.0,28.9,0,14,3,21.4,0.48,0.1,0.0,0.0,0,0,155,it ITA,MF,it Serie A,21.0,2003.0,35,2599,74,76.0,28.9,30,81.0,19,5,35.0,3,0.37,19,52,-33,-1.14,0.17,124,it ITA,MF,it Serie A,21.0,2003.0,28.9,2,0,0,17,54,3,165,23,25,0,MF,False,False,True,False,True,False,2599,21.0,0.8650519031141869,0.795847750865052,0.5882352941176471,1.8685121107266436,0.06920415224913495,0.0,5.709342560553633,0.10380622837370243,True
492,Cristian Cásseres Jr.,ve VEN,MF,Toulouse,fr Ligue 1,25.0,2000.0,31,29,2585,28.7,2,3,5,2,0,1,6,0,0.17,,,,,,,,,,,,,,,,,,,,,,,,,492,ve VEN,MF,fr Ligue 1,25.0,2000.0,28.7,2,26,6,23.1,0.91,0.21,0.08,0.33,0,1,601,ve VEN,MF,fr Ligue 1,25.0,2000.0,31,2585,83,84.5,28.7,29,87.0,23,2,32.0,0,1.23,35,38,-3,-0.1,-0.86,492,ve VEN,MF,fr Ligue 1,25.0,2000.0,28.7,6,0,0,40,43,1,99,37,43,0,MF,False,False,True,False,True,False,2585,25.0,1.4982578397212545,1.289198606271777,1.3937282229965158,1.4982578397212545,0.20905923344947736,0.0,3.4494773519163764,0.03484320557491289,True
2160,Arkadiusz Pyrka,pl POL,MF,St Pauli,de Bundesliga,22.0,2002.0,31,30,2576,28.6,0,1,1,0,0,0,3,0,0.03,,,,,,,,,,,,,,,,,,,,,,,,,2160,pl POL,MF,de Bundesliga,22.0,2002.0,28.6,0,19,3,15.8,0.66,0.1,0.0,0.0,0,0,2685,pl POL,MF,de Bundesliga,22.0,2002.0,31,2576,83,84.2,28.6,30,86.0,23,1,9.0,2,0.84,24,50,-26,-0.91,0.02,2160,pl POL,MF,de Bundesliga,22.0,2002.0,28.6,3,0,0,17,32,0,47,23,24,0,MF,False,False,True,False,True,False,2576,22.0,0.8391608391608392,0.8041958041958042,0.5944055944055944,1.1188811188811187,0.1048951048951049,0.0,1.6433566433566433,0.0,True
1884,Rassoul Ndiaye,sn SEN,MF,Le Havre,fr Ligue 1,23.0,2001.0,33,30,2566,28.5,4,4,8,4,0,0,2,0,0.28,,,,,,,,,,,,,,,,,,,,,,,,,1884,sn SEN,MF,fr Ligue 1,23.0,2001.0,28.5,4,34,9,26.5,1.19,0.32,0.12,0.44,0,0,2333,sn SEN,MF,fr Ligue 1,23.0,2001.0,33,2566,78,83.9,28.5,30,83.0,15,3,26.0,0,1.03,25,32,-7,-0.25,0.67,1884,sn SEN,MF,fr Ligue 1,23.0,2001.0,28.5,2,0,0,22,37,5,92,17,32,0,MF,False,False,True,False,True,False,2566,23.0,1.1228070175438596,0.5964912280701754,0.7719298245614035,1.2982456140350878,0.07017543859649122,0.0,3.2280701754385963,0.17543859649122806,True
170,Arthur Atta,fr FRA,MF,Udinese,it Serie A,22.0,2003.0,32,29,2557,28.4,5,3,8,5,0,0,3,0,0.28,,,,,,,,,,,,,,,,,,,,,,,,,170,fr FRA,MF,it Serie A,22.0,2003.0,28.4,5,57,20,35.1,2.01,0.7,0.09,0.25,0,0,209,fr FRA,MF,it Serie A,22.0,2003.0,32,2557,80,74.8,28.4,29,85.0,19,3,31.0,0,1.34,31,36,-5,-0.18,-0.38,170,fr FRA,MF,it Serie A,22.0,2003.0,28.4,3,0,0,23,32,8,56,23,17,0,MF,False,False,True,False,True,False,2557,22.0,0.5985915492957746,0.8098591549295775,0.8098591549295775,1.1267605633802817,0.10563380281690142,0.0,1.971830985915493,0.28169014084507044,True
857,Nicolò Fagioli,it ITA,MF,Fiorentina,it Serie A,24.0,2001.0,33,30,2554,28.4,2,3,5,2,0,0,5,0,0.18,,,,,,,,,,,,,,,,,,,,,,,,,857,it ITA,MF,it Serie A,24.0,2001.0,28.4,2,33,7,21.2,1.16,0.25,0.06,0.29,0,0,1051,it ITA,MF,it Serie A,24.0,2001.0,33,2554,77,74.7,28.4,30,82.0,14,3,34.0,4,1.09,31,42,-11,-0.39,-0.6,857,it ITA,MF,it Serie A,24.0,2001.0,28.4,5,0,0,23,45,0,84,18,31,0,MF,False,False,True,False,True,False,2554,24.0,1.091549295774648,0.6338028169014085,0.8098591549295775,1.5845070422535212,0.17605633802816903,0.0,2.9577464788732395,0.0,True
2756,Adam Wharton,eng ENG,MF,Crystal Palace,eng Premier League,21.0,2004.0,34,29,2552,28.4,1,5,6,1,0,0,6,1,0.21,,,,,,,,,,,,,,,,,,,,,,,,,2756,eng ENG,MF,eng Premier League,21.0,2004.0,28.4,1,32,6,18.8,1.13,0.21,0.03,0.17,0,0,3438,eng ENG,MF,eng Premier League,21.0,2004.0,34,2552,75,74.6,28.4,29,83.0,15,5,30.0,0,1.15,33,43,-10,-0.35,-0.35,2756,eng ENG,MF,eng Premier League,21.0,2004.0,28.4,6,1,1,35,31,0,86,27,36,0,MF,False,False,True,False,True,False,2552,21.0,1.267605633802817,0.9507042253521127,1.2323943661971832,1.091549295774648,0.21126760563380284,0.035211267605633804,3.028169014084507,0.0,True
2603,Sandro Tonali,it ITA,MF,Newcastle United,eng Premier League,25.0,2000.0,35,31,2534,28.2,0,2,2,0,0,0,4,0,0.07,,,,,,,,,,,,,,,,,,,,,,,,,2603,it ITA,MF,eng Premier League,25.0,2000.0,28.2,0,37,8,21.6,1.31,0.28,0.0,0.0,0,0,3252,it ITA,MF,eng Premier League,25.0,2000.0,35,2534,72,74.1,28.2,31,80.0,16,4,12.0,0,1.31,32,37,-5,-0.18,-0.48,2603,it ITA,MF,eng Premier League,25.0,2000.0,28.2,4,0,0,24,42,1,95,28,25,0,MF,False,False,True,False,True,False,2534,25.0,0.8865248226950355,0.9929078014184397,0.851063829787234,1.4893617021276595,0.14184397163120568,0.0,3.368794326241135,0.03546099290780142,True
1655,Iván Martín,es ESP,MF,Girona,es La Liga,26.0,1999.0,35,29,2532,28.1,0,1,1,0,0,0,5,1,0.04,,,,,,,,,,,,,,,,,,,,,,,,,1655,es ESP,MF,es La Liga,26.0,1999.0,28.1,0,13,5,38.5,0.46,0.18,0.0,0.0,0,0,2044,es ESP,MF,es La Liga,26.0,1999.0,35,2532,72,74.0,28.1,29,83.0,15,6,22.0,2,1.17,29,36,-7,-0.25,0.66,1655,es ESP,MF,es La Liga,26.0,1999.0,28.1,5,1,1,30,31,3,15,17,39,0,MF,False,False,True,False,True,False,2532,26.0,1.387900355871886,0.6049822064056939,1.0676156583629892,1.103202846975089,0.1779359430604982,0.03558718861209964,0.5338078291814946,0.10676156583629892,True
849,Edu Expósito,es ESP,MF,Espanyol,es La Liga,28.0,1996.0,36,32,2523,28.0,1,6,7,1,0,0,9,0,0.25,,,,,,,,,,,,,,,,,,,,,,,,,849,es ESP,MF,es La Liga,28.0,1996.0,28.0,1,44,13,29.5,1.57,0.46,0.02,0.08,0,0,1041,es ESP,MF,es La Liga,28.0,1996.0,36,2523,70,73.8,28.0,32,76.0,9,4,26.0,1,1.17,32,36,-4,-0.14,0.66,849,es ESP,MF,es La Liga,28.0,1996.0,28.0,9,0,0,28,42,2,254,24,29,0,MF,False,False,True,False,True,False,2523,28.0,1.0357142857142858,0.8571428571428571,1.0,1.5,0.32142857142857145,0.0,9.071428571428571,0.07142857142857142,True
1057,Álex Grimaldo,es ESP,MF,Leverkusen,de Bundesliga,29.0,1995.0,29,29,2521,28.0,8,7,15,5,3,3,5,0,0.43,,,,,,,,,,,,,,,,,,,,,,,,,1057,es ESP,MF,de Bundesliga,29.0,1995.0,28.0,8,61,21,34.4,2.18,0.75,0.08,0.24,3,3,1312,es ESP,MF,de Bundesliga,29.0,1995.0,29,2521,87,82.4,28.0,29,87.0,25,0,,1,1.79,60,40,20,0.71,0.55,1057,es ESP,MF,de Bundesliga,29.0,1995.0,28.0,5,0,0,11,29,8,174,18,25,0,MF,False,False,True,False,True,False,2521,29.0,0.8928571428571429,0.6428571428571429,0.39285714285714285,1.0357142857142858,0.17857142857142858,0.0,6.214285714285714,0.2857142857142857,True
226,Nicolò Barella,it ITA,MF,Inter,it Serie A,28.0,1997.0,34,31,2517,28.0,3,8,11,3,0,0,7,0,0.39,,,,,,,,,,,,,,,,,,,,,,,,,226,it ITA,MF,it Serie A,28.0,1997.0,28.0,3,35,5,14.3,1.25,0.18,0.09,0.6,0,0,281,it ITA,MF,it Serie A,28.0,1997.0,34,2517,74,73.6,28.0,31,78.0,11,3,29.0,1,2.26,61,25,36,1.29,-0.51,226,it ITA,MF,it Serie A,28.0,1997.0,28.0,7,0,0,33,22,4,102,9,31,0,MF,False,False,True,False,True,False,2517,28.0,1.1071428571428572,0.32142857142857145,1.1785714285714286,0.7857142857142857,0.25,0.0,3.642857142857143,0.14285714285714285,True
1816,Tyler Morton,eng ENG,MF,Lyon,fr Ligue 1,22.0,2002.0,29,29,2517,28.0,2,2,4,2,0,0,6,1,0.14,,,,,,,,,,,,,,,,,,,,,,,,,1816,eng ENG,MF,fr Ligue 1,22.0,2002.0,28.0,2,28,8,28.6,1.0,0.29,0.07,0.25,0,0,2249,eng ENG,MF,fr Ligue 1,22.0,2002.0,29,2517,87,82.3,28.0,29,87.0,22,0,,0,1.83,47,30,17,0.61,1.27,1816,eng ENG,MF,fr Ligue 1,22.0,2002.0,28.0,6,1,0,29,19,0,83,24,29,0,MF,False,False,True,False,True,False,2517,22.0,1.0357142857142858,0.8571428571428571,1.0357142857142858,0.6785714285714286,0.21428571428571427,0.03571428571428571,2.9642857142857144,0.0,True
45,Marc Aguado,es ESP,MF,Elche,es La Liga,25.0,2000.0,35,30,2500,27.8,1,2,3,1,0,0,3,0,0.11,,,,,,,,,,,,,,,,,,,,,,,,,45,es ESP,MF,es La Liga,25.0,2000.0,27.8,1,3,2,66.7,0.11,0.07,0.33,0.5,0,0,51,es ESP,MF,es La Liga,25.0,2000.0,35,2500,71,73.1,27.8,30,80.0,9,5,21.0,0,1.03,32,38,-6,-0.22,-0.02,45,es ESP,MF,es La Liga,25.0,2000.0,27.8,3,0,0,25,23,0,2,42,26,0,MF,False,False,True,False,True,False,2500,25.0,0.935251798561151,1.5107913669064748,0.8992805755395683,0.8273381294964028,0.1079136690647482,0.0,0.07194244604316546,0.0,True
1811,Ilaix Moriba,gn GUI,MF,Celta Vigo,es La Liga,22.0,2003.0,36,26,2495,27.7,2,3,5,2,0,0,8,0,0.18,,,,,,,,,,,,,,,,,,,,,,,,,1811,gn GUI,MF,es La Liga,22.0,2003.0,27.7,2,18,5,27.8,0.65,0.18,0.11,0.4,0,0,2243,gn GUI,MF,es La Liga,22.0,2003.0,36,2495,69,73.0,27.7,26,86.0,22,10,25.0,0,1.5,40,30,10,0.36,0.85,1811,gn GUI,MF,es La Liga,22.0,2003.0,27.7,8,0,0,40,58,0,2,24,42,0,MF,False,False,True,False,True,False,2495,22.0,1.516245487364621,0.8664259927797834,1.444043321299639,2.0938628158844765,0.2888086642599278,0.0,0.07220216606498195,0.0,True
830,Yannik Engelhardt,de GER,MF,Gladbach,de Bundesliga,24.0,2001.0,31,29,2487,27.6,2,2,4,2,0,0,7,0,0.14,,,,,,,,,,,,,,,,,,,,,,,,,830,de GER,MF,de Bundesliga,24.0,2001.0,27.6,2,21,5,23.8,0.76,0.18,0.1,0.4,0,0,1017,de GER,MF,de Bundesliga,24.0,2001.0,31,2487,80,81.3,27.6,29,85.0,22,2,18.0,0,1.19,38,39,-1,-0.04,1.53,830,de GER,MF,de Bundesliga,24.0,2001.0,27.6,7,0,0,41,34,0,6,36,23,0,MF,False,False,True,False,True,False,2487,24.0,0.8333333333333333,1.3043478260869565,1.4855072463768115,1.2318840579710144,0.25362318840579706,0.0,0.21739130434782608,0.0,True
1790,Alberto Moleiro,es ESP,MF,Villarreal,es La Liga,21.0,2003.0,37,30,2478,27.5,10,5,15,10,0,0,4,0,0.54,,,,,,,,,,,,,,,,,,,,,,,,,1790,es ESP,MF,es La Liga,21.0,2003.0,27.5,10,46,20,43.5,1.67,0.73,0.22,0.5,0,0,2213,es ESP,MF,es La Liga,21.0,2003.0,37,2478,67,72.5,27.5,30,77.0,9,7,23.0,1,1.95,54,31,23,0.84,0.55,1790,es ESP,MF,es La Liga,21.0,2003.0,27.5,4,0,0,33,27,3,31,14,21,0,MF,False,False,True,False,True,False,2478,21.0,0.7636363636363637,0.509090909090909,1.2,0.9818181818181818,0.14545454545454545,0.0,1.1272727272727272,0.10909090909090909,True
299,Adrian Bernabe,es ESP,MF,Parma,it Serie A,24.0,2001.0,32,31,2470,27.4,3,1,4,3,0,0,0,0,0.15,,,,,,,,,,,,,,,,,,,,,,,,,299,es ESP,MF,it Serie A,24.0,2001.0,27.4,3,50,12,24.0,1.82,0.44,0.06,0.25,0,0,370,es ESP,MF,it Serie A,24.0,2001.0,32,2470,77,72.2,27.4,31,79.0,6,1,32.0,0,1.28,20,33,-13,-0.47,0.0,299,es ESP,MF,it Serie A,24.0,2001.0,27.4,0,0,0,15,61,1,81,17,23,0,MF,False,False,True,False,True,False,2470,24.0,0.8394160583941607,0.6204379562043796,0.5474452554744526,2.226277372262774,0.0,0.0,2.956204379562044,0.03649635036496351,True
2203,Alberto Reina,es ESP,MF,Oviedo,es La Liga,27.0,1997.0,37,31,2462,27.4,4,1,5,4,0,0,6,1,0.18,,,,,,,,,,,,,,,,,,,,,,,,,2203,es ESP,MF,es La Liga,27.0,1997.0,27.4,4,24,11,45.8,0.88,0.4,0.17,0.36,0,0,2739,es ESP,MF,es La Liga,27.0,1997.0,37,2462,67,72.0,27.4,31,75.0,9,6,22.0,0,0.78,21,43,-22,-0.8,0.32,2203,es ESP,MF,es La Liga,27.0,1997.0,27.4,6,1,1,37,46,2,52,19,18,0,MF,False,False,True,False,True,False,2462,27.0,0.6569343065693432,0.6934306569343066,1.3503649635036497,1.6788321167883213,0.21897810218978103,0.03649635036496351,1.8978102189781023,0.07299270072992702,True
1052,Mason Greenwood,eng ENG,MF,Marseille,fr Ligue 1,23.0,2001.0,32,29,2462,27.4,16,7,23,10,6,8,4,0,0.62,,,,,,,,,,,,,,,,,,,,,,,,,1052,eng ENG,MF,fr Ligue 1,23.0,2001.0,27.4,16,116,48,41.4,4.24,1.75,0.09,0.21,6,8,1307,eng ENG,MF,fr Ligue 1,23.0,2001.0,32,2462,77,80.5,27.4,29,82.0,16,3,31.0,1,1.75,52,36,16,0.58,0.28,1052,eng ENG,MF,fr Ligue 1,23.0,2001.0,27.4,4,0,0,22,34,1,112,4,13,0,MF,False,False,True,False,True,False,2462,23.0,0.4744525547445256,0.14598540145985403,0.8029197080291971,1.2408759124087592,0.14598540145985403,0.0,4.087591240875913,0.03649635036496351,True
1120,Hákon Haraldsson,is ISL,MF,Lille,fr Ligue 1,22.0,2003.0,32,29,2460,27.3,8,2,10,8,0,0,6,0,0.37,,,,,,,,,,,,,,,,,,,,,,,,,1120,is ISL,MF,fr Ligue 1,22.0,2003.0,27.3,8,50,17,34.0,1.83,0.62,0.16,0.47,0,0,1384,is ISL,MF,fr Ligue 1,22.0,2003.0,32,2460,77,80.4,27.3,29,83.0,9,3,22.0,0,1.81,42,26,16,0.59,0.74,1120,is ISL,MF,fr Ligue 1,22.0,2003.0,27.3,6,0,0,28,43,0,75,12,15,0,MF,False,False,True,False,True,False,2460,22.0,0.5494505494505494,0.43956043956043955,1.0256410256410255,1.575091575091575,0.21978021978021978,0.0,2.7472527472527473,0.0,True
2495,Jens Stage,dk DEN,MF,Werder Bremen,de Bundesliga,28.0,1996.0,29,29,2460,27.3,10,2,12,10,0,0,5,0,0.44,,,,,,,,,,,,,,,,,,,,,,,,,2495,dk DEN,MF,de Bundesliga,28.0,1996.0,27.3,10,56,21,37.5,2.05,0.77,0.18,0.48,0,0,3119,dk DEN,MF,de Bundesliga,28.0,1996.0,29,2460,85,80.4,27.3,29,85.0,21,0,,0,0.97,26,45,-19,-0.7,-0.1,2495,dk DEN,MF,de Bundesliga,28.0,1996.0,27.3,5,0,0,35,30,3,14,18,32,0,MF,False,False,True,False,True,False,2460,28.0,1.1721611721611722,0.6593406593406593,1.282051282051282,1.0989010989010988,0.18315018315018314,0.0,0.5128205128205128,0.10989010989010989,True
2587,Kristian Thorstvedt,no NOR,MF,Sassuolo,it Serie A,26.0,1999.0,32,27,2460,27.3,4,4,8,4,0,0,9,0,0.29,,,,,,,,,,,,,,,,,,,,,,,,,2587,no NOR,MF,it Serie A,26.0,1999.0,27.3,4,43,13,30.2,1.57,0.48,0.09,0.31,0,0,3232,no NOR,MF,it Serie A,26.0,1999.0,32,2460,77,71.9,27.3,27,86.0,24,5,26.0,0,1.5,39,36,3,0.11,0.77,2587,no NOR,MF,it Serie A,26.0,1999.0,27.3,9,0,0,34,57,1,13,31,20,0,MF,False,False,True,False,True,False,2460,26.0,0.7326007326007326,1.1355311355311355,1.2454212454212454,2.087912087912088,0.32967032967032966,0.0,0.47619047619047616,0.03663003663003663,True
1391,Manu Koné,fr FRA,MF,Roma,it Serie A,24.0,2001.0,29,28,2456,27.3,2,3,5,2,0,0,2,0,0.18,,,,,,,,,,,,,,,,,,,,,,,,,1391,fr FRA,MF,it Serie A,24.0,2001.0,27.3,2,21,5,23.8,0.77,0.18,0.1,0.4,0,0,1712,fr FRA,MF,it Serie A,24.0,2001.0,29,2456,85,71.8,27.3,28,87.0,24,1,19.0,0,1.93,40,20,20,0.73,-0.01,1391,fr FRA,MF,it Serie A,24.0,2001.0,27.3,2,0,0,47,53,2,1,20,27,0,MF,False,False,True,False,True,False,2456,24.0,0.9890109890109889,0.7326007326007326,1.7216117216117215,1.9413919413919414,0.07326007326007326,0.0,0.03663003663003663,0.07326007326007326,True
2533,Daniel Svensson,se SWE,MF,Dortmund,de Bundesliga,23.0,2002.0,33,27,2454,27.3,2,2,4,2,0,0,0,0,0.15,,,,,,,,,,,,,,,,,,,,,,,,,2533,se SWE,MF,de Bundesliga,23.0,2002.0,27.3,2,12,4,33.3,0.44,0.15,0.17,0.5,0,0,3167,se SWE,MF,de Bundesliga,23.0,2002.0,33,2454,74,80.2,27.3,27,86.0,22,6,22.0,1,2.12,54,28,26,0.95,-0.53,2533,se SWE,MF,de Bundesliga,23.0,2002.0,27.3,0,0,0,28,22,2,129,20,26,0,MF,False,False,True,False,True,False,2454,23.0,0.9523809523809523,0.7326007326007326,1.0256410256410255,0.8058608058608059,0.0,0.0,4.725274725274725,0.07326007326007326,True
1086,Bruno Guimarães,br BRA,MF,Newcastle United,eng Premier League,27.0,1997.0,29,27,2453,27.3,9,5,14,7,2,2,6,0,0.44,,,,,,,,,,,,,,,,,,,,,,,,,1086,br BRA,MF,eng Premier League,27.0,1997.0,27.3,9,42,23,54.8,1.54,0.84,0.17,0.3,2,2,1345,br BRA,MF,eng Premier League,27.0,1997.0,29,2453,85,71.7,27.3,27,88.0,19,2,37.0,1,1.45,43,36,7,0.26,1.09,1086,br BRA,MF,eng Premier League,27.0,1997.0,27.3,6,0,0,45,75,2,82,16,41,0,MF,False,False,True,False,True,False,2453,27.0,1.5018315018315018,0.5860805860805861,1.6483516483516483,2.7472527472527473,0.21978021978021978,0.0,3.0036630036630036,0.07326007326007326,True
2755,Wesley,br BRA,MF,Roma,it Serie A,21.0,2003.0,30,28,2448,27.2,5,0,5,5,0,0,7,2,0.18,,,,,,,,,,,,,,,,,,,,,,,,,2755,br BRA,MF,it Serie A,21.0,2003.0,27.2,5,25,13,52.0,0.92,0.48,0.2,0.38,0,0,3437,br BRA,MF,it Serie A,21.0,2003.0,30,2448,82,71.6,27.2,28,85.0,17,2,37.0,0,2.0,47,17,30,1.1,1.29,2755,br BRA,MF,it Serie A,21.0,2003.0,27.2,7,2,1,36,57,2,95,23,40,0,MF,False,False,True,False,True,False,2448,21.0,1.4705882352941178,0.8455882352941176,1.3235294117647058,2.0955882352941178,0.2573529411764706,0.07352941176470588,3.4926470588235294,0.07352941176470588,True
709,Luis Díaz,co COL,MF,Bayern Munich,de Bundesliga,28.0,1997.0,32,27,2447,27.2,15,14,29,15,0,0,7,1,1.07,,,,,,,,,,,,,,,,,,,,,,,,,709,co COL,MF,de Bundesliga,28.0,1997.0,27.2,15,88,37,42.0,3.24,1.36,0.17,0.41,0,0,873,co COL,MF,de Bundesliga,28.0,1997.0,32,2447,76,80.0,27.2,27,84.0,19,5,37.0,0,2.66,98,29,69,2.54,0.04,709,co COL,MF,de Bundesliga,28.0,1997.0,27.2,7,1,1,35,38,26,45,17,13,0,MF,False,False,True,False,True,False,2447,28.0,0.47794117647058826,0.625,1.286764705882353,1.397058823529412,0.2573529411764706,0.03676470588235294,1.6544117647058825,0.9558823529411765,True
2588,Khéphren Thuram,fr FRA,MF,Juventus,it Serie A,24.0,2001.0,35,30,2442,27.1,3,3,6,3,0,0,2,0,0.22,,,,,,,,,,,,,,,,,,,,,,,,,2588,fr FRA,MF,it Serie A,24.0,2001.0,27.1,3,50,15,30.0,1.84,0.55,0.06,0.2,0,0,3233,fr FRA,MF,it Serie A,24.0,2001.0,35,2442,70,71.4,27.1,30,77.0,14,5,25.0,1,1.8,49,25,24,0.88,0.61,2588,fr FRA,MF,it Serie A,24.0,2001.0,27.1,2,0,0,38,12,3,16,12,32,0,MF,False,False,True,False,True,False,2442,24.0,1.1808118081180812,0.44280442804428044,1.4022140221402213,0.44280442804428044,0.07380073800738007,0.0,0.5904059040590406,0.11070110701107011,True
406,Wouter Burger,nl NED,MF,Hoffenheim,de Bundesliga,24.0,2001.0,30,30,2430,27.0,4,5,9,4,0,0,7,1,0.33,,,,,,,,,,,,,,,,,,,,,,,,,406,nl NED,MF,de Bundesliga,24.0,2001.0,27.0,4,36,13,36.1,1.33,0.48,0.11,0.31,0,0,501,nl NED,MF,de Bundesliga,24.0,2001.0,30,2430,81,79.4,27.0,30,81.0,18,0,,0,1.9,52,35,17,0.63,1.2,406,nl NED,MF,de Bundesliga,24.0,2001.0,27.0,7,1,0,57,12,1,89,19,42,0,MF,False,False,True,False,True,False,2430,24.0,1.5555555555555556,0.7037037037037037,2.111111111111111,0.4444444444444444,0.25925925925925924,0.037037037037037035,3.2962962962962963,0.037037037037037035,True
1673,Han-Noah Massengo,fr FRA,MF,Augsburg,de Bundesliga,24.0,2001.0,33,29,2427,27.0,2,1,3,2,0,0,5,0,0.11,,,,,,,,,,,,,,,,,,,,,,,,,1673,fr FRA,MF,de Bundesliga,24.0,2001.0,27.0,2,20,6,30.0,0.74,0.22,0.1,0.33,0,0,2065,fr FRA,MF,de Bundesliga,24.0,2001.0,33,2427,74,79.3,27.0,29,80.0,14,4,26.0,0,1.27,31,52,-21,-0.78,-1.49,1673,fr FRA,MF,de Bundesliga,24.0,2001.0,27.0,5,0,0,25,23,0,17,36,18,0,MF,False,False,True,False,True,False,2427,24.0,0.6666666666666666,1.3333333333333333,0.9259259259259259,0.8518518518518519,0.18518518518518517,0.0,0.6296296296296297,0.0,True
1621,Rolando Mandragora,it ITA,MF,Fiorentina,it Serie A,28.0,1997.0,34,30,2421,26.9,7,3,10,6,1,1,7,0,0.33,,,,,,,,,,,,,,,,,,,,,,,,,1621,it ITA,MF,it Serie A,28.0,1997.0,26.9,7,64,18,28.1,2.38,0.67,0.09,0.33,1,1,2000,it ITA,MF,it Serie A,28.0,1997.0,34,2421,71,70.8,26.9,30,75.0,11,4,41.0,1,1.03,29,33,-4,-0.15,0.3,1621,it ITA,MF,it Serie A,28.0,1997.0,26.9,7,0,0,37,56,0,69,15,24,0,MF,False,False,True,False,True,False,2421,28.0,0.892193308550186,0.5576208178438662,1.3754646840148699,2.0817843866171004,0.26022304832713755,0.0,2.5650557620817844,0.0,True
1231,Alex Iwobi,ng NGA,MF,Fulham,eng Premier League,29.0,1996.0,29,29,2419,26.9,4,3,7,4,0,0,3,0,0.26,,,,,,,,,,,,,,,,,,,,,,,,,1231,ng NGA,MF,eng Premier League,29.0,1996.0,26.9,4,39,15,38.5,1.45,0.56,0.1,0.27,0,0,1514,ng NGA,MF,eng Premier League,29.0,1996.0,29,2419,83,70.7,26.9,29,83.0,12,0,,0,1.31,36,40,-4,-0.15,-0.15,1231,ng NGA,MF,eng Premier League,29.0,1996.0,26.9,3,0,0,8,10,1,88,15,18,0,MF,False,False,True,False,True,False,2419,29.0,0.6691449814126395,0.5576208178438662,0.29739776951672864,0.3717472118959108,0.11152416356877325,0.0,3.271375464684015,0.03717472118959108,True
783,Aron Dønnum,no NOR,MF,Toulouse,fr Ligue 1,27.0,1998.0,28,28,2419,26.9,4,4,8,1,3,3,10,1,0.19,,,,,,,,,,,,,,,,,,,,,,,,,783,no NOR,MF,fr Ligue 1,27.0,1998.0,26.9,4,40,14,35.0,1.49,0.52,0.03,0.07,3,3,963,no NOR,MF,fr Ligue 1,27.0,1998.0,28,2419,86,79.1,26.9,28,86.0,23,0,,0,1.29,41,37,4,0.15,0.57,783,no NOR,MF,fr Ligue 1,27.0,1998.0,26.9,10,1,1,42,38,0,140,29,29,0,MF,False,False,True,False,True,False,2419,27.0,1.0780669144981414,1.0780669144981414,1.5613382899628254,1.412639405204461,0.3717472118959108,0.03717472118959108,5.204460966542751,0.0,True
746,Tyrhys Dolan,eng ENG,MF,Espanyol,es La Liga,23.0,2001.0,36,28,2415,26.8,2,5,7,2,0,0,7,1,0.26,,,,,,,,,,,,,,,,,,,,,,,,,746,eng ENG,MF,es La Liga,23.0,2001.0,26.8,2,34,12,35.3,1.27,0.45,0.06,0.17,0,0,913,eng ENG,MF,es La Liga,23.0,2001.0,36,2415,67,70.6,26.8,28,76.0,3,8,36.0,0,1.11,32,39,-7,-0.26,0.19,746,eng ENG,MF,es La Liga,23.0,2001.0,26.8,7,1,1,37,46,5,105,15,35,0,MF,False,False,True,False,True,False,2415,23.0,1.3059701492537312,0.5597014925373134,1.380597014925373,1.716417910447761,0.26119402985074625,0.03731343283582089,3.917910447761194,0.18656716417910446,True
566,Santi Comesaña,es ESP,MF,Villarreal,es La Liga,28.0,1996.0,34,28,2407,26.7,3,6,9,3,0,0,5,1,0.34,,,,,,,,,,,,,,,,,,,,,,,,,566,es ESP,MF,es La Liga,28.0,1996.0,26.7,3,27,7,25.9,1.01,0.26,0.11,0.43,0,0,699,es ESP,MF,es La Liga,28.0,1996.0,34,2407,71,70.4,26.7,28,81.0,14,6,25.0,1,1.91,55,29,26,0.97,0.97,566,es ESP,MF,es La Liga,28.0,1996.0,26.7,5,1,0,43,28,1,12,31,25,0,MF,False,False,True,False,True,False,2407,28.0,0.9363295880149813,1.1610486891385767,1.6104868913857677,1.0486891385767791,0.18726591760299627,0.03745318352059925,0.449438202247191,0.03745318352059925,True
1842,Daniel Muñoz,co COL,MF,Crystal Palace,eng Premier League,29.0,1996.0,29,29,2399,26.7,4,3,7,4,0,0,7,0,0.26,,,,,,,,,,,,,,,,,,,,,,,,,1842,co COL,MF,eng Premier League,29.0,1996.0,26.7,4,26,12,46.2,0.98,0.45,0.15,0.33,0,0,2280,co COL,MF,eng Premier League,29.0,1996.0,29,2399,83,70.1,26.7,29,83.0,22,0,,0,1.34,31,33,-2,-0.08,0.63,1842,co COL,MF,eng Premier League,29.0,1996.0,26.7,7,0,0,34,18,8,62,24,48,0,MF,False,False,True,False,True,False,2399,29.0,1.797752808988764,0.898876404494382,1.2734082397003745,0.6741573033707865,0.2621722846441948,0.0,2.3220973782771535,0.299625468164794,True
1770,Yankuba Minteh,gm GAM,MF,Brighton,eng Premier League,21.0,2004.0,34,26,2391,26.6,3,4,7,3,0,0,3,0,0.26,,,,,,,,,,,,,,,,,,,,,,,,,1770,gm GAM,MF,eng Premier League,21.0,2004.0,26.6,3,41,11,26.8,1.54,0.41,0.07,0.27,0,0,2188,gm GAM,MF,eng Premier League,21.0,2004.0,34,2391,70,69.9,26.6,26,83.0,11,8,29.0,2,1.26,39,33,6,0.23,0.23,1770,gm GAM,MF,eng Premier League,21.0,2004.0,26.6,3,0,0,32,22,10,159,15,37,0,MF,False,False,True,False,True,False,2391,21.0,1.3909774436090225,0.5639097744360902,1.2030075187969924,0.8270676691729323,0.11278195488721804,0.0,5.977443609022556,0.37593984962406013,True
2770,Florian Wirtz,de GER,MF,Liverpool,eng Premier League,22.0,2003.0,33,27,2378,26.4,5,3,8,5,0,0,1,0,0.3,,,,,,,,,,,,,,,,,,,,,,,,,2770,de GER,MF,eng Premier League,22.0,2003.0,26.4,5,51,18,35.3,1.93,0.68,0.1,0.28,0,0,3456,de GER,MF,eng Premier League,22.0,2003.0,33,2378,72,69.5,26.4,27,82.0,9,6,27.0,0,1.61,38,32,6,0.23,-0.12,2770,de GER,MF,eng Premier League,22.0,2003.0,26.4,1,0,0,22,19,2,32,12,26,0,MF,False,False,True,False,True,False,2378,22.0,0.9848484848484849,0.4545454545454546,0.8333333333333334,0.7196969696969697,0.03787878787878788,0.0,1.2121212121212122,0.07575757575757576,True
2494,Anton Stach,de GER,MF,Leeds United,eng Premier League,26.0,1998.0,29,28,2370,26.3,5,3,8,5,0,0,3,0,0.3,,,,,,,,,,,,,,,,,,,,,,,,,2494,de GER,MF,eng Premier League,26.0,1998.0,26.3,5,55,14,25.5,2.09,0.53,0.09,0.36,0,0,3117,de GER,MF,eng Premier League,26.0,1998.0,29,2370,82,69.3,26.3,28,84.0,19,1,31.0,1,1.03,31,36,-5,-0.19,-0.02,2494,de GER,MF,eng Premier League,26.0,1998.0,26.3,3,0,0,36,24,0,155,19,35,0,MF,False,False,True,False,True,False,2370,26.0,1.3307984790874525,0.7224334600760456,1.3688212927756653,0.9125475285171103,0.11406844106463879,0.0,5.893536121673003,0.0,True
1493,Jamie Leweling,de GER,MF,Stuttgart,de Bundesliga,24.0,2001.0,32,26,2367,26.3,7,9,16,7,0,0,4,0,0.61,,,,,,,,,,,,,,,,,,,,,,,,,1493,de GER,MF,de Bundesliga,24.0,2001.0,26.3,7,49,18,36.7,1.86,0.68,0.14,0.39,0,0,1847,de GER,MF,de Bundesliga,24.0,2001.0,32,2367,74,77.4,26.3,26,84.0,10,6,29.0,0,1.75,50,40,10,0.38,-1.18,1493,de GER,MF,de Bundesliga,24.0,2001.0,26.3,4,0,0,17,43,15,123,13,12,0,MF,False,False,True,False,True,False,2367,24.0,0.45627376425855515,0.49429657794676807,0.6463878326996197,1.6349809885931559,0.1520912547528517,0.0,4.67680608365019,0.5703422053231939,True
740,Ritsu Doan,jp JPN,MF,Eintracht Frankfurt,de Bundesliga,27.0,1998.0,31,28,2364,26.3,5,5,10,5,0,0,5,0,0.38,,,,,,,,,,,,,,,,,,,,,,,,,740,jp JPN,MF,de Bundesliga,27.0,1998.0,26.3,5,41,15,36.6,1.56,0.57,0.12,0.33,0,0,907,jp JPN,MF,de Bundesliga,27.0,1998.0,31,2364,76,77.3,26.3,28,81.0,11,3,33.0,1,1.32,50,44,6,0.23,1.52,740,jp JPN,MF,de Bundesliga,27.0,1998.0,26.3,5,0,0,26,35,3,111,17,23,0,MF,False,False,True,False,True,False,2364,27.0,0.8745247148288973,0.6463878326996197,0.9885931558935361,1.3307984790874525,0.19011406844106463,0.0,4.220532319391634,0.11406844106463879,True
2026,Elisha Owusu,gh GHA,MF,Auxerre,fr Ligue 1,27.0,1997.0,29,27,2344,26.0,0,0,0,0,0,0,7,0,0.0,,,,,,,,,,,,,,,,,,,,,,,,,2026,gh GHA,MF,fr Ligue 1,27.0,1997.0,26.0,0,7,0,0.0,0.27,0.0,0.0,,0,0,2508,gh GHA,MF,fr Ligue 1,27.0,1997.0,29,2344,81,76.6,26.0,27,86.0,19,2,15.0,0,1.0,26,31,-5,-0.19,0.44,2026,gh GHA,MF,fr Ligue 1,27.0,1997.0,26.0,7,0,0,48,22,0,1,21,51,0,MF,False,False,True,False,True,False,2344,27.0,1.9615384615384615,0.8076923076923077,1.8461538461538463,0.8461538461538461,0.2692307692307692,0.0,0.038461538461538464,0.0,True
2223,Fabian Rieder,ch SUI,MF,Augsburg,de Bundesliga,23.0,2002.0,32,28,2343,26.0,6,3,9,4,2,2,4,0,0.27,,,,,,,,,,,,,,,,,,,,,,,,,2223,ch SUI,MF,de Bundesliga,23.0,2002.0,26.0,6,38,13,34.2,1.46,0.5,0.11,0.31,2,2,2761,ch SUI,MF,de Bundesliga,23.0,2002.0,32,2343,73,76.6,26.0,28,82.0,16,4,13.0,0,1.25,36,53,-17,-0.65,-0.78,2223,ch SUI,MF,de Bundesliga,23.0,2002.0,26.0,4,0,0,45,38,2,116,13,20,0,MF,False,False,True,False,True,False,2343,23.0,0.7692307692307693,0.5,1.7307692307692308,1.4615384615384615,0.15384615384615385,0.0,4.461538461538462,0.07692307692307693,True
692,Amad Diallo,ci CIV,MF,Manchester Utd,eng Premier League,23.0,2002.0,32,27,2341,26.0,2,3,5,2,0,0,2,0,0.19,,,,,,,,,,,,,,,,,,,,,,,,,692,ci CIV,MF,eng Premier League,23.0,2002.0,26.0,2,53,23,43.4,2.04,0.88,0.04,0.09,0,0,853,ci CIV,MF,eng Premier League,23.0,2002.0,32,2341,73,68.5,26.0,27,82.0,17,5,25.0,0,2.03,52,33,19,0.73,0.73,692,ci CIV,MF,eng Premier League,23.0,2002.0,26.0,2,0,0,24,38,12,46,15,23,0,MF,False,False,True,False,True,False,2341,23.0,0.8846153846153846,0.5769230769230769,0.9230769230769231,1.4615384615384615,0.07692307692307693,0.0,1.7692307692307692,0.46153846153846156,True
2652,Lesley Ugochukwu,fr FRA,MF,Burnley,eng Premier League,21.0,2004.0,35,27,2336,26.0,3,1,4,3,0,0,3,1,0.15,,,,,,,,,,,,,,,,,,,,,,,,,2652,fr FRA,MF,eng Premier League,21.0,2004.0,26.0,3,23,8,34.8,0.89,0.31,0.13,0.38,0,0,3313,fr FRA,MF,eng Premier League,21.0,2004.0,35,2336,67,68.3,26.0,27,78.0,5,8,29.0,2,0.6,28,50,-22,-0.85,0.4,2652,fr FRA,MF,eng Premier League,21.0,2004.0,26.0,3,1,1,28,30,1,7,17,26,0,MF,False,False,True,False,True,False,2336,21.0,1.0,0.6538461538461539,1.0769230769230769,1.1538461538461537,0.11538461538461539,0.038461538461538464,0.2692307692307692,0.038461538461538464,True
2350,Mamadou Sangare,ml MLI,MF,Lens,fr Ligue 1,23.0,2002.0,29,27,2323,25.8,3,4,7,3,0,0,5,0,0.27,,,,,,,,,,,,,,,,,,,,,,,,,2350,ml MLI,MF,fr Ligue 1,23.0,2002.0,25.8,3,53,14,26.4,2.05,0.54,0.06,0.21,0,0,2923,ml MLI,MF,fr Ligue 1,23.0,2002.0,29,2323,80,75.9,25.8,27,84.0,20,2,33.0,0,2.1,47,29,18,0.7,-0.89,2350,ml MLI,MF,fr Ligue 1,23.0,2002.0,25.8,5,0,0,34,43,3,7,40,54,0,MF,False,False,True,False,True,False,2323,23.0,2.093023255813953,1.5503875968992247,1.317829457364341,1.6666666666666665,0.19379844961240308,0.0,0.2713178294573643,0.11627906976744186,True
2468,Carlos Soler,es ESP,MF,Real Sociedad,es La Liga,28.0,1997.0,33,26,2317,25.7,4,3,7,4,0,0,3,1,0.27,,,,,,,,,,,,,,,,,,,,,,,,,2468,es ESP,MF,es La Liga,28.0,1997.0,25.7,4,35,19,54.3,1.36,0.74,0.11,0.21,0,0,3084,es ESP,MF,es La Liga,28.0,1997.0,33,2317,70,67.7,25.7,26,81.0,10,7,31.0,1,1.21,37,39,-2,-0.08,-0.08,2468,es ESP,MF,es La Liga,28.0,1997.0,25.7,3,1,0,28,20,0,73,16,22,0,MF,False,False,True,False,True,False,2317,28.0,0.8560311284046693,0.622568093385214,1.0894941634241246,0.7782101167315175,0.11673151750972763,0.038910505836575876,2.840466926070039,0.0,True
1986,Michael Olise,fr FRA,MF,Bayern Munich,de Bundesliga,23.0,2001.0,32,23,2316,25.7,15,19,34,15,0,0,8,0,1.32,,,,,,,,,,,,,,,,,,,,,,,,,1986,fr FRA,MF,de Bundesliga,23.0,2001.0,25.7,15,102,50,49.0,3.96,1.94,0.15,0.3,0,0,2454,fr FRA,MF,de Bundesliga,23.0,2001.0,32,2316,72,75.7,25.7,23,86.0,14,9,38.0,1,2.59,94,25,69,2.68,0.62,1986,fr FRA,MF,de Bundesliga,23.0,2001.0,25.7,8,0,0,32,58,7,146,14,11,0,MF,False,False,True,False,True,False,2316,23.0,0.42801556420233466,0.5447470817120623,1.245136186770428,2.2568093385214008,0.311284046692607,0.0,5.680933852140078,0.27237354085603116,True
305,Antoine Bernede,fr FRA,MF,Hellas Verona,it Serie A,26.0,1999.0,32,29,2301,25.6,1,2,3,1,0,0,2,0,0.12,,,,,,,,,,,,,,,,,,,,,,,,,305,fr FRA,MF,it Serie A,26.0,1999.0,25.6,1,21,4,19.0,0.82,0.16,0.05,0.25,0,0,376,fr FRA,MF,it Serie A,26.0,1999.0,32,2301,72,67.3,25.6,29,76.0,10,3,29.0,1,0.56,18,38,-20,-0.78,0.5,305,fr FRA,MF,it Serie A,26.0,1999.0,25.6,2,0,0,55,20,1,25,16,39,0,MF,False,False,True,False,True,False,2301,26.0,1.5234375,0.625,2.1484375,0.78125,0.078125,0.0,0.9765625,0.0390625,True
2616,Idrissa Touré,de GER,MF,Pisa,it Serie A,27.0,1998.0,32,26,2279,25.3,1,0,1,1,0,0,4,1,0.04,,,,,,,,,,,,,,,,,,,,,,,,,2616,de GER,MF,it Serie A,27.0,1998.0,25.3,1,29,8,27.6,1.15,0.32,0.03,0.13,0,0,3269,de GER,MF,it Serie A,27.0,1998.0,32,2279,71,66.6,25.3,26,83.0,19,6,19.0,4,0.53,17,46,-29,-1.15,0.12,2616,de GER,MF,it Serie A,27.0,1998.0,25.3,4,1,0,23,19,5,67,25,28,0,MF,False,False,True,False,True,False,2279,27.0,1.1067193675889329,0.9881422924901185,0.9090909090909091,0.7509881422924901,0.15810276679841898,0.039525691699604744,2.6482213438735176,0.1976284584980237,True
2021,Dango Ouattara,bf BFA,MF,Brentford,eng Premier League,23.0,2002.0,32,25,2276,25.3,7,3,10,7,0,0,5,0,0.4,,,,,,,,,,,,,,,,,,,,,,,,,2021,bf BFA,MF,eng Premier League,23.0,2002.0,25.3,7,56,20,35.7,2.21,0.79,0.13,0.35,0,0,2501,bf BFA,MF,eng Premier League,23.0,2002.0,32,2276,71,66.5,25.3,25,84.0,12,7,25.0,0,1.25,35,35,0,0.0,-0.24,2021,bf BFA,MF,eng Premier League,23.0,2002.0,25.3,5,0,0,27,39,8,107,24,14,0,MF,False,False,True,False,True,False,2276,23.0,0.5533596837944664,0.9486166007905138,1.0671936758893281,1.541501976284585,0.1976284584980237,0.0,4.229249011857707,0.31620553359683795,True
2297,Julian Ryerson,no NOR,MF,Dortmund,de Bundesliga,27.0,1997.0,31,26,2266,25.2,0,15,15,0,0,0,8,0,0.6,,,,,,,,,,,,,,,,,,,,,,,,,2297,no NOR,MF,de Bundesliga,27.0,1997.0,25.2,0,12,1,8.3,0.48,0.04,0.0,0.0,0,0,2854,no NOR,MF,de Bundesliga,27.0,1997.0,31,2266,73,74.1,25.2,26,84.0,15,5,17.0,2,2.23,48,21,27,1.07,0.05,2297,no NOR,MF,de Bundesliga,27.0,1997.0,25.2,8,0,0,26,21,4,250,12,21,0,MF,False,False,True,False,True,False,2266,27.0,0.8333333333333334,0.4761904761904762,1.0317460317460319,0.8333333333333334,0.31746031746031744,0.0,9.920634920634921,0.15873015873015872,True
1488,Johann Lepenant,fr FRA,MF,Nantes,fr Ligue 1,22.0,2002.0,28,24,2263,25.1,0,1,1,0,0,0,4,0,0.04,,,,,,,,,,,,,,,,,,,,,,,,,1488,fr FRA,MF,fr Ligue 1,22.0,2002.0,25.1,0,22,7,31.8,0.87,0.28,0.0,0.0,0,0,1839,fr FRA,MF,fr Ligue 1,22.0,2002.0,28,2263,81,74.0,25.1,24,88.0,18,4,40.0,0,0.64,21,33,-12,-0.48,0.76,1488,fr FRA,MF,fr Ligue 1,22.0,2002.0,25.1,4,0,0,29,48,0,74,28,47,0,MF,False,False,True,False,True,False,2263,22.0,1.8725099601593624,1.1155378486055776,1.1553784860557768,1.9123505976095616,0.1593625498007968,0.0,2.948207171314741,0.0,True
756,Niklas Dorsch,de GER,MF,Heidenheim,de Bundesliga,27.0,1998.0,32,27,2258,25.1,0,1,1,0,0,0,2,0,0.04,,,,,,,,,,,,,,,,,,,,,,,,,756,de GER,MF,de Bundesliga,27.0,1998.0,25.1,0,14,3,21.4,0.56,0.12,0.0,0.0,0,0,926,de GER,MF,de Bundesliga,27.0,1998.0,32,2258,71,73.8,25.1,27,79.0,10,5,24.0,1,0.81,28,51,-23,-0.92,-0.02,756,de GER,MF,de Bundesliga,27.0,1998.0,25.1,2,0,0,30,27,1,33,19,31,0,MF,False,False,True,False,True,False,2258,27.0,1.2350597609561753,0.7569721115537849,1.195219123505976,1.0756972111553784,0.0796812749003984,0.0,1.3147410358565736,0.0398406374501992,True
2398,Jan Schöppner,de GER,MF,Heidenheim,de Bundesliga,26.0,1999.0,31,29,2252,25.0,3,3,6,3,0,0,5,0,0.24,,,,,,,,,,,,,,,,,,,,,,,,,2398,de GER,MF,de Bundesliga,26.0,1999.0,25.0,3,25,7,28.0,1.0,0.28,0.12,0.43,0,0,2984,de GER,MF,de Bundesliga,26.0,1999.0,31,2252,73,73.6,25.0,29,76.0,15,2,28.0,2,0.81,26,51,-25,-1.0,-0.33,2398,de GER,MF,de Bundesliga,26.0,1999.0,25.0,5,0,0,21,17,3,14,32,17,0,MF,False,False,True,False,True,False,2252,26.0,0.68,1.28,0.84,0.68,0.2,0.0,0.56,0.12,True
1458,Valentino Lazaro,at AUT,MF,Torino,it Serie A,29.0,1996.0,31,26,2252,25.0,0,2,2,0,0,0,4,0,0.08,,,,,,,,,,,,,,,,,,,,,,,,,1458,at AUT,MF,it Serie A,29.0,1996.0,25.0,0,8,2,25.0,0.32,0.08,0.0,0.0,0,0,1801,at AUT,MF,it Serie A,29.0,1996.0,31,2252,73,65.8,25.0,26,82.0,15,5,24.0,7,1.1,23,48,-25,-1.0,-1.46,1458,at AUT,MF,it Serie A,29.0,1996.0,25.0,4,0,0,37,9,1,135,22,25,0,MF,False,False,True,False,True,False,2252,29.0,1.0,0.88,1.48,0.36,0.16,0.0,5.4,0.04,True
1252,Mathias Jensen,dk DEN,MF,Brentford,eng Premier League,29.0,1996.0,36,26,2247,25.0,3,1,4,3,0,0,3,0,0.16,,,,,,,,,,,,,,,,,,,,,,,,,1252,dk DEN,MF,eng Premier League,29.0,1996.0,25.0,3,29,8,27.6,1.16,0.32,0.1,0.38,0,0,1541,dk DEN,MF,eng Premier League,29.0,1996.0,36,2247,62,65.7,25.0,26,81.0,13,10,13.0,2,1.47,35,33,2,0.08,0.0,1252,dk DEN,MF,eng Premier League,29.0,1996.0,25.0,3,0,0,20,15,2,124,21,23,0,MF,False,False,True,False,True,False,2247,29.0,0.92,0.84,0.8,0.6,0.12,0.0,4.96,0.08,True
1199,Pablo Ibáñez,es ESP,MF,Alavés,es La Liga,26.0,1998.0,37,28,2236,24.8,1,1,2,1,0,0,7,0,0.08,,,,,,,,,,,,,,,,,,,,,,,,,1199,es ESP,MF,es La Liga,26.0,1998.0,24.8,1,47,13,27.7,1.89,0.52,0.02,0.08,0,0,1478,es ESP,MF,es La Liga,26.0,1998.0,37,2236,60,65.4,24.8,28,71.0,6,9,27.0,0,1.16,22,33,-11,-0.44,-0.37,1199,es ESP,MF,es La Liga,26.0,1998.0,24.8,7,0,0,38,66,3,38,21,37,0,MF,False,False,True,False,True,False,2236,26.0,1.4919354838709677,0.8467741935483871,1.532258064516129,2.661290322580645,0.282258064516129,0.0,1.532258064516129,0.12096774193548386,True
791,Éderson,br BRA,MF,Atalanta,it Serie A,26.0,1999.0,30,26,2230,24.8,2,1,3,1,1,1,3,0,0.08,,,,,,,,,,,,,,,,,,,,,,,,,791,br BRA,MF,it Serie A,26.0,1999.0,24.8,2,35,11,31.4,1.41,0.44,0.03,0.09,1,1,974,br BRA,MF,it Serie A,26.0,1999.0,30,2230,74,65.2,24.8,26,81.0,16,4,28.0,3,1.53,30,18,12,0.48,0.26,791,br BRA,MF,it Serie A,26.0,1999.0,24.8,3,0,0,34,40,2,12,28,35,0,MF,False,False,True,False,True,False,2230,26.0,1.411290322580645,1.129032258064516,1.3709677419354838,1.6129032258064515,0.12096774193548386,0.0,0.48387096774193544,0.08064516129032258,True
1036,Jon Gorrotxategi,es ESP,MF,Real Sociedad,es La Liga,23.0,2002.0,30,26,2210,24.6,1,3,4,1,0,0,7,0,0.16,,,,,,,,,,,,,,,,,,,,,,,,,1036,es ESP,MF,es La Liga,23.0,2002.0,24.6,1,13,1,7.7,0.53,0.04,0.08,1.0,0,0,1285,es ESP,MF,es La Liga,23.0,2002.0,30,2210,74,64.6,24.6,26,80.0,15,4,30.0,2,1.2,36,39,-3,-0.12,-0.2,1036,es ESP,MF,es La Liga,23.0,2002.0,24.6,7,0,0,33,27,0,5,31,29,1,MF,False,False,True,False,True,False,2210,23.0,1.178861788617886,1.2601626016260161,1.3414634146341462,1.097560975609756,0.2845528455284553,0.0,0.2032520325203252,0.0,True
903,Youssouf Fofana,fr FRA,MF,Milan,it Serie A,26.0,1999.0,33,28,2203,24.5,2,3,5,2,0,0,4,0,0.2,,,,,,,,,,,,,,,,,,,,,,,,,903,fr FRA,MF,it Serie A,26.0,1999.0,24.5,2,45,18,40.0,1.84,0.74,0.04,0.11,0,0,1115,fr FRA,MF,it Serie A,26.0,1999.0,33,2203,67,64.4,24.5,28,73.0,8,5,29.0,3,1.88,37,21,16,0.65,0.51,903,fr FRA,MF,it Serie A,26.0,1999.0,24.5,4,0,0,21,16,0,10,19,19,0,MF,False,False,True,False,True,False,2203,26.0,0.7755102040816326,0.7755102040816326,0.8571428571428571,0.6530612244897959,0.16326530612244897,0.0,0.40816326530612246,0.0,True
2490,Djibril Sow,ch SUI,MF,Sevilla,es La Liga,28.0,1997.0,33,27,2187,24.3,5,4,9,5,0,0,6,0,0.37,,,,,,,,,,,,,,,,,,,,,,,,,2490,ch SUI,MF,es La Liga,28.0,1997.0,24.3,5,19,8,42.1,0.78,0.33,0.26,0.63,0,0,3109,ch SUI,MF,es La Liga,28.0,1997.0,33,2187,66,63.9,24.3,27,76.0,10,6,22.0,2,1.0,27,43,-16,-0.66,-0.8,2490,ch SUI,MF,es La Liga,28.0,1997.0,24.3,6,0,0,42,29,3,22,23,27,0,MF,False,False,True,False,True,False,2187,28.0,1.1111111111111112,0.9465020576131687,1.728395061728395,1.1934156378600822,0.24691358024691357,0.0,0.9053497942386831,0.12345679012345678,True
809,Jurgen Ekkelenkamp,nl NED,MF,Udinese,it Serie A,25.0,2000.0,31,27,2186,24.3,5,3,8,5,0,0,1,0,0.33,,,,,,,,,,,,,,,,,,,,,,,,,809,nl NED,MF,it Serie A,25.0,2000.0,24.3,5,33,15,45.5,1.36,0.62,0.15,0.33,0,0,994,nl NED,MF,it Serie A,25.0,2000.0,31,2186,71,63.9,24.3,27,78.0,5,4,22.0,4,1.35,29,30,-1,-0.04,0.1,809,nl NED,MF,it Serie A,25.0,2000.0,24.3,1,0,0,22,19,3,32,18,27,0,MF,False,False,True,False,True,False,2186,25.0,1.1111111111111112,0.7407407407407407,0.9053497942386831,0.7818930041152263,0.0411522633744856,0.0,1.316872427983539,0.12345679012345678,True
1933,Felix Nmecha,de GER,MF,Dortmund,de Bundesliga,24.0,2000.0,29,25,2176,24.2,2,3,5,2,0,1,0,0,0.21,,,,,,,,,,,,,,,,,,,,,,,,,1933,de GER,MF,de Bundesliga,24.0,2000.0,24.2,2,33,7,21.2,1.36,0.29,0.06,0.29,0,1,2388,de GER,MF,de Bundesliga,24.0,2000.0,29,2176,75,71.1,24.2,25,83.0,8,4,23.0,0,2.31,51,28,23,0.95,-0.37,1933,de GER,MF,de Bundesliga,24.0,2000.0,24.2,0,0,0,28,22,2,7,25,23,0,MF,False,False,True,False,True,False,2176,24.0,0.9504132231404959,1.0330578512396695,1.15702479338843,0.9090909090909092,0.0,0.0,0.2892561983471075,0.08264462809917356,True
2368,Ismaila Sarr,sn SEN,MF,Crystal Palace,eng Premier League,27.0,1998.0,28,24,2174,24.2,9,1,10,6,3,3,2,0,0.29,,,,,,,,,,,,,,,,,,,,,,,,,2368,sn SEN,MF,eng Premier League,27.0,1998.0,24.2,9,48,21,43.8,1.99,0.87,0.13,0.29,3,3,2947,sn SEN,MF,eng Premier League,27.0,1998.0,28,2174,78,63.6,24.2,24,85.0,18,4,34.0,0,1.18,31,29,2,0.08,0.95,2368,sn SEN,MF,eng Premier League,27.0,1998.0,24.2,2,0,0,12,42,14,24,7,9,0,MF,False,False,True,False,True,False,2174,27.0,0.37190082644628103,0.2892561983471075,0.49586776859504134,1.7355371900826446,0.08264462809917356,0.0,0.9917355371900827,0.578512396694215,True
222,Valentín Barco,ar ARG,MF,Strasbourg,fr Ligue 1,21.0,2004.0,27,24,2168,24.1,2,4,6,2,0,0,5,1,0.25,,,,,,,,,,,,,,,,,,,,,,,,,222,ar ARG,MF,fr Ligue 1,21.0,2004.0,24.1,2,27,10,37.0,1.12,0.42,0.07,0.2,0,0,277,ar ARG,MF,fr Ligue 1,21.0,2004.0,27,2168,80,70.8,24.1,24,86.0,18,3,36.0,0,1.81,45,33,12,0.5,0.6,222,ar ARG,MF,fr Ligue 1,21.0,2004.0,24.1,5,1,0,24,61,2,103,14,33,0,MF,False,False,True,False,True,False,2168,21.0,1.3692946058091287,0.5809128630705394,0.9958506224066389,2.5311203319502074,0.20746887966804978,0.04149377593360996,4.273858921161826,0.08298755186721991,True
1545,Pol Lozano,es ESP,MF,Espanyol,es La Liga,25.0,1999.0,33,28,2157,24.0,2,1,3,2,0,0,12,1,0.13,,,,,,,,,,,,,,,,,,,,,,,,,1545,es ESP,MF,es La Liga,25.0,1999.0,24.0,2,17,5,29.4,0.71,0.21,0.12,0.4,0,0,1912,es ESP,MF,es La Liga,25.0,1999.0,33,2157,65,63.1,24.0,28,74.0,10,5,15.0,2,1.33,30,36,-6,-0.25,0.18,1545,es ESP,MF,es La Liga,25.0,1999.0,24.0,12,1,1,64,29,0,29,23,19,0,MF,False,False,True,False,True,False,2157,25.0,0.7916666666666666,0.9583333333333334,2.6666666666666665,1.2083333333333333,0.5,0.041666666666666664,1.2083333333333333,0.0,True
264,Yassin Belkhdim,fr FRA,MF,Angers,fr Ligue 1,23.0,2002.0,27,26,2135,23.7,2,2,4,2,0,0,5,0,0.17,,,,,,,,,,,,,,,,,,,,,,,,,264,fr FRA,MF,fr Ligue 1,23.0,2002.0,23.7,2,33,14,42.4,1.39,0.59,0.06,0.14,0,0,328,fr FRA,MF,fr Ligue 1,23.0,2002.0,27,2135,79,69.8,23.7,26,81.0,11,1,30.0,0,1.22,17,32,-15,-0.63,-0.24,264,fr FRA,MF,fr Ligue 1,23.0,2002.0,23.7,5,0,0,29,29,2,42,32,43,0,MF,False,False,True,False,True,False,2135,23.0,1.8143459915611815,1.350210970464135,1.2236286919831223,1.2236286919831223,0.2109704641350211,0.0,1.7721518987341773,0.08438818565400844,True
1082,Pape Gueye,sn SEN,MF,Villarreal,es La Liga,26.0,1999.0,30,26,2131,23.7,5,2,7,4,1,1,8,0,0.25,,,,,,,,,,,,,,,,,,,,,,,,,1082,sn SEN,MF,es La Liga,26.0,1999.0,23.7,5,47,13,27.7,1.98,0.55,0.09,0.31,1,1,1340,sn SEN,MF,es La Liga,26.0,1999.0,30,2131,71,62.3,23.7,26,79.0,10,4,23.0,3,1.87,47,28,19,0.8,0.31,1082,sn SEN,MF,es La Liga,26.0,1999.0,23.7,8,0,0,35,54,2,14,35,22,0,MF,False,False,True,False,True,False,2131,26.0,0.9282700421940928,1.4767932489451476,1.4767932489451476,2.278481012658228,0.33755274261603374,0.0,0.5907172995780591,0.08438818565400844,True
1825,Samir El Mourabet,ma MAR,MF,Strasbourg,fr Ligue 1,19.0,2005.0,33,25,2128,23.6,1,2,3,1,0,0,4,0,0.13,,,,,,,,,,,,,,,,,,,,,,,,,1825,ma MAR,MF,fr Ligue 1,19.0,2005.0,23.6,1,12,1,8.3,0.51,0.04,0.08,1.0,0,0,2259,ma MAR,MF,fr Ligue 1,19.0,2005.0,33,2128,64,69.5,23.6,25,76.0,10,8,27.0,0,1.58,41,28,13,0.55,0.74,1825,ma MAR,MF,fr Ligue 1,19.0,2005.0,23.6,4,0,0,23,26,3,18,27,37,0,MF,False,False,True,False,True,False,2128,19.0,1.5677966101694913,1.1440677966101693,0.9745762711864406,1.1016949152542372,0.1694915254237288,0.0,0.7627118644067796,0.1271186440677966,True
178,Arthur Avom,cm CMR,MF,Lorient,fr Ligue 1,20.0,2004.0,31,22,2119,23.5,2,1,3,2,0,0,3,0,0.13,,,,,,,,,,,,,,,,,,,,,,,,,178,cm CMR,MF,fr Ligue 1,20.0,2004.0,23.5,2,21,6,28.6,0.89,0.25,0.1,0.33,0,0,218,cm CMR,MF,fr Ligue 1,20.0,2004.0,31,2119,68,69.2,23.5,22,87.0,17,9,23.0,1,1.29,30,31,-1,-0.04,0.15,178,cm CMR,MF,fr Ligue 1,20.0,2004.0,23.5,3,0,0,23,38,0,45,28,31,1,MF,False,False,True,False,True,False,2119,20.0,1.3191489361702127,1.1914893617021276,0.9787234042553191,1.6170212765957446,0.1276595744680851,0.0,1.9148936170212767,0.0,True
2723,Vitinha,pt POR,MF,Paris Saint-Germain,fr Ligue 1,25.0,2000.0,29,24,2119,23.5,1,7,8,1,0,0,2,0,0.34,,,,,,,,,,,,,,,,,,,,,,,,,2723,pt POR,MF,fr Ligue 1,25.0,2000.0,23.5,1,34,10,29.4,1.44,0.42,0.03,0.1,0,0,3399,pt POR,MF,fr Ligue 1,25.0,2000.0,29,2119,73,69.2,23.5,24,81.0,18,5,35.0,2,2.24,50,19,31,1.32,-0.02,2723,pt POR,MF,fr Ligue 1,25.0,2000.0,23.5,2,0,0,14,21,0,21,26,20,0,MF,False,False,True,False,True,False,2119,25.0,0.851063829787234,1.1063829787234043,0.5957446808510638,0.8936170212765957,0.0851063829787234,0.0,0.8936170212765957,0.0,True
1553,Florentino Luís,pt POR,MF,Burnley,eng Premier League,25.0,1999.0,31,25,2105,23.4,0,2,2,0,0,0,6,0,0.09,,,,,,,,,,,,,,,,,,,,,,,,,1553,pt POR,MF,eng Premier League,25.0,1999.0,23.4,0,13,2,15.4,0.56,0.09,0.0,0.0,0,0,1922,pt POR,MF,eng Premier League,25.0,1999.0,31,2105,68,61.5,23.4,25,79.0,9,6,20.0,4,0.52,20,45,-25,-1.07,-0.25,1553,pt POR,MF,eng Premier League,25.0,1999.0,23.4,6,0,0,40,8,1,11,40,49,0,MF,False,False,True,False,True,False,2105,25.0,2.094017094017094,1.7094017094017095,1.7094017094017095,0.3418803418803419,0.25641025641025644,0.0,0.47008547008547014,0.042735042735042736,True
2076,Pedri,es ESP,MF,Barcelona,es La Liga,22.0,2002.0,29,23,2104,23.4,2,9,11,2,0,0,2,1,0.47,,,,,,,,,,,,,,,,,,,,,,,,,2076,es ESP,MF,es La Liga,22.0,2002.0,23.4,2,21,10,47.6,0.9,0.43,0.1,0.2,0,0,2570,es ESP,MF,es La Liga,22.0,2002.0,29,2104,73,61.5,23.4,23,83.0,11,6,32.0,1,2.52,60,21,39,1.67,0.3,2076,es ESP,MF,es La Liga,22.0,2002.0,23.4,2,1,1,9,43,1,12,24,33,0,MF,False,False,True,False,True,False,2104,22.0,1.4102564102564104,1.0256410256410258,0.38461538461538464,1.8376068376068377,0.08547008547008547,0.042735042735042736,0.5128205128205129,0.042735042735042736,True
2439,Giuliano Simeone,ar ARG,MF,Atlético Madrid,es La Liga,22.0,2002.0,31,25,2099,23.3,4,6,10,4,0,0,2,0,0.43,,,,,,,,,,,,,,,,,,,,,,,,,2439,ar ARG,MF,es La Liga,22.0,2002.0,23.3,4,36,14,38.9,1.54,0.6,0.11,0.29,0,0,3045,ar ARG,MF,es La Liga,22.0,2002.0,31,2099,68,61.4,23.3,25,75.0,7,6,35.0,2,1.9,42,26,16,0.69,0.55,2439,ar ARG,MF,es La Liga,22.0,2002.0,23.3,2,0,0,21,40,7,48,20,25,0,MF,False,False,True,False,True,False,2099,22.0,1.0729613733905579,0.8583690987124464,0.9012875536480687,1.7167381974248928,0.08583690987124463,0.0,2.060085836909871,0.3004291845493562,True
897,Phil Foden,eng ENG,MF,Manchester City,eng Premier League,25.0,2000.0,33,23,2086,23.2,7,5,12,7,0,0,4,0,0.52,,,,,,,,,,,,,,,,,,,,,,,,,897,eng ENG,MF,eng Premier League,25.0,2000.0,23.2,7,55,19,34.5,2.37,0.82,0.13,0.37,0,0,1109,eng ENG,MF,eng Premier League,25.0,2000.0,33,2086,63,61.0,23.2,23,83.0,13,10,17.0,3,2.0,53,19,34,1.47,0.93,897,eng ENG,MF,eng Premier League,25.0,2000.0,23.2,4,0,0,18,31,3,119,10,16,0,MF,False,False,True,False,True,False,2086,25.0,0.6896551724137931,0.4310344827586207,0.7758620689655172,1.3362068965517242,0.1724137931034483,0.0,5.129310344827586,0.12931034482758622,True
106,Nadiem Amiri,de GER,MF,Mainz 05,de Bundesliga,28.0,1996.0,26,24,2083,23.1,12,2,14,4,8,8,6,0,0.26,,,,,,,,,,,,,,,,,,,,,,,,,106,de GER,MF,de Bundesliga,28.0,1996.0,23.1,12,54,22,40.7,2.33,0.95,0.07,0.18,8,8,132,de GER,MF,de Bundesliga,28.0,1996.0,26,2083,80,68.1,23.1,24,85.0,13,2,28.0,0,1.08,32,33,-1,-0.04,0.69,106,de GER,MF,de Bundesliga,28.0,1996.0,23.1,6,0,0,20,26,3,136,19,18,0,MF,False,False,True,False,True,False,2083,28.0,0.7792207792207791,0.8225108225108224,0.8658008658008658,1.1255411255411254,0.2597402597402597,0.0,5.887445887445887,0.12987012987012986,True
1627,Johan Manzambi,ch SUI,MF,Freiburg,de Bundesliga,19.0,2005.0,27,26,2077,23.1,5,4,9,5,0,0,4,2,0.39,,,,,,,,,,,,,,,,,,,,,,,,,1627,ch SUI,MF,de Bundesliga,19.0,2005.0,23.1,5,51,13,25.5,2.21,0.56,0.1,0.38,0,0,2007,ch SUI,MF,de Bundesliga,19.0,2005.0,27,2077,77,67.9,23.1,26,78.0,8,1,45.0,1,1.37,36,36,0,0.0,0.55,1627,ch SUI,MF,de Bundesliga,19.0,2005.0,23.1,4,2,0,22,78,2,35,27,14,0,MF,False,False,True,False,True,False,2077,19.0,0.6060606060606061,1.1688311688311688,0.9523809523809523,3.3766233766233764,0.17316017316017315,0.08658008658008658,1.5151515151515151,0.08658008658008658,True
2349,Ibrahim Sangaré,ci CIV,MF,Nottingham Forest,eng Premier League,27.0,1997.0,28,25,2075,23.1,2,2,4,2,0,0,5,0,0.17,,,,,,,,,,,,,,,,,,,,,,,,,2349,ci CIV,MF,eng Premier League,27.0,1997.0,23.1,2,16,5,31.3,0.69,0.22,0.13,0.4,0,0,2922,ci CIV,MF,eng Premier League,27.0,1997.0,28,2075,74,60.7,23.1,25,82.0,16,3,12.0,3,1.32,32,26,6,0.26,0.86,2349,ci CIV,MF,eng Premier League,27.0,1997.0,23.1,5,0,0,42,18,0,8,22,32,0,MF,False,False,True,False,True,False,2075,27.0,1.3852813852813852,0.9523809523809523,1.8181818181818181,0.7792207792207791,0.21645021645021645,0.0,0.3463203463203463,0.0,True
1891,Paul Nebel,de GER,MF,Mainz 05,de Bundesliga,22.0,2002.0,30,24,2073,23.0,5,2,7,5,0,0,2,2,0.3,,,,,,,,,,,,,,,,,,,,,,,,,1891,de GER,MF,de Bundesliga,22.0,2002.0,23.0,5,32,8,25.0,1.39,0.35,0.16,0.63,0,0,2341,de GER,MF,de Bundesliga,22.0,2002.0,30,2073,69,67.7,23.0,24,82.0,13,6,17.0,0,1.27,27,37,-10,-0.43,-0.53,1891,de GER,MF,de Bundesliga,22.0,2002.0,23.0,2,2,0,29,20,3,129,12,30,0,MF,False,False,True,False,True,False,2073,22.0,1.3043478260869565,0.5217391304347826,1.2608695652173914,0.8695652173913043,0.08695652173913043,0.08695652173913043,5.608695652173913,0.13043478260869565,True
1989,Dani Olmo,es ESP,MF,Barcelona,es La Liga,27.0,1998.0,33,24,2067,23.0,7,8,15,7,0,0,1,0,0.65,,,,,,,,,,,,,,,,,,,,,,,,,1989,es ESP,MF,es La Liga,27.0,1998.0,23.0,7,70,21,30.0,3.05,0.91,0.1,0.33,0,0,2457,es ESP,MF,es La Liga,27.0,1998.0,33,2067,63,60.4,23.0,24,75.0,8,9,30.0,0,2.48,56,17,39,1.7,0.37,1989,es ESP,MF,es La Liga,27.0,1998.0,23.0,1,0,0,27,42,6,28,14,23,0,MF,False,False,True,False,True,False,2067,27.0,1.0,0.6086956521739131,1.173913043478261,1.826086956521739,0.043478260869565216,0.0,1.2173913043478262,0.2608695652173913,True
562,Santiago Colombatto,ar ARG,MF,Oviedo,es La Liga,28.0,1997.0,32,23,2064,22.9,0,1,1,0,0,0,6,0,0.04,,,,,,,,,,,,,,,,,,,,,,,,,562,ar ARG,MF,es La Liga,28.0,1997.0,22.9,0,15,2,13.3,0.65,0.09,0.0,0.0,0,0,695,ar ARG,MF,es La Liga,28.0,1997.0,32,2064,65,60.4,22.9,23,81.0,8,9,22.0,4,0.75,12,34,-22,-0.96,-0.16,562,ar ARG,MF,es La Liga,28.0,1997.0,22.9,6,0,0,44,41,1,67,14,22,0,MF,False,False,True,False,True,False,2064,28.0,0.9606986899563319,0.6113537117903931,1.9213973799126638,1.7903930131004369,0.26200873362445415,0.0,2.9257641921397384,0.04366812227074236,True
631,Mikkel Damsgaard,dk DEN,MF,Brentford,eng Premier League,25.0,2000.0,33,24,2054,22.8,4,4,8,4,0,0,0,0,0.35,,,,,,,,,,,,,,,,,,,,,,,,,631,dk DEN,MF,eng Premier League,25.0,2000.0,22.8,4,29,11,37.9,1.27,0.48,0.14,0.36,0,0,780,dk DEN,MF,eng Premier League,25.0,2000.0,33,2054,62,60.1,22.8,24,78.0,9,9,21.0,2,1.42,37,32,5,0.22,0.35,631,dk DEN,MF,eng Premier League,25.0,2000.0,22.8,0,0,0,18,23,4,95,24,34,0,MF,False,False,True,False,True,False,2054,25.0,1.4912280701754386,1.0526315789473684,0.7894736842105263,1.0087719298245614,0.0,0.0,4.166666666666667,0.17543859649122806,True
581,Félix Correia,pt POR,MF,Lille,fr Ligue 1,24.0,2001.0,34,26,2053,22.8,4,5,9,4,0,0,2,0,0.39,,,,,,,,,,,,,,,,,,,,,,,,,581,pt POR,MF,fr Ligue 1,24.0,2001.0,22.8,4,37,8,21.6,1.62,0.35,0.11,0.5,0,0,719,pt POR,MF,fr Ligue 1,24.0,2001.0,34,2053,60,67.1,22.8,26,73.0,2,8,18.0,0,1.79,36,22,14,0.61,0.52,581,pt POR,MF,fr Ligue 1,24.0,2001.0,22.8,2,0,0,14,28,3,84,21,13,0,MF,False,False,True,False,True,False,2053,24.0,0.5701754385964912,0.9210526315789473,0.6140350877192983,1.2280701754385965,0.08771929824561403,0.0,3.6842105263157894,0.13157894736842105,True
1801,Diego Moreira,be BEL,MF,Strasbourg,fr Ligue 1,20.0,2004.0,27,23,2034,22.6,4,6,10,4,0,0,4,0,0.44,,,,,,,,,,,,,,,,,,,,,,,,,1801,be BEL,MF,fr Ligue 1,20.0,2004.0,22.6,4,29,11,37.9,1.28,0.49,0.14,0.36,0,0,2232,be BEL,MF,fr Ligue 1,20.0,2004.0,27,2034,75,66.5,22.6,23,84.0,8,4,26.0,0,1.52,43,31,12,0.53,0.62,1801,be BEL,MF,fr Ligue 1,20.0,2004.0,22.6,4,0,0,17,27,8,89,20,25,0,MF,False,False,True,False,True,False,2034,20.0,1.1061946902654867,0.8849557522123893,0.7522123893805309,1.1946902654867255,0.17699115044247787,0.0,3.9380530973451324,0.35398230088495575,True
2239,Marc Roca,es ESP,MF,Real Betis,es La Liga,28.0,1996.0,29,23,2026,22.5,1,1,2,1,0,0,1,0,0.09,,,,,,,,,,,,,,,,,,,,,,,,,2239,es ESP,MF,es La Liga,28.0,1996.0,22.5,1,17,7,41.2,0.76,0.31,0.06,0.14,0,0,2783,es ESP,MF,es La Liga,28.0,1996.0,29,2026,70,59.2,22.5,23,82.0,17,6,24.0,6,1.69,36,30,6,0.27,-0.06,2239,es ESP,MF,es La Liga,28.0,1996.0,22.5,1,0,0,42,23,0,10,23,29,0,MF,False,False,True,False,True,False,2026,28.0,1.288888888888889,1.0222222222222221,1.8666666666666667,1.0222222222222221,0.044444444444444446,0.0,0.4444444444444444,0.0,True
1093,Arda Güler,tr TUR,MF,Real Madrid,es La Liga,20.0,2005.0,33,25,2014,22.4,4,9,13,4,0,0,1,0,0.58,,,,,,,,,,,,,,,,,,,,,,,,,1093,tr TUR,MF,es La Liga,20.0,2005.0,22.4,4,49,19,38.8,2.19,0.85,0.08,0.21,0,0,1353,tr TUR,MF,es La Liga,20.0,2005.0,33,2014,61,58.9,22.4,25,72.0,3,8,27.0,0,2.3,43,21,22,0.98,-0.3,1093,tr TUR,MF,es La Liga,20.0,2005.0,22.4,1,0,0,21,32,3,129,8,28,0,MF,False,False,True,False,True,False,2014,20.0,1.25,0.35714285714285715,0.9375000000000001,1.4285714285714286,0.044642857142857144,0.0,5.758928571428572,0.13392857142857142,True
486,Cesare Casadei,it ITA,MF,Torino,it Serie A,22.0,2003.0,33,19,1997,22.2,6,0,6,6,0,0,5,0,0.27,,,,,,,,,,,,,,,,,,,,,,,,,486,it ITA,MF,it Serie A,22.0,2003.0,22.2,6,35,17,48.6,1.58,0.77,0.17,0.35,0,0,592,it ITA,MF,it Serie A,22.0,2003.0,33,1997,61,58.4,22.2,19,84.0,15,14,28.0,4,1.18,28,36,-8,-0.36,0.34,486,it ITA,MF,it Serie A,22.0,2003.0,22.2,5,0,0,52,16,2,4,9,16,0,MF,False,False,True,False,True,False,1997,22.0,0.7207207207207208,0.40540540540540543,2.3423423423423424,0.7207207207207208,0.22522522522522523,0.0,0.1801801801801802,0.0900900900900901,True
669,Jessy Deminguet,fr FRA,MF,Metz,fr Ligue 1,27.0,1998.0,31,25,1995,22.2,2,0,2,2,0,0,4,0,0.09,,,,,,,,,,,,,,,,,,,,,,,,,669,fr FRA,MF,fr Ligue 1,27.0,1998.0,22.2,2,17,7,41.2,0.77,0.32,0.12,0.29,0,0,828,fr FRA,MF,fr Ligue 1,27.0,1998.0,31,1995,64,65.2,22.2,25,75.0,1,6,22.0,0,0.52,18,47,-29,-1.31,-0.04,669,fr FRA,MF,fr Ligue 1,27.0,1998.0,22.2,4,0,0,28,32,0,19,22,21,0,MF,False,False,True,False,True,False,1995,27.0,0.9459459459459459,0.990990990990991,1.2612612612612613,1.4414414414414416,0.1801801801801802,0.0,0.8558558558558559,0.0,True
79,Carles Aleñá,es ESP,MF,Alavés,es La Liga,27.0,1998.0,34,23,1989,22.1,0,4,4,0,0,0,5,0,0.18,,,,,,,,,,,,,,,,,,,,,,,,,79,es ESP,MF,es La Liga,27.0,1998.0,22.1,0,29,5,17.2,1.31,0.23,0.0,0.0,0,0,97,es ESP,MF,es La Liga,27.0,1998.0,34,1989,59,58.2,22.1,23,73.0,4,11,27.0,3,1.06,23,35,-12,-0.54,-0.54,79,es ESP,MF,es La Liga,27.0,1998.0,22.1,5,0,0,38,36,1,121,12,24,0,MF,False,False,True,False,True,False,1989,27.0,1.085972850678733,0.5429864253393665,1.7194570135746605,1.6289592760180995,0.2262443438914027,0.0,5.475113122171946,0.04524886877828054,True
2041,Igor Paixão,br BRA,MF,Marseille,fr Ligue 1,25.0,2000.0,30,22,1975,21.9,6,5,11,6,0,0,3,0,0.5,,,,,,,,,,,,,,,,,,,,,,,,,2041,br BRA,MF,fr Ligue 1,25.0,2000.0,21.9,6,57,23,40.4,2.6,1.05,0.11,0.26,0,0,2524,br BRA,MF,fr Ligue 1,25.0,2000.0,30,1975,66,64.5,21.9,22,77.0,7,8,35.0,0,1.83,40,28,12,0.55,0.05,2041,br BRA,MF,fr Ligue 1,25.0,2000.0,21.9,3,0,0,21,34,9,57,17,12,0,MF,False,False,True,False,True,False,1975,25.0,0.5479452054794521,0.7762557077625571,0.9589041095890412,1.5525114155251143,0.13698630136986303,0.0,2.6027397260273974,0.4109589041095891,True
1769,Óscar Mingueza,es ESP,MF,Celta Vigo,es La Liga,26.0,1999.0,34,21,1968,21.9,1,4,5,1,0,0,4,0,0.23,,,,,,,,,,,,,,,,,,,,,,,,,1769,es ESP,MF,es La Liga,26.0,1999.0,21.9,1,14,5,35.7,0.64,0.23,0.07,0.2,0,0,2187,es ESP,MF,es La Liga,26.0,1999.0,34,1968,58,57.5,21.9,21,78.0,9,13,25.0,4,1.44,37,26,11,0.5,0.87,1769,es ESP,MF,es La Liga,26.0,1999.0,21.9,4,0,0,15,28,1,68,9,20,0,MF,False,False,True,False,True,False,1968,26.0,0.9132420091324202,0.4109589041095891,0.6849315068493151,1.2785388127853883,0.18264840182648404,0.0,3.1050228310502286,0.04566210045662101,True
369,Domagoj Bradarić,hr CRO,MF,Hellas Verona,it Serie A,25.0,1999.0,29,23,1966,21.8,0,1,1,0,0,0,2,0,0.05,,,,,,,,,,,,,,,,,,,,,,,,,369,hr CRO,MF,it Serie A,25.0,1999.0,21.8,0,13,6,46.2,0.6,0.27,0.0,0.0,0,0,458,hr CRO,MF,it Serie A,25.0,1999.0,29,1966,68,57.5,21.8,23,80.0,12,6,23.0,5,0.45,17,39,-22,-1.01,-0.14,369,hr CRO,MF,it Serie A,25.0,1999.0,21.8,2,0,0,8,10,2,108,9,20,0,MF,False,False,True,False,True,False,1966,25.0,0.9174311926605504,0.4128440366972477,0.36697247706422015,0.4587155963302752,0.09174311926605504,0.0,4.954128440366972,0.09174311926605504,True
1742,Dayann Methalie,fr FRA,MF,Toulouse,fr Ligue 1,19.0,2006.0,28,23,1961,21.8,2,1,3,2,0,0,9,0,0.14,,,,,,,,,,,,,,,,,,,,,,,,,1742,fr FRA,MF,fr Ligue 1,19.0,2006.0,21.8,2,15,7,46.7,0.69,0.32,0.13,0.29,0,0,2156,fr FRA,MF,fr Ligue 1,19.0,2006.0,28,1961,70,64.1,21.8,23,79.0,7,5,27.0,0,1.11,21,29,-8,-0.37,-1.1,1742,fr FRA,MF,fr Ligue 1,19.0,2006.0,21.8,9,0,0,57,12,1,43,23,31,0,MF,False,False,True,False,True,False,1961,19.0,1.4220183486238531,1.055045871559633,2.614678899082569,0.5504587155963303,0.4128440366972477,0.0,1.9724770642201834,0.04587155963302752,True
1533,Maxime Lopez,fr FRA,MF,Paris FC,fr Ligue 1,27.0,1997.0,26,22,1960,21.8,0,3,3,0,0,0,11,0,0.14,,,,,,,,,,,,,,,,,,,,,,,,,1533,fr FRA,MF,fr Ligue 1,27.0,1997.0,21.8,0,13,6,46.2,0.6,0.28,0.0,0.0,0,0,1897,fr FRA,MF,fr Ligue 1,27.0,1997.0,26,1960,75,64.1,21.8,22,83.0,17,4,32.0,2,1.19,29,36,-7,-0.32,-0.65,1533,fr FRA,MF,fr Ligue 1,27.0,1997.0,21.8,11,0,0,27,8,5,83,11,17,0,MF,False,False,True,False,True,False,1960,27.0,0.7798165137614679,0.5045871559633027,1.238532110091743,0.36697247706422015,0.5045871559633027,0.0,3.8073394495412844,0.2293577981651376,True
1347,Aljoscha Kemlein,de GER,MF,Union Berlin,de Bundesliga,20.0,2004.0,30,23,1959,21.8,0,2,2,0,0,0,4,0,0.09,,,,,,,,,,,,,,,,,,,,,,,,,1347,de GER,MF,de Bundesliga,20.0,2004.0,21.8,0,17,2,11.8,0.78,0.09,0.0,0.0,0,0,1652,de GER,MF,de Bundesliga,20.0,2004.0,30,1959,65,64.0,21.8,23,79.0,8,7,20.0,4,1.13,28,31,-3,-0.14,0.76,1347,de GER,MF,de Bundesliga,20.0,2004.0,21.8,4,0,0,22,11,0,9,18,25,0,MF,False,False,True,False,True,False,1959,20.0,1.146788990825688,0.8256880733944953,1.0091743119266054,0.5045871559633027,0.18348623853211007,0.0,0.4128440366972477,0.0,True
2049,Cole Palmer,eng ENG,MF,Chelsea,eng Premier League,23.0,2002.0,26,24,1955,21.7,10,1,11,5,5,6,5,0,0.28,,,,,,,,,,,,,,,,,,,,,,,,,2049,eng ENG,MF,eng Premier League,23.0,2002.0,21.7,10,64,25,39.1,2.95,1.15,0.08,0.2,5,6,2533,eng ENG,MF,eng Premier League,23.0,2002.0,26,1955,75,57.2,21.7,24,79.0,12,2,33.0,1,1.04,32,33,-1,-0.05,-0.48,2049,eng ENG,MF,eng Premier League,23.0,2002.0,21.7,5,0,0,13,37,2,35,13,12,0,MF,False,False,True,False,True,False,1955,23.0,0.5529953917050692,0.599078341013825,0.599078341013825,1.7050691244239633,0.2304147465437788,0.0,1.6129032258064517,0.09216589861751152,True
2576,Tanner Tessmann,us USA,MF,Lyon,fr Ligue 1,23.0,2001.0,29,22,1953,21.7,1,0,1,1,0,0,2,0,0.05,,,,,,,,,,,,,,,,,,,,,,,,,2576,us USA,MF,fr Ligue 1,23.0,2001.0,21.7,1,26,8,30.8,1.2,0.37,0.04,0.13,0,0,3220,us USA,MF,fr Ligue 1,23.0,2001.0,29,1953,67,63.8,21.7,22,82.0,14,7,21.0,0,1.86,32,21,11,0.51,0.34,2576,us USA,MF,fr Ligue 1,23.0,2001.0,21.7,2,0,0,21,19,3,17,13,21,0,MF,False,False,True,False,True,False,1953,23.0,0.967741935483871,0.599078341013825,0.967741935483871,0.8755760368663594,0.09216589861751152,0.0,0.783410138248848,0.1382488479262673,True
1264,Joelinton,br BRA,MF,Newcastle United,eng Premier League,28.0,1996.0,27,23,1951,21.7,2,1,3,2,0,0,10,0,0.14,,,,,,,,,,,,,,,,,,,,,,,,,1264,br BRA,MF,eng Premier League,28.0,1996.0,21.7,2,32,11,34.4,1.48,0.51,0.06,0.18,0,0,1554,br BRA,MF,eng Premier League,28.0,1996.0,27,1951,72,57.0,21.7,23,81.0,13,4,24.0,3,1.48,34,27,7,0.32,0.87,1264,br BRA,MF,eng Premier League,28.0,1996.0,21.7,10,0,0,46,27,1,11,28,23,0,MF,False,False,True,False,True,False,1951,28.0,1.0599078341013826,1.2903225806451613,2.119815668202765,1.2442396313364055,0.4608294930875576,0.0,0.5069124423963134,0.04608294930875576,True
2677,Jari Vandeputte,be BEL,MF,Cremonese,it Serie A,29.0,1996.0,32,23,1944,21.6,1,5,6,1,0,0,3,0,0.28,,,,,,,,,,,,,,,,,,,,,,,,,2677,be BEL,MF,it Serie A,29.0,1996.0,21.6,1,20,8,40.0,0.93,0.37,0.05,0.13,0,0,3341,be BEL,MF,it Serie A,29.0,1996.0,32,1944,61,56.8,21.6,23,72.0,6,9,32.0,3,1.03,18,28,-10,-0.46,0.45,2677,be BEL,MF,it Serie A,29.0,1996.0,21.6,3,0,0,34,25,1,162,18,21,0,MF,False,False,True,False,True,False,1944,29.0,0.9722222222222222,0.8333333333333333,1.574074074074074,1.1574074074074074,0.13888888888888887,0.0,7.499999999999999,0.046296296296296294,True
2344,James Sands,us USA,MF,St Pauli,de Bundesliga,25.0,2000.0,24,23,1934,21.5,1,0,1,1,0,0,4,0,0.05,,,,,,,,,,,,,,,,,,,,,,,,,2344,us USA,MF,de Bundesliga,25.0,2000.0,21.5,1,16,4,25.0,0.74,0.19,0.06,0.25,0,0,2916,us USA,MF,de Bundesliga,25.0,2000.0,24,1934,81,63.2,21.5,23,84.0,15,1,11.0,0,1.0,17,34,-17,-0.79,0.33,2344,us USA,MF,de Bundesliga,25.0,2000.0,21.5,4,0,0,26,38,0,9,41,23,0,MF,False,False,True,False,True,False,1934,25.0,1.069767441860465,1.9069767441860466,1.2093023255813953,1.7674418604651163,0.18604651162790697,0.0,0.4186046511627907,0.0,True
181,Yasin Ayari,se SWE,MF,Brighton,eng Premier League,21.0,2003.0,29,20,1929,21.4,3,3,6,3,0,0,1,0,0.28,,,,,,,,,,,,,,,,,,,,,,,,,181,se SWE,MF,eng Premier League,21.0,2003.0,21.4,3,41,10,24.4,1.91,0.47,0.07,0.3,0,0,221,se SWE,MF,eng Premier League,21.0,2003.0,29,1929,67,56.4,21.4,20,86.0,15,9,22.0,2,1.55,32,24,8,0.37,0.49,181,se SWE,MF,eng Premier League,21.0,2003.0,21.4,1,0,0,24,28,0,24,26,25,0,MF,False,False,True,False,True,False,1929,21.0,1.1682242990654206,1.2149532710280375,1.1214953271028039,1.3084112149532712,0.04672897196261683,0.0,1.1214953271028039,0.0,True
2461,Emile Smith Rowe,eng ENG,MF,Fulham,eng Premier League,25.0,2000.0,37,22,1923,21.4,3,0,3,3,0,0,1,0,0.14,,,,,,,,,,,,,,,,,,,,,,,,,2461,eng ENG,MF,eng Premier League,25.0,2000.0,21.4,3,36,11,30.6,1.68,0.51,0.08,0.27,0,0,3076,eng ENG,MF,eng Premier League,25.0,2000.0,37,1923,52,56.2,21.4,22,73.0,1,15,21.0,0,1.38,27,28,-1,-0.05,0.13,2461,eng ENG,MF,eng Premier League,25.0,2000.0,21.4,1,0,0,10,17,3,13,22,22,0,MF,False,False,True,False,True,False,1923,25.0,1.0280373831775702,1.0280373831775702,0.4672897196261683,0.7943925233644861,0.04672897196261683,0.0,0.6074766355140188,0.14018691588785048,True
262,Rafik Belghali,dz ALG,MF,Hellas Verona,it Serie A,23.0,2002.0,26,22,1920,21.3,2,0,2,2,0,0,6,0,0.09,,,,,,,,,,,,,,,,,,,,,,,,,262,dz ALG,MF,it Serie A,23.0,2002.0,21.3,2,21,6,28.6,0.98,0.28,0.1,0.33,0,0,326,dz ALG,MF,it Serie A,23.0,2002.0,26,1920,74,56.1,21.3,22,82.0,12,4,29.0,1,0.58,15,28,-13,-0.61,0.77,262,dz ALG,MF,it Serie A,23.0,2002.0,21.3,6,0,0,20,10,6,60,17,13,0,MF,False,False,True,False,True,False,1920,23.0,0.6103286384976525,0.7981220657276995,0.9389671361502347,0.4694835680751174,0.28169014084507044,0.0,2.816901408450704,0.28169014084507044,True
271,Jude Bellingham,eng ENG,MF,Real Madrid,es La Liga,22.0,2003.0,28,22,1916,21.3,6,4,10,6,0,0,3,0,0.47,,,,,,,,,,,,,,,,,,,,,,,,,271,eng ENG,MF,es La Liga,22.0,2003.0,21.3,6,51,26,51.0,2.4,1.22,0.12,0.23,0,0,335,eng ENG,MF,es La Liga,22.0,2003.0,28,1916,68,56.0,21.3,22,81.0,14,6,21.0,0,2.21,42,19,23,1.08,-0.06,271,eng ENG,MF,es La Liga,22.0,2003.0,21.3,3,0,0,33,55,4,16,14,37,0,MF,False,False,True,False,True,False,1916,22.0,1.7370892018779343,0.6572769953051643,1.5492957746478873,2.5821596244131455,0.14084507042253522,0.0,0.7511737089201878,0.18779342723004694,True
1308,Daichi Kamada,jp JPN,MF,Crystal Palace,eng Premier League,28.0,1996.0,28,22,1902,21.1,0,0,0,0,0,0,3,0,0.0,,,,,,,,,,,,,,,,,,,,,,,,,1308,jp JPN,MF,eng Premier League,28.0,1996.0,21.1,0,19,4,21.1,0.9,0.19,0.0,0.0,0,0,1607,jp JPN,MF,eng Premier League,28.0,1996.0,28,1902,68,55.6,21.1,22,80.0,8,6,22.0,0,1.43,32,28,4,0.19,1.02,1308,jp JPN,MF,eng Premier League,28.0,1996.0,21.1,3,0,0,30,28,1,42,14,35,0,MF,False,False,True,False,True,False,1902,28.0,1.6587677725118481,0.6635071090047393,1.4218009478672984,1.3270142180094786,0.14218009478672985,0.0,1.990521327014218,0.04739336492890995,True
1489,Mehdi Léris,dz ALG,MF,Pisa,it Serie A,27.0,1998.0,34,21,1900,21.1,2,3,5,2,0,0,2,0,0.24,,,,,,,,,,,,,,,,,,,,,,,,,1489,dz ALG,MF,it Serie A,27.0,1998.0,21.1,2,25,7,28.0,1.18,0.33,0.08,0.29,0,0,1840,dz ALG,MF,it Serie A,27.0,1998.0,34,1900,56,55.6,21.1,21,73.0,5,13,28.0,3,0.47,16,42,-26,-1.23,-0.11,1489,dz ALG,MF,it Serie A,27.0,1998.0,21.1,2,0,0,27,22,8,99,23,37,0,MF,False,False,True,False,True,False,1900,27.0,1.7535545023696681,1.0900473933649288,1.2796208530805686,1.0426540284360188,0.0947867298578199,0.0,4.691943127962085,0.3791469194312796,True
2807,Nicola Zalewski,pl POL,MF,Atalanta,it Serie A,23.0,2002.0,33,24,1897,21.1,2,4,6,2,0,0,3,0,0.28,,,,,,,,,,,,,,,,,,,,,,,,,2807,pl POL,MF,it Serie A,23.0,2002.0,21.1,2,38,7,18.4,1.8,0.33,0.05,0.29,0,0,3498,pl POL,MF,it Serie A,23.0,2002.0,33,1897,57,55.5,21.1,24,69.0,5,9,28.0,3,1.64,29,13,16,0.76,0.82,2807,pl POL,MF,it Serie A,23.0,2002.0,21.1,3,0,0,21,51,3,124,16,20,0,MF,False,False,True,False,True,False,1897,23.0,0.947867298578199,0.7582938388625592,0.995260663507109,2.4170616113744074,0.14218009478672985,0.0,5.8767772511848335,0.14218009478672985,True
1461,Théo Le Bris,fr FRA,MF,Lorient,fr Ligue 1,22.0,2002.0,28,22,1893,21.0,2,2,4,2,0,0,0,0,0.19,,,,,,,,,,,,,,,,,,,,,,,,,1461,fr FRA,MF,fr Ligue 1,22.0,2002.0,21.0,2,17,7,41.2,0.81,0.33,0.12,0.29,0,0,1804,fr FRA,MF,fr Ligue 1,22.0,2002.0,28,1893,68,61.9,21.0,22,81.0,7,6,19.0,1,1.36,30,26,4,0.19,0.73,1461,fr FRA,MF,fr Ligue 1,22.0,2002.0,21.0,0,0,0,8,7,0,81,17,28,0,MF,False,False,True,False,True,False,1893,22.0,1.3333333333333333,0.8095238095238095,0.38095238095238093,0.3333333333333333,0.0,0.0,3.857142857142857,0.0,True
1827,Louis Mouton,fr FRA,MF,Angers,fr Ligue 1,23.0,2002.0,32,24,1891,21.0,2,1,3,2,0,0,2,1,0.14,,,,,,,,,,,,,,,,,,,,,,,,,1827,fr FRA,MF,fr Ligue 1,23.0,2002.0,21.0,2,36,8,22.2,1.71,0.38,0.06,0.25,0,0,2261,fr FRA,MF,fr Ligue 1,23.0,2002.0,32,1891,59,61.8,21.0,24,73.0,2,8,17.0,0,1.09,15,28,-13,-0.62,-0.16,1827,fr FRA,MF,fr Ligue 1,23.0,2002.0,21.0,2,1,0,20,16,4,31,12,26,0,MF,False,False,True,False,True,False,1891,23.0,1.2380952380952381,0.5714285714285714,0.9523809523809523,0.7619047619047619,0.09523809523809523,0.047619047619047616,1.4761904761904763,0.19047619047619047,True
93,Carlos Álvarez,es ESP,MF,Levante,es La Liga,21.0,2003.0,30,23,1890,21.0,3,1,4,3,0,0,3,0,0.19,,,,,,,,,,,,,,,,,,,,,,,,,93,es ESP,MF,es La Liga,21.0,2003.0,21.0,3,30,11,36.7,1.43,0.52,0.1,0.27,0,0,118,es ESP,MF,es La Liga,21.0,2003.0,30,1890,63,55.3,21.0,23,76.0,7,7,21.0,1,0.93,20,35,-15,-0.71,-0.77,93,es ESP,MF,es La Liga,21.0,2003.0,21.0,3,0,0,22,49,2,54,13,13,0,MF,False,False,True,False,True,False,1890,21.0,0.6190476190476191,0.6190476190476191,1.0476190476190477,2.3333333333333335,0.14285714285714285,0.0,2.5714285714285716,0.09523809523809523,True
989,Dimitris Giannoulis,gr GRE,MF,Augsburg,de Bundesliga,29.0,1995.0,27,25,1888,21.0,2,5,7,2,0,0,8,0,0.33,,,,,,,,,,,,,,,,,,,,,,,,,989,gr GRE,MF,de Bundesliga,29.0,1995.0,21.0,2,10,6,60.0,0.48,0.29,0.2,0.33,0,0,1225,gr GRE,MF,de Bundesliga,29.0,1995.0,27,1888,70,61.7,21.0,25,74.0,9,2,25.0,0,1.37,32,39,-7,-0.33,0.36,989,gr GRE,MF,de Bundesliga,29.0,1995.0,21.0,8,0,0,16,20,4,99,21,20,0,MF,False,False,True,False,True,False,1888,29.0,0.9523809523809523,1.0,0.7619047619047619,0.9523809523809523,0.38095238095238093,0.0,4.714285714285714,0.19047619047619047,True
1326,Atakan Karazor,tr TUR,MF,Stuttgart,de Bundesliga,28.0,1996.0,28,22,1884,20.9,0,1,1,0,0,0,5,1,0.05,,,,,,,,,,,,,,,,,,,,,,,,,1326,tr TUR,MF,de Bundesliga,28.0,1996.0,20.9,0,7,2,28.6,0.33,0.1,0.0,0.0,0,0,1627,tr TUR,MF,de Bundesliga,28.0,1996.0,28,1884,67,61.6,20.9,22,84.0,12,6,7.0,3,1.82,37,29,8,0.38,-0.69,1326,tr TUR,MF,de Bundesliga,28.0,1996.0,20.9,5,1,0,20,34,1,7,15,27,0,MF,False,False,True,False,True,False,1884,28.0,1.291866028708134,0.7177033492822967,0.9569377990430623,1.6267942583732058,0.23923444976076558,0.04784688995215311,0.3349282296650718,0.04784688995215311,True
288,Rodrigo Bentancur,uy URU,MF,Tottenham Hotspur,eng Premier League,28.0,1997.0,26,23,1883,20.9,1,1,2,1,0,0,7,0,0.1,,,,,,,,,,,,,,,,,,,,,,,,,288,uy URU,MF,eng Premier League,28.0,1997.0,20.9,1,13,3,23.1,0.62,0.14,0.08,0.33,0,0,357,uy URU,MF,eng Premier League,28.0,1997.0,26,1883,72,55.1,20.9,23,79.0,11,3,21.0,1,1.35,28,25,3,0.14,0.85,288,uy URU,MF,eng Premier League,28.0,1997.0,20.9,7,0,0,19,8,1,7,36,36,0,MF,False,False,True,False,True,False,1883,28.0,1.722488038277512,1.722488038277512,0.9090909090909092,0.3827751196172249,0.3349282296650718,0.0,0.3349282296650718,0.04784688995215311,True
424,Noah Cadiou,gp GLP,MF,Lorient,fr Ligue 1,26.0,1998.0,28,20,1879,20.9,3,1,4,3,0,0,2,0,0.19,,,,,,,,,,,,,,,,,,,,,,,,,424,gp GLP,MF,fr Ligue 1,26.0,1998.0,20.9,3,19,9,47.4,0.91,0.43,0.16,0.33,0,0,520,gp GLP,MF,fr Ligue 1,26.0,1998.0,28,1879,67,61.4,20.9,20,86.0,17,8,20.0,4,1.43,31,33,-2,-0.1,-0.02,424,gp GLP,MF,fr Ligue 1,26.0,1998.0,20.9,2,0,0,27,13,0,3,24,16,0,MF,False,False,True,False,True,False,1879,26.0,0.7655502392344498,1.1483253588516746,1.291866028708134,0.6220095693779905,0.09569377990430622,0.0,0.14354066985645933,0.0,True
1887,Cher Ndour,it ITA,MF,Fiorentina,it Serie A,21.0,2004.0,33,20,1876,20.8,3,0,3,3,0,0,2,0,0.14,,,,,,,,,,,,,,,,,,,,,,,,,1887,it ITA,MF,it Serie A,21.0,2004.0,20.8,3,24,8,33.3,1.15,0.38,0.13,0.38,0,0,2336,it ITA,MF,it Serie A,21.0,2004.0,33,1876,57,54.9,20.8,20,79.0,9,13,23.0,5,1.24,18,22,-4,-0.19,0.1,1887,it ITA,MF,it Serie A,21.0,2004.0,20.8,2,0,0,26,23,1,20,15,17,0,MF,False,False,True,False,True,False,1876,21.0,0.8173076923076923,0.7211538461538461,1.25,1.1057692307692308,0.09615384615384615,0.0,0.9615384615384615,0.04807692307692307,True
710,Pedro Díaz,es ESP,MF,Rayo Vallecano,es La Liga,27.0,1998.0,34,21,1870,20.8,0,1,1,0,0,0,2,0,0.05,,,,,,,,,,,,,,,,,,,,,,,,,710,es ESP,MF,es La Liga,27.0,1998.0,20.8,0,44,6,13.6,2.12,0.29,0.0,0.0,0,0,874,es ESP,MF,es La Liga,27.0,1998.0,34,1870,55,54.7,20.8,21,76.0,9,13,21.0,1,1.32,24,31,-7,-0.34,-0.57,710,es ESP,MF,es La Liga,27.0,1998.0,20.8,2,0,0,20,13,0,38,9,25,0,MF,False,False,True,False,True,False,1870,27.0,1.2019230769230769,0.43269230769230765,0.9615384615384615,0.625,0.09615384615384615,0.0,1.8269230769230769,0.0,True
2591,Youri Tielemans,be BEL,MF,Aston Villa,eng Premier League,28.0,1997.0,25,21,1862,20.7,0,4,4,0,0,0,0,0,0.19,,,,,,,,,,,,,,,,,,,,,,,,,2591,be BEL,MF,eng Premier League,28.0,1997.0,20.7,0,24,7,29.2,1.16,0.34,0.0,0.0,0,0,3237,be BEL,MF,eng Premier League,28.0,1997.0,25,1862,74,54.4,20.7,21,85.0,14,4,21.0,0,1.88,32,27,5,0.24,0.13,2591,be BEL,MF,eng Premier League,28.0,1997.0,20.7,0,0,0,25,40,1,45,16,39,0,MF,False,False,True,False,True,False,1862,28.0,1.884057971014493,0.7729468599033816,1.2077294685990339,1.9323671497584543,0.0,0.0,2.1739130434782608,0.04830917874396135,True
1666,Pablo Martínez,es ESP,MF,Levante,es La Liga,27.0,1998.0,27,21,1857,20.6,1,5,6,1,0,0,3,0,0.29,,,,,,,,,,,,,,,,,,,,,,,,,1666,es ESP,MF,es La Liga,27.0,1998.0,20.6,1,28,4,14.3,1.36,0.19,0.04,0.25,0,0,2057,es ESP,MF,es La Liga,27.0,1998.0,27,1857,69,54.3,20.6,21,81.0,8,6,28.0,1,1.37,25,28,-3,-0.15,0.49,1666,es ESP,MF,es La Liga,27.0,1998.0,20.6,3,0,0,30,12,3,87,19,10,0,MF,False,False,True,False,True,False,1857,27.0,0.48543689320388345,0.9223300970873786,1.4563106796116503,0.5825242718446602,0.14563106796116504,0.0,4.223300970873786,0.14563106796116504,True
1695,Ibrahim Maza,dz ALG,MF,Leverkusen,de Bundesliga,19.0,2005.0,28,20,1849,20.5,3,4,7,3,0,0,2,0,0.34,,,,,,,,,,,,,,,,,,,,,,,,,1695,dz ALG,MF,de Bundesliga,19.0,2005.0,20.5,3,54,17,31.5,2.63,0.83,0.06,0.18,0,0,2091,dz ALG,MF,de Bundesliga,19.0,2005.0,28,1849,66,60.4,20.5,20,79.0,9,8,33.0,2,1.64,42,27,15,0.73,0.28,1695,dz ALG,MF,de Bundesliga,19.0,2005.0,20.5,2,0,0,19,36,3,64,16,24,0,MF,False,False,True,False,True,False,1849,19.0,1.170731707317073,0.7804878048780488,0.926829268292683,1.7560975609756098,0.0975609756097561,0.0,3.1219512195121952,0.14634146341463414,True
441,Lamine Camara,sn SEN,MF,Monaco,fr Ligue 1,21.0,2004.0,24,22,1847,20.5,3,4,7,3,0,0,6,0,0.34,,,,,,,,,,,,,,,,,,,,,,,,,441,sn SEN,MF,fr Ligue 1,21.0,2004.0,20.5,3,25,4,16.0,1.22,0.19,0.12,0.75,0,0,541,sn SEN,MF,fr Ligue 1,21.0,2004.0,24,1847,77,60.4,20.5,22,82.0,15,2,17.0,0,1.88,40,27,13,0.63,1.15,441,sn SEN,MF,fr Ligue 1,21.0,2004.0,20.5,6,0,0,28,48,0,101,38,33,0,MF,False,False,True,False,True,False,1847,21.0,1.6097560975609757,1.853658536585366,1.3658536585365855,2.341463414634146,0.2926829268292683,0.0,4.926829268292683,0.0,True
2157,Cameron Puertas,ch SUI,MF,Werder Bremen,de Bundesliga,26.0,1998.0,28,22,1846,20.5,1,2,3,1,0,0,6,0,0.15,,,,,,,,,,,,,,,,,,,,,,,,,2157,ch SUI,MF,de Bundesliga,26.0,1998.0,20.5,1,37,8,21.6,1.8,0.39,0.03,0.13,0,0,2681,ch SUI,MF,de Bundesliga,26.0,1998.0,28,1846,66,60.3,20.5,22,80.0,10,6,15.0,3,1.04,24,30,-6,-0.29,0.97,2157,ch SUI,MF,de Bundesliga,26.0,1998.0,20.5,6,0,0,37,22,2,77,19,37,0,MF,False,False,True,False,True,False,1846,26.0,1.8048780487804879,0.926829268292683,1.8048780487804879,1.0731707317073171,0.2926829268292683,0.0,3.7560975609756095,0.0975609756097561,True
1184,Callum Hudson-Odoi,eng ENG,MF,Nottingham Forest,eng Premier League,24.0,2000.0,30,21,1841,20.5,3,4,7,3,0,0,0,0,0.34,,,,,,,,,,,,,,,,,,,,,,,,,1184,eng ENG,MF,eng Premier League,24.0,2000.0,20.5,3,30,10,33.3,1.47,0.49,0.1,0.3,0,0,1461,eng ENG,MF,eng Premier League,24.0,2000.0,30,1841,61,53.8,20.5,21,75.0,4,9,31.0,0,1.0,21,26,-5,-0.24,-0.36,1184,eng ENG,MF,eng Premier League,24.0,2000.0,20.5,0,0,0,12,12,2,91,8,7,0,MF,False,False,True,False,True,False,1841,24.0,0.34146341463414637,0.3902439024390244,0.5853658536585366,0.5853658536585366,0.0,0.0,4.439024390243903,0.0975609756097561,True
1253,Oliver Jensen,dk DEN,MF,Parma,it Serie A,23.0,2002.0,34,19,1840,20.4,1,1,2,1,0,0,2,0,0.1,,,,,,,,,,,,,,,,,,,,,,,,,1253,dk DEN,MF,it Serie A,23.0,2002.0,20.4,1,15,3,20.0,0.73,0.15,0.07,0.33,0,0,1542,dk DEN,MF,it Serie A,23.0,2002.0,34,1840,54,53.8,20.4,19,78.0,9,15,23.0,4,1.21,14,28,-14,-0.68,-0.46,1253,dk DEN,MF,it Serie A,23.0,2002.0,20.4,2,0,0,13,20,2,14,17,8,0,MF,False,False,True,False,True,False,1840,23.0,0.3921568627450981,0.8333333333333334,0.6372549019607844,0.9803921568627452,0.09803921568627452,0.0,0.6862745098039216,0.09803921568627452,True
2390,Xaver Schlager,at AUT,MF,RB Leipzig,de Bundesliga,27.0,1997.0,26,21,1837,20.4,3,1,4,3,0,0,6,0,0.2,,,,,,,,,,,,,,,,,,,,,,,,,2390,at AUT,MF,de Bundesliga,27.0,1997.0,20.4,3,21,7,33.3,1.03,0.34,0.14,0.43,0,0,2973,at AUT,MF,de Bundesliga,27.0,1997.0,26,1837,71,60.0,20.4,21,83.0,16,5,21.0,1,1.88,40,29,11,0.54,-0.05,2390,at AUT,MF,de Bundesliga,27.0,1997.0,20.4,6,0,0,25,16,2,11,7,25,0,MF,False,False,True,False,True,False,1837,27.0,1.2254901960784315,0.3431372549019608,1.2254901960784315,0.7843137254901962,0.29411764705882354,0.0,0.5392156862745099,0.09803921568627452,True
1069,Gonçalo Guedes,pt POR,MF,Real Sociedad,es La Liga,28.0,1996.0,32,22,1823,20.3,8,4,12,8,0,0,3,0,0.59,,,,,,,,,,,,,,,,,,,,,,,,,1069,pt POR,MF,es La Liga,28.0,1996.0,20.3,8,46,18,39.1,2.27,0.89,0.17,0.44,0,0,1325,pt POR,MF,es La Liga,28.0,1996.0,32,1823,57,53.3,20.3,22,72.0,5,10,25.0,0,1.31,32,26,6,0.3,0.75,1069,pt POR,MF,es La Liga,28.0,1996.0,20.3,3,0,0,18,33,13,70,4,16,0,MF,False,False,True,False,True,False,1823,28.0,0.7881773399014778,0.19704433497536944,0.8866995073891625,1.625615763546798,0.14778325123152708,0.0,3.4482758620689653,0.6403940886699507,True
391,Tajon Buchanan,ca CAN,MF,Villarreal,es La Liga,26.0,1999.0,34,21,1819,20.2,7,1,8,7,0,0,8,0,0.4,,,,,,,,,,,,,,,,,,,,,,,,,391,ca CAN,MF,es La Liga,26.0,1999.0,20.2,7,27,11,40.7,1.34,0.54,0.26,0.64,0,0,485,ca CAN,MF,es La Liga,26.0,1999.0,34,1819,54,53.2,20.2,21,72.0,5,13,24.0,2,1.76,35,18,17,0.84,0.34,391,ca CAN,MF,es La Liga,26.0,1999.0,20.2,8,0,0,18,36,8,33,22,19,0,MF,False,False,True,False,True,False,1819,26.0,0.9405940594059407,1.0891089108910892,0.8910891089108911,1.7821782178217822,0.39603960396039606,0.0,1.6336633663366338,0.39603960396039606,True
1451,Hugo Larsson,se SWE,MF,Eintracht Frankfurt,de Bundesliga,21.0,2004.0,25,21,1812,20.1,2,2,4,2,0,0,0,0,0.2,,,,,,,,,,,,,,,,,,,,,,,,,1451,se SWE,MF,de Bundesliga,21.0,2004.0,20.1,2,13,6,46.2,0.65,0.3,0.15,0.33,0,0,1788,se SWE,MF,de Bundesliga,21.0,2004.0,25,1812,72,59.2,20.1,21,81.0,10,4,29.0,3,1.28,33,32,1,0.05,0.41,1451,se SWE,MF,de Bundesliga,21.0,2004.0,20.1,0,0,0,7,2,0,9,27,9,0,MF,False,False,True,False,True,False,1812,21.0,0.4477611940298507,1.3432835820895521,0.34825870646766166,0.09950248756218905,0.0,0.0,0.4477611940298507,0.0,True
1267,Ísak Jóhannesson,is ISL,MF,Köln,de Bundesliga,22.0,2003.0,31,21,1809,20.1,1,2,3,1,0,0,6,0,0.15,,,,,,,,,,,,,,,,,,,,,,,,,1267,is ISL,MF,de Bundesliga,22.0,2003.0,20.1,1,14,5,35.7,0.7,0.25,0.07,0.2,0,0,1557,is ISL,MF,de Bundesliga,22.0,2003.0,31,1809,58,59.1,20.1,21,76.0,8,10,22.0,1,0.97,25,39,-14,-0.7,-0.7,1267,is ISL,MF,de Bundesliga,22.0,2003.0,20.1,6,0,0,14,5,2,65,8,15,0,MF,False,False,True,False,True,False,1809,22.0,0.7462686567164178,0.3980099502487562,0.6965174129353233,0.24875621890547261,0.29850746268656714,0.0,3.233830845771144,0.09950248756218905,True
1600,Jean-Victor Makengo,fr FRA,MF,Lorient,fr Ligue 1,27.0,1998.0,31,23,1800,20.0,4,2,6,4,0,0,2,0,0.3,,,,,,,,,,,,,,,,,,,,,,,,,1600,fr FRA,MF,fr Ligue 1,27.0,1998.0,20.0,4,39,14,35.9,1.95,0.7,0.1,0.29,0,0,1975,fr FRA,MF,fr Ligue 1,27.0,1998.0,31,1800,58,58.8,20.0,23,70.0,2,8,23.0,3,1.35,27,26,1,0.05,0.34,1600,fr FRA,MF,fr Ligue 1,27.0,1998.0,20.0,2,0,0,12,35,0,18,14,16,1,MF,False,False,True,False,True,False,1800,27.0,0.8,0.7,0.6,1.75,0.1,0.0,0.9,0.0,True
1814,Nikola Moro,hr CRO,MF,Bologna,it Serie A,27.0,1998.0,30,19,1799,20.0,2,0,2,2,0,0,1,0,0.1,,,,,,,,,,,,,,,,,,,,,,,,,1814,hr CRO,MF,it Serie A,27.0,1998.0,20.0,2,21,2,9.5,1.05,0.1,0.1,1.0,0,0,2246,hr CRO,MF,it Serie A,27.0,1998.0,30,1799,60,52.6,20.0,19,80.0,10,11,26.0,8,1.7,27,17,10,0.5,0.89,1814,hr CRO,MF,it Serie A,27.0,1998.0,20.0,1,0,0,18,17,1,49,19,8,0,MF,False,False,True,False,True,False,1799,27.0,0.4,0.95,0.9,0.85,0.05,0.0,2.45,0.05,True
2411,Antoine Semenyo,gh GHA,MF,Bournemouth,eng Premier League,25.0,2000.0,20,20,1798,20.0,10,3,13,9,1,2,6,0,0.6,,,,,,,,,,,,,,,,,,,,,,,,,2411,gh GHA,MF,eng Premier League,25.0,2000.0,20.0,10,49,27,55.1,2.45,1.35,0.18,0.33,1,2,2999,gh GHA,MF,eng Premier League,25.0,2000.0,20,1798,90,52.6,20.0,20,90.0,18,0,,0,1.25,31,38,-7,-0.35,-0.96,2411,gh GHA,MF,eng Premier League,25.0,2000.0,20.0,6,0,0,37,14,12,28,6,20,0,MF,False,False,True,False,True,False,1798,25.0,1.0,0.3,1.85,0.7,0.3,0.0,1.4,0.6,True
1529,Fermin López,es ESP,MF,Barcelona,es La Liga,22.0,2003.0,30,19,1797,20.0,6,9,15,6,0,0,3,0,0.75,,,,,,,,,,,,,,,,,,,,,,,,,1529,es ESP,MF,es La Liga,22.0,2003.0,20.0,6,68,25,36.8,3.41,1.25,0.09,0.24,0,0,1893,es ESP,MF,es La Liga,22.0,2003.0,30,1797,60,52.5,20.0,19,75.0,7,11,33.0,1,2.63,54,18,36,1.8,0.53,1529,es ESP,MF,es La Liga,22.0,2003.0,20.0,3,0,0,34,20,5,36,7,22,0,MF,False,False,True,False,True,False,1797,22.0,1.1,0.35,1.7,1.0,0.15,0.0,1.8,0.25,True
516,Fares Chaïbi,dz ALG,MF,Eintracht Frankfurt,de Bundesliga,22.0,2002.0,28,21,1792,19.9,2,9,11,2,0,0,2,0,0.55,,,,,,,,,,,,,,,,,,,,,,,,,516,dz ALG,MF,de Bundesliga,22.0,2002.0,19.9,2,35,9,25.7,1.76,0.45,0.06,0.22,0,0,636,dz ALG,MF,de Bundesliga,22.0,2002.0,28,1792,64,58.6,19.9,21,77.0,8,7,26.0,2,1.36,40,38,2,0.1,0.53,516,dz ALG,MF,de Bundesliga,22.0,2002.0,19.9,2,0,0,14,21,5,91,13,21,0,MF,False,False,True,False,True,False,1792,22.0,1.0552763819095479,0.6532663316582915,0.7035175879396985,1.0552763819095479,0.10050251256281408,0.0,4.572864321608041,0.2512562814070352,True
2332,Oihan Sancet,es ESP,MF,Athletic Club,es La Liga,25.0,2000.0,28,22,1788,19.9,4,0,4,2,2,2,4,1,0.1,,,,,,,,,,,,,,,,,,,,,,,,,2332,es ESP,MF,es La Liga,25.0,2000.0,19.9,4,48,15,31.3,2.42,0.76,0.04,0.13,2,2,2902,es ESP,MF,es La Liga,25.0,2000.0,28,1788,64,52.3,19.9,22,71.0,2,6,37.0,0,1.0,17,25,-8,-0.4,-0.02,2332,es ESP,MF,es La Liga,25.0,2000.0,19.9,4,1,0,28,28,0,23,3,14,0,MF,False,False,True,False,True,False,1788,25.0,0.7035175879396985,0.15075376884422112,1.407035175879397,1.407035175879397,0.20100502512562815,0.05025125628140704,1.155778894472362,0.0,True
270,Jobe Bellingham,eng ENG,MF,Dortmund,de Bundesliga,19.0,2005.0,32,20,1786,19.8,0,1,1,0,0,0,2,1,0.05,,,,,,,,,,,,,,,,,,,,,,,,,270,eng ENG,MF,de Bundesliga,19.0,2005.0,19.8,0,19,6,31.6,0.96,0.3,0.0,0.0,0,0,334,eng ENG,MF,de Bundesliga,19.0,2005.0,32,1786,56,58.4,19.8,20,80.0,11,12,15.0,0,2.16,44,20,24,1.21,0.36,270,eng ENG,MF,de Bundesliga,19.0,2005.0,19.8,2,1,0,15,20,0,5,41,23,0,MF,False,False,True,False,True,False,1786,19.0,1.1616161616161615,2.0707070707070705,0.7575757575757576,1.0101010101010102,0.10101010101010101,0.050505050505050504,0.25252525252525254,0.0,True
532,Rayan Cherki,fr FRA,MF,Manchester City,eng Premier League,21.0,2003.0,33,19,1786,19.8,4,12,16,4,0,0,1,0,0.81,,,,,,,,,,,,,,,,,,,,,,,,,532,fr FRA,MF,eng Premier League,21.0,2003.0,19.8,4,55,13,23.6,2.77,0.66,0.07,0.31,0,0,658,fr FRA,MF,eng Premier League,21.0,2003.0,33,1786,54,52.2,19.8,19,77.0,5,14,23.0,1,2.06,40,19,21,1.06,-0.1,532,fr FRA,MF,eng Premier League,21.0,2003.0,19.8,1,0,0,18,34,1,80,7,16,0,MF,False,False,True,False,True,False,1786,21.0,0.8080808080808081,0.35353535353535354,0.9090909090909091,1.7171717171717171,0.050505050505050504,0.0,4.040404040404041,0.050505050505050504,True
25,Tyler Adams,us USA,MF,Bournemouth,eng Premier League,26.0,1999.0,25,21,1773,19.7,2,2,4,2,0,0,8,0,0.2,,,,,,,,,,,,,,,,,,,,,,,,,25,us USA,MF,eng Premier League,26.0,1999.0,19.7,2,10,6,60.0,0.51,0.3,0.2,0.33,0,0,29,us USA,MF,eng Premier League,26.0,1999.0,25,1773,71,51.8,19.7,21,79.0,10,4,28.0,1,1.52,25,28,-3,-0.15,-0.53,25,us USA,MF,eng Premier League,26.0,1999.0,19.7,8,0,0,36,13,1,3,30,24,0,MF,False,False,True,False,True,False,1773,26.0,1.218274111675127,1.5228426395939088,1.8274111675126905,0.6598984771573604,0.40609137055837563,0.0,0.15228426395939088,0.050761421319796954,True
2680,Charles Vanhoutte,be BEL,MF,Nice,fr Ligue 1,26.0,1998.0,26,21,1772,19.7,0,2,2,0,0,0,7,0,0.1,,,,,,,,,,,,,,,,,,,,,,,,,2680,be BEL,MF,fr Ligue 1,26.0,1998.0,19.7,0,5,1,20.0,0.25,0.05,0.0,0.0,0,0,3344,be BEL,MF,fr Ligue 1,26.0,1998.0,26,1772,68,57.9,19.7,21,81.0,10,5,15.0,3,1.04,23,33,-10,-0.51,0.4,2680,be BEL,MF,fr Ligue 1,26.0,1998.0,19.7,7,0,0,35,8,0,13,21,28,0,MF,False,False,True,False,True,False,1772,26.0,1.4213197969543148,1.0659898477157361,1.7766497461928934,0.40609137055837563,0.3553299492385787,0.0,0.6598984771573604,0.0,True
1812,Manu Morlanes,es ESP,MF,Mallorca,es La Liga,26.0,1999.0,32,22,1765,19.6,3,0,3,3,0,0,5,1,0.15,,,,,,,,,,,,,,,,,,,,,,,,,1812,es ESP,MF,es La Liga,26.0,1999.0,19.6,3,13,4,30.8,0.66,0.2,0.23,0.75,0,0,2244,es ESP,MF,es La Liga,26.0,1999.0,32,1765,55,51.6,19.6,22,72.0,2,10,18.0,2,1.16,26,29,-3,-0.15,0.23,1812,es ESP,MF,es La Liga,26.0,1999.0,19.6,5,1,1,28,12,0,11,19,30,0,MF,False,False,True,False,True,False,1765,26.0,1.530612244897959,0.9693877551020408,1.4285714285714284,0.6122448979591836,0.25510204081632654,0.0510204081632653,0.5612244897959183,0.0,True
2521,Petar Sucic,hr CRO,MF,Inter,it Serie A,21.0,2003.0,34,21,1765,19.6,2,2,4,2,0,0,5,0,0.2,,,,,,,,,,,,,,,,,,,,,,,,,2521,hr CRO,MF,it Serie A,21.0,2003.0,19.6,2,22,6,27.3,1.12,0.31,0.09,0.33,0,0,3152,hr CRO,MF,it Serie A,21.0,2003.0,34,1765,52,51.6,19.6,21,74.0,7,13,16.0,3,2.21,42,21,21,1.07,-0.72,2521,hr CRO,MF,it Serie A,21.0,2003.0,19.6,5,0,0,30,25,0,43,9,25,0,MF,False,False,True,False,True,False,1765,21.0,1.2755102040816326,0.4591836734693877,1.530612244897959,1.2755102040816326,0.25510204081632654,0.0,2.193877551020408,0.0,True
2489,Vinicius Souza,br BRA,MF,Wolfsburg,de Bundesliga,26.0,1999.0,24,22,1764,19.6,0,0,0,0,0,0,5,0,0.0,,,,,,,,,,,,,,,,,,,,,,,,,2489,br BRA,MF,de Bundesliga,26.0,1999.0,19.6,0,9,2,22.2,0.46,0.1,0.0,0.0,0,0,3108,br BRA,MF,de Bundesliga,26.0,1999.0,24,1764,74,57.6,19.6,22,80.0,12,2,3.0,8,0.88,24,35,-11,-0.56,0.34,2489,br BRA,MF,de Bundesliga,26.0,1999.0,19.6,5,0,0,40,23,0,4,25,32,0,MF,False,False,True,False,True,False,1764,26.0,1.6326530612244896,1.2755102040816326,2.0408163265306123,1.173469387755102,0.25510204081632654,0.0,0.2040816326530612,0.0,True
231,Ander Barrenetxea,es ESP,MF,Real Sociedad,es La Liga,23.0,2001.0,30,22,1763,19.6,3,5,8,3,0,0,5,0,0.41,,,,,,,,,,,,,,,,,,,,,,,,,231,es ESP,MF,es La Liga,23.0,2001.0,19.6,3,35,11,31.4,1.79,0.56,0.09,0.27,0,0,288,es ESP,MF,es La Liga,23.0,2001.0,30,1763,59,51.5,19.6,22,69.0,5,8,30.0,0,1.27,29,27,2,0.1,0.32,231,es ESP,MF,es La Liga,23.0,2001.0,19.6,5,0,0,37,30,5,72,17,18,0,MF,False,False,True,False,True,False,1763,23.0,0.9183673469387754,0.8673469387755102,1.887755102040816,1.530612244897959,0.25510204081632654,0.0,3.6734693877551017,0.25510204081632654,True
345,Warren Bondo,fr FRA,MF,Cremonese,it Serie A,21.0,2003.0,27,22,1762,19.6,0,0,0,0,0,0,5,0,0.0,,,,,,,,,,,,,,,,,,,,,,,,,345,fr FRA,MF,it Serie A,21.0,2003.0,19.6,0,8,2,25.0,0.41,0.1,0.0,0.0,0,0,427,fr FRA,MF,it Serie A,21.0,2003.0,27,1762,65,51.5,19.6,22,73.0,8,5,33.0,3,0.85,16,30,-14,-0.72,-0.12,345,fr FRA,MF,it Serie A,21.0,2003.0,19.6,5,0,0,39,33,0,3,9,16,0,MF,False,False,True,False,True,False,1762,21.0,0.8163265306122448,0.4591836734693877,1.9897959183673468,1.683673469387755,0.25510204081632654,0.0,0.1530612244897959,0.0,True
2025,Azzedine Ounahi,ma MAR,MF,Girona,es La Liga,25.0,2000.0,24,20,1760,19.6,5,2,7,4,1,1,6,0,0.31,,,,,,,,,,,,,,,,,,,,,,,,,2025,ma MAR,MF,es La Liga,25.0,2000.0,19.6,5,51,19,37.3,2.61,0.97,0.08,0.21,1,1,2505,ma MAR,MF,es La Liga,25.0,2000.0,24,1760,73,51.5,19.6,20,83.0,10,4,28.0,0,1.0,22,23,-1,-0.05,0.76,2025,ma MAR,MF,es La Liga,25.0,2000.0,19.6,6,0,0,18,63,1,41,16,15,0,MF,False,False,True,False,True,False,1760,25.0,0.7653061224489796,0.8163265306122448,0.9183673469387754,3.214285714285714,0.3061224489795918,0.0,2.0918367346938775,0.0510204081632653,True
786,Simon Ebonog,cm CMR,MF,Le Havre,fr Ligue 1,20.0,2004.0,30,21,1759,19.5,1,0,1,1,0,0,8,0,0.05,,,,,,,,,,,,,,,,,,,,,,,,,786,cm CMR,MF,fr Ligue 1,20.0,2004.0,19.5,1,22,4,18.2,1.13,0.2,0.05,0.25,0,0,966,cm CMR,MF,fr Ligue 1,20.0,2004.0,30,1759,59,57.5,19.5,21,77.0,7,9,17.0,2,1.07,17,31,-14,-0.72,-0.85,786,cm CMR,MF,fr Ligue 1,20.0,2004.0,19.5,8,0,0,29,34,0,16,24,21,0,MF,False,False,True,False,True,False,1759,20.0,1.0769230769230769,1.2307692307692308,1.4871794871794872,1.7435897435897436,0.41025641025641024,0.0,0.8205128205128205,0.0,True
1994,Amadou Onana,be BEL,MF,Aston Villa,eng Premier League,23.0,2001.0,25,21,1758,19.5,2,0,2,2,0,0,3,0,0.1,,,,,,,,,,,,,,,,,,,,,,,,,1994,be BEL,MF,eng Premier League,23.0,2001.0,19.5,2,19,7,36.8,0.97,0.36,0.11,0.29,0,0,2467,be BEL,MF,eng Premier League,23.0,2001.0,25,1758,70,51.4,19.5,21,81.0,11,4,17.0,1,1.96,28,26,2,0.1,-0.17,1994,be BEL,MF,eng Premier League,23.0,2001.0,19.5,3,0,0,20,25,0,0,19,30,0,MF,False,False,True,False,True,False,1758,23.0,1.5384615384615385,0.9743589743589743,1.0256410256410255,1.2820512820512822,0.15384615384615385,0.0,0.0,0.0,True
996,Gvidas Gineitis,lt LTU,MF,Torino,it Serie A,21.0,2004.0,29,23,1756,19.5,0,1,1,0,0,0,5,0,0.05,,,,,,,,,,,,,,,,,,,,,,,,,996,lt LTU,MF,it Serie A,21.0,2004.0,19.5,0,27,5,18.5,1.38,0.26,0.0,0.0,0,0,1234,lt LTU,MF,it Serie A,21.0,2004.0,29,1756,61,51.3,19.5,23,72.0,8,6,17.0,5,1.31,19,32,-13,-0.67,-0.34,996,lt LTU,MF,it Serie A,21.0,2004.0,19.5,5,0,0,43,32,1,64,23,28,0,MF,False,False,True,False,True,False,1756,21.0,1.435897435897436,1.1794871794871795,2.2051282051282053,1.641025641025641,0.2564102564102564,0.0,3.282051282051282,0.05128205128205128,True
393,Emi Buendía,ar ARG,MF,Aston Villa,eng Premier League,28.0,1996.0,36,21,1755,19.5,6,2,8,6,0,0,6,0,0.41,,,,,,,,,,,,,,,,,,,,,,,,,393,ar ARG,MF,eng Premier League,28.0,1996.0,19.5,6,49,13,26.5,2.51,0.67,0.12,0.46,0,0,487,ar ARG,MF,eng Premier League,28.0,1996.0,36,1755,49,51.3,19.5,21,68.0,3,15,22.0,1,1.78,21,24,-3,-0.15,-0.69,393,ar ARG,MF,eng Premier League,28.0,1996.0,19.5,6,0,0,41,45,1,10,13,27,0,MF,False,False,True,False,True,False,1755,28.0,1.3846153846153846,0.6666666666666666,2.1025641025641026,2.3076923076923075,0.3076923076923077,0.0,0.5128205128205128,0.05128205128205128,True
765,Kamory Doumbia,ml MLI,MF,Brest,fr Ligue 1,22.0,2003.0,24,22,1750,19.4,5,4,9,5,0,0,6,0,0.46,,,,,,,,,,,,,,,,,,,,,,,,,765,ml MLI,MF,fr Ligue 1,22.0,2003.0,19.4,5,43,14,32.6,2.21,0.72,0.12,0.36,0,0,938,ml MLI,MF,fr Ligue 1,22.0,2003.0,24,1750,73,57.2,19.4,22,78.0,4,2,22.0,0,1.33,30,25,5,0.26,1.43,765,ml MLI,MF,fr Ligue 1,22.0,2003.0,19.4,6,0,0,29,21,2,20,20,30,0,MF,False,False,True,False,True,False,1750,22.0,1.5463917525773196,1.0309278350515465,1.4948453608247423,1.0824742268041239,0.30927835051546393,0.0,1.0309278350515465,0.10309278350515465,True
1166,Jack Hinshelwood,eng ENG,MF,Brighton,eng Premier League,20.0,2005.0,27,20,1741,19.3,4,3,7,4,0,0,0,0,0.36,,,,,,,,,,,,,,,,,,,,,,,,,1166,eng ENG,MF,eng Premier League,20.0,2005.0,19.3,4,37,15,40.5,1.91,0.78,0.11,0.27,0,0,1442,eng ENG,MF,eng Premier League,20.0,2005.0,27,1741,64,50.9,19.3,20,76.0,4,7,32.0,2,1.33,23,23,0,0.0,-0.32,1166,eng ENG,MF,eng Premier League,20.0,2005.0,19.3,0,0,0,32,12,2,7,6,13,1,MF,False,False,True,False,True,False,1741,20.0,0.6735751295336787,0.31088082901554404,1.6580310880829014,0.6217616580310881,0.0,0.0,0.3626943005181347,0.10362694300518134,True
237,Toma Bašić,hr CRO,MF,Lazio,it Serie A,28.0,1996.0,23,23,1735,19.3,2,3,5,2,0,0,0,1,0.26,,,,,,,,,,,,,,,,,,,,,,,,,237,hr CRO,MF,it Serie A,28.0,1996.0,19.3,2,30,12,40.0,1.56,0.62,0.07,0.17,0,0,296,hr CRO,MF,it Serie A,28.0,1996.0,23,1735,75,50.7,19.3,23,75.0,10,0,,3,1.52,22,20,2,0.1,0.16,237,hr CRO,MF,it Serie A,28.0,1996.0,19.3,0,1,0,20,19,0,48,9,16,0,MF,False,False,True,False,True,False,1735,28.0,0.8290155440414507,0.46632124352331605,1.0362694300518134,0.9844559585492227,0.0,0.05181347150259067,2.4870466321243523,0.0,True
1985,Olasagasti,es ESP,MF,Levante,es La Liga,24.0,2000.0,33,18,1734,19.3,1,5,6,1,0,0,2,1,0.31,,,,,,,,,,,,,,,,,,,,,,,,,1985,es ESP,MF,es La Liga,24.0,2000.0,19.3,1,28,9,32.1,1.45,0.47,0.04,0.11,0,0,2453,es ESP,MF,es La Liga,24.0,2000.0,33,1734,53,50.7,19.3,18,81.0,9,15,18.0,2,1.12,28,32,-4,-0.21,0.33,1985,es ESP,MF,es La Liga,24.0,2000.0,19.3,2,1,0,20,33,0,106,14,15,0,MF,False,False,True,False,True,False,1734,24.0,0.7772020725388601,0.7253886010362695,1.0362694300518134,1.709844559585492,0.10362694300518134,0.05181347150259067,5.492227979274611,0.0,True
1561,Saša Lukić,rs SRB,MF,Fulham,eng Premier League,28.0,1996.0,26,20,1734,19.3,1,2,3,1,0,0,9,0,0.16,,,,,,,,,,,,,,,,,,,,,,,,,1561,rs SRB,MF,eng Premier League,28.0,1996.0,19.3,1,18,6,33.3,0.93,0.31,0.06,0.17,0,0,1932,rs SRB,MF,eng Premier League,28.0,1996.0,26,1734,67,50.7,19.3,20,80.0,12,6,24.0,3,1.19,16,22,-6,-0.31,-0.42,1561,rs SRB,MF,eng Premier League,28.0,1996.0,19.3,9,0,0,53,25,2,68,16,28,0,MF,False,False,True,False,True,False,1734,28.0,1.450777202072539,0.8290155440414507,2.7461139896373057,1.2953367875647668,0.46632124352331605,0.0,3.523316062176166,0.10362694300518134,True
2250,Jesus Rodríguez,es ESP,MF,Como,it Serie A,19.0,2005.0,31,18,1731,19.2,2,9,11,2,0,0,3,1,0.57,,,,,,,,,,,,,,,,,,,,,,,,,2250,es ESP,MF,it Serie A,19.0,2005.0,19.2,2,45,12,26.7,2.34,0.62,0.04,0.17,0,0,2795,es ESP,MF,it Serie A,19.0,2005.0,31,1731,56,50.6,19.2,18,75.0,3,13,29.0,3,1.9,39,12,27,1.4,0.92,2250,es ESP,MF,it Serie A,19.0,2005.0,19.2,3,1,0,24,32,3,57,4,17,0,MF,False,False,True,False,True,False,1731,19.0,0.8854166666666667,0.20833333333333334,1.25,1.6666666666666667,0.15625,0.052083333333333336,2.96875,0.15625,True
2330,Albert Sambi Lokonga,be BEL,MF,Hamburger SV,de Bundesliga,25.0,1999.0,26,20,1710,19.0,5,0,5,5,0,0,3,0,0.26,,,,,,,,,,,,,,,,,,,,,,,,,2330,be BEL,MF,de Bundesliga,25.0,1999.0,19.0,5,19,11,57.9,1.0,0.58,0.26,0.45,0,0,2898,be BEL,MF,de Bundesliga,25.0,1999.0,26,1710,66,55.9,19.0,20,81.0,9,6,14.0,1,1.23,29,29,0,0.0,0.93,2330,be BEL,MF,de Bundesliga,25.0,1999.0,19.0,3,0,0,20,27,0,13,13,13,0,MF,False,False,True,False,True,False,1710,25.0,0.6842105263157895,0.6842105263157895,1.0526315789473684,1.4210526315789473,0.15789473684210525,0.0,0.6842105263157895,0.0,True
221,Tommaso Barbieri,it ITA,MF,Cremonese,it Serie A,22.0,2002.0,29,18,1707,19.0,0,1,1,0,0,0,8,0,0.05,,,,,,,,,,,,,,,,,,,,,,,,,221,it ITA,MF,it Serie A,22.0,2002.0,19.0,0,16,2,12.5,0.84,0.11,0.0,0.0,0,0,276,it ITA,MF,it Serie A,22.0,2002.0,29,1707,59,49.9,19.0,18,82.0,10,11,21.0,5,0.86,19,25,-6,-0.32,0.68,221,it ITA,MF,it Serie A,22.0,2002.0,19.0,8,0,0,40,26,1,78,14,26,0,MF,False,False,True,False,True,False,1707,22.0,1.368421052631579,0.7368421052631579,2.1052631578947367,1.368421052631579,0.42105263157894735,0.0,4.105263157894737,0.05263157894736842,True
307,Jan-Niklas Beste,de GER,MF,Freiburg,de Bundesliga,26.0,1999.0,28,20,1704,18.9,2,2,4,2,0,0,5,0,0.21,,,,,,,,,,,,,,,,,,,,,,,,,307,de GER,MF,de Bundesliga,26.0,1999.0,18.9,2,24,14,58.3,1.27,0.74,0.08,0.14,0,0,378,de GER,MF,de Bundesliga,26.0,1999.0,28,1704,61,55.7,18.9,20,77.0,6,8,21.0,1,1.54,33,25,8,0.42,1.35,307,de GER,MF,de Bundesliga,26.0,1999.0,18.9,5,0,0,17,36,5,106,17,24,0,MF,False,False,True,False,True,False,1704,26.0,1.26984126984127,0.8994708994708995,0.8994708994708995,1.9047619047619049,0.2645502645502646,0.0,5.608465608465609,0.2645502645502646,True
930,Chris Führich,de GER,MF,Stuttgart,de Bundesliga,27.0,1998.0,33,20,1698,18.9,7,7,14,7,0,0,2,0,0.74,,,,,,,,,,,,,,,,,,,,,,,,,930,de GER,MF,de Bundesliga,27.0,1998.0,18.9,7,45,23,51.1,2.39,1.22,0.16,0.3,0,0,1152,de GER,MF,de Bundesliga,27.0,1998.0,33,1698,51,55.5,18.9,20,70.0,1,13,23.0,1,1.79,41,28,13,0.69,0.09,930,de GER,MF,de Bundesliga,27.0,1998.0,18.9,2,0,0,6,7,5,86,3,9,0,MF,False,False,True,False,True,False,1698,27.0,0.4761904761904762,0.15873015873015875,0.3174603174603175,0.3703703703703704,0.10582010582010583,0.0,4.550264550264551,0.2645502645502646,True
2129,Jakub Piotrowski,pl POL,MF,Udinese,it Serie A,27.0,1997.0,33,20,1696,18.8,1,1,2,1,0,0,2,0,0.11,,,,,,,,,,,,,,,,,,,,,,,,,2129,pl POL,MF,it Serie A,27.0,1997.0,18.8,1,36,9,25.0,1.91,0.48,0.03,0.11,0,0,2639,pl POL,MF,it Serie A,27.0,1997.0,33,1696,51,49.6,18.8,20,70.0,4,13,23.0,2,1.33,21,23,-2,-0.11,-0.05,2129,pl POL,MF,it Serie A,27.0,1997.0,18.8,2,0,0,29,29,2,25,15,25,0,MF,False,False,True,False,True,False,1696,27.0,1.3297872340425532,0.7978723404255319,1.5425531914893615,1.5425531914893615,0.10638297872340426,0.0,1.3297872340425532,0.10638297872340426,True
361,Hicham Boudaoui,dz ALG,MF,Nice,fr Ligue 1,25.0,1999.0,25,18,1694,18.8,1,2,3,1,0,0,5,0,0.16,,,,,,,,,,,,,,,,,,,,,,,,,361,dz ALG,MF,fr Ligue 1,25.0,1999.0,18.8,1,21,9,42.9,1.12,0.48,0.05,0.11,0,0,447,dz ALG,MF,fr Ligue 1,25.0,1999.0,25,1694,68,55.4,18.8,18,84.0,12,7,27.0,1,0.92,20,33,-13,-0.69,-0.03,361,dz ALG,MF,fr Ligue 1,25.0,1999.0,18.8,5,0,0,19,40,2,19,18,16,0,MF,False,False,True,False,True,False,1694,25.0,0.851063829787234,0.9574468085106382,1.0106382978723405,2.127659574468085,0.26595744680851063,0.0,1.0106382978723405,0.10638297872340426,True
1190,Omari Hutchinson,eng ENG,MF,Nottingham Forest,eng Premier League,21.0,2003.0,31,17,1688,18.8,1,5,6,1,0,0,1,0,0.32,,,,,,,,,,,,,,,,,,,,,,,,,1190,eng ENG,MF,eng Premier League,21.0,2003.0,18.8,1,25,11,44.0,1.33,0.59,0.04,0.09,0,0,1468,eng ENG,MF,eng Premier League,21.0,2003.0,31,1688,54,49.4,18.8,17,78.0,8,14,26.0,5,1.19,25,24,1,0.05,0.26,1190,eng ENG,MF,eng Premier League,21.0,2003.0,18.8,1,0,0,23,24,8,133,11,11,0,MF,False,False,True,False,True,False,1688,21.0,0.5851063829787234,0.5851063829787234,1.2234042553191489,1.276595744680851,0.05319148936170213,0.0,7.074468085106383,0.425531914893617,True
2424,Kwasi Sibo,gh GHA,MF,Oviedo,es La Liga,27.0,1998.0,26,21,1681,18.7,0,0,0,0,0,0,3,1,0.0,,,,,,,,,,,,,,,,,,,,,,,,,2424,gh GHA,MF,es La Liga,27.0,1998.0,18.7,0,9,2,22.2,0.48,0.11,0.0,0.0,0,0,3024,gh GHA,MF,es La Liga,27.0,1998.0,26,1681,65,49.2,18.7,21,75.0,9,5,21.0,10,0.88,16,26,-10,-0.54,0.71,2424,gh GHA,MF,es La Liga,27.0,1998.0,18.7,3,1,0,30,4,0,2,14,20,0,MF,False,False,True,False,True,False,1681,27.0,1.0695187165775402,0.7486631016042781,1.6042780748663101,0.21390374331550802,0.16042780748663102,0.053475935828877004,0.10695187165775401,0.0,True
2594,Malik Tillman,us USA,MF,Leverkusen,de Bundesliga,23.0,2002.0,29,18,1674,18.6,6,1,7,6,0,0,2,0,0.38,,,,,,,,,,,,,,,,,,,,,,,,,2594,us USA,MF,de Bundesliga,23.0,2002.0,18.6,6,34,13,38.2,1.83,0.7,0.18,0.46,0,0,3241,us USA,MF,de Bundesliga,23.0,2002.0,29,1674,58,54.7,18.6,18,79.0,7,11,22.0,0,1.79,31,25,6,0.32,-0.65,2594,us USA,MF,de Bundesliga,23.0,2002.0,18.6,2,0,0,19,29,1,18,19,30,0,MF,False,False,True,False,True,False,1674,23.0,1.6129032258064515,1.021505376344086,1.021505376344086,1.5591397849462365,0.1075268817204301,0.0,0.9677419354838709,0.05376344086021505,True
2762,Nico Williams,es ESP,MF,Athletic Club,es La Liga,23.0,2002.0,25,20,1674,18.6,6,3,9,5,1,2,2,0,0.43,,,,,,,,,,,,,,,,,,,,,,,,,2762,es ESP,MF,es La Liga,23.0,2002.0,18.6,6,46,16,34.8,2.47,0.86,0.11,0.31,1,2,3447,es ESP,MF,es La Liga,23.0,2002.0,25,1674,67,48.9,18.6,20,74.0,2,5,40.0,0,1.32,24,27,-3,-0.16,0.46,2762,es ESP,MF,es La Liga,23.0,2002.0,18.6,2,0,0,26,29,7,76,7,9,0,MF,False,False,True,False,True,False,1674,23.0,0.48387096774193544,0.3763440860215054,1.3978494623655913,1.5591397849462365,0.1075268817204301,0.0,4.086021505376344,0.3763440860215054,True
1595,Kobbie Mainoo,eng ENG,MF,Manchester Utd,eng Premier League,20.0,2005.0,28,16,1662,18.5,1,2,3,1,0,0,2,0,0.16,,,,,,,,,,,,,,,,,,,,,,,,,1595,eng ENG,MF,eng Premier League,20.0,2005.0,18.5,1,13,3,23.1,0.7,0.16,0.08,0.33,0,0,1970,eng ENG,MF,eng Premier League,20.0,2005.0,28,1662,59,48.6,18.5,16,89.0,14,12,20.0,4,2.21,38,22,16,0.87,0.71,1595,eng ENG,MF,eng Premier League,20.0,2005.0,18.5,2,0,0,12,22,1,13,19,20,0,MF,False,False,True,False,True,False,1662,20.0,1.0810810810810811,1.027027027027027,0.6486486486486487,1.1891891891891893,0.10810810810810811,0.0,0.7027027027027027,0.05405405405405406,True
232,Pablo Barrios,es ESP,MF,Atlético Madrid,es La Liga,22.0,2003.0,23,20,1661,18.5,1,1,2,1,0,0,0,0,0.11,,,,,,,,,,,,,,,,,,,,,,,,,232,es ESP,MF,es La Liga,22.0,2003.0,18.5,1,23,6,26.1,1.25,0.33,0.04,0.17,0,0,289,es ESP,MF,es La Liga,22.0,2003.0,23,1661,72,48.6,18.5,20,78.0,13,3,34.0,0,1.96,30,16,14,0.76,0.55,232,es ESP,MF,es La Liga,22.0,2003.0,18.5,0,0,0,12,23,0,30,26,16,0,MF,False,False,True,False,True,False,1661,22.0,0.8648648648648649,1.4054054054054055,0.6486486486486487,1.2432432432432432,0.0,0.0,1.6216216216216217,0.0,True
208,Carlos Baleba,cm CMR,MF,Brighton,eng Premier League,21.0,2004.0,31,23,1652,18.4,0,0,0,0,0,0,5,0,0.0,,,,,,,,,,,,,,,,,,,,,,,,,208,cm CMR,MF,eng Premier League,21.0,2004.0,18.4,0,20,2,10.0,1.09,0.11,0.0,0.0,0,0,259,cm CMR,MF,eng Premier League,21.0,2004.0,31,1652,53,48.3,18.4,23,66.0,3,8,16.0,1,1.39,20,20,0,0.0,-0.31,208,cm CMR,MF,eng Premier League,21.0,2004.0,18.4,5,0,0,31,24,0,0,28,21,0,MF,False,False,True,False,True,False,1652,21.0,1.1413043478260871,1.5217391304347827,1.6847826086956523,1.3043478260869565,0.27173913043478265,0.0,0.0,0.0,True
1010,Aleksandr Golovin,ru RUS,MF,Monaco,fr Ligue 1,29.0,1996.0,25,21,1649,18.3,5,5,10,5,0,0,4,1,0.55,,,,,,,,,,,,,,,,,,,,,,,,,1010,ru RUS,MF,fr Ligue 1,29.0,1996.0,18.3,5,34,18,52.9,1.86,0.98,0.15,0.28,0,0,1252,ru RUS,MF,fr Ligue 1,29.0,1996.0,25,1649,66,53.9,18.3,21,74.0,4,4,26.0,2,1.72,28,19,9,0.49,0.68,1010,ru RUS,MF,fr Ligue 1,29.0,1996.0,18.3,4,1,1,29,18,2,37,21,18,0,MF,False,False,True,False,True,False,1649,29.0,0.9836065573770492,1.1475409836065573,1.5846994535519126,0.9836065573770492,0.2185792349726776,0.0546448087431694,2.021857923497268,0.1092896174863388,True
2821,Alessio Zerbin,it ITA,MF,Cremonese,it Serie A,26.0,1999.0,32,17,1646,18.3,0,3,3,0,0,0,1,0,0.16,,,,,,,,,,,,,,,,,,,,,,,,,2821,it ITA,MF,it Serie A,26.0,1999.0,18.3,0,21,7,33.3,1.15,0.38,0.0,0.0,0,0,3515,it ITA,MF,it Serie A,26.0,1999.0,32,1646,51,48.1,18.3,17,73.0,3,15,27.0,2,0.88,11,24,-13,-0.71,-0.1,2821,it ITA,MF,it Serie A,26.0,1999.0,18.3,1,0,0,37,20,7,58,3,20,0,MF,False,False,True,False,True,False,1646,26.0,1.0928961748633879,0.16393442622950818,2.021857923497268,1.0928961748633879,0.0546448087431694,0.0,3.169398907103825,0.3825136612021858,True
1276,Frenkie de Jong,nl NED,MF,Barcelona,es La Liga,28.0,1997.0,25,16,1636,18.2,1,5,6,1,0,0,4,1,0.33,,,,,,,,,,,,,,,,,,,,,,,,,1276,nl NED,MF,es La Liga,28.0,1997.0,18.2,1,7,2,28.6,0.39,0.11,0.14,0.5,0,0,1569,nl NED,MF,es La Liga,28.0,1997.0,25,1636,65,47.8,18.2,16,88.0,13,9,26.0,1,2.32,43,21,22,1.21,-0.66,1276,nl NED,MF,es La Liga,28.0,1997.0,18.2,4,1,1,10,26,2,5,17,19,0,MF,False,False,True,False,True,False,1636,28.0,1.043956043956044,0.9340659340659341,0.5494505494505495,1.4285714285714286,0.21978021978021978,0.054945054945054944,0.27472527472527475,0.10989010989010989,True
2530,Yuito Suzuki,jp JPN,MF,Freiburg,de Bundesliga,23.0,2001.0,25,18,1632,18.1,4,2,6,4,0,0,3,0,0.33,,,,,,,,,,,,,,,,,,,,,,,,,2530,jp JPN,MF,de Bundesliga,23.0,2001.0,18.1,4,38,14,36.8,2.1,0.77,0.11,0.29,0,0,3164,jp JPN,MF,de Bundesliga,23.0,2001.0,25,1632,65,53.3,18.1,18,79.0,6,7,31.0,4,1.28,31,31,0,0.0,0.38,2530,jp JPN,MF,de Bundesliga,23.0,2001.0,18.1,3,0,0,20,10,2,21,10,12,0,MF,False,False,True,False,True,False,1632,23.0,0.6629834254143646,0.5524861878453038,1.1049723756906076,0.5524861878453038,0.16574585635359115,0.0,1.160220994475138,0.11049723756906077,True
2202,Tijjani Reijnders,nl NED,MF,Manchester City,eng Premier League,27.0,1998.0,28,19,1631,18.1,5,2,7,5,0,0,2,0,0.39,,,,,,,,,,,,,,,,,,,,,,,,,2202,nl NED,MF,eng Premier League,27.0,1998.0,18.1,5,49,16,32.7,2.7,0.88,0.1,0.31,0,0,2738,nl NED,MF,eng Premier League,27.0,1998.0,28,1631,58,47.7,18.1,19,77.0,6,9,18.0,10,1.93,32,17,15,0.83,-0.53,2202,nl NED,MF,eng Premier League,27.0,1998.0,18.1,2,0,0,19,15,4,43,11,4,0,MF,False,False,True,False,True,False,1631,27.0,0.22099447513812154,0.6077348066298343,1.0497237569060773,0.8287292817679557,0.11049723756906077,0.0,2.3756906077348066,0.22099447513812154,True
1051,Jack Grealish,eng ENG,MF,Everton,eng Premier League,29.0,1995.0,20,18,1627,18.1,2,6,8,2,0,0,5,1,0.44,,,,,,,,,,,,,,,,,,,,,,,,,1051,eng ENG,MF,eng Premier League,29.0,1995.0,18.1,2,26,8,30.8,1.44,0.44,0.08,0.25,0,0,1306,eng ENG,MF,eng Premier League,29.0,1995.0,20,1627,81,47.6,18.1,18,88.0,11,2,20.0,0,1.55,23,23,0,0.0,0.15,1051,eng ENG,MF,eng Premier League,29.0,1995.0,18.1,5,1,1,13,58,0,39,11,15,0,MF,False,False,True,False,True,False,1627,29.0,0.8287292817679557,0.6077348066298343,0.718232044198895,3.2044198895027622,0.2762430939226519,0.055248618784530384,2.154696132596685,0.0,True
1144,Luis Henrique,br BRA,MF,Inter,it Serie A,23.0,2001.0,30,18,1624,18.0,1,2,3,1,0,0,1,0,0.17,,,,,,,,,,,,,,,,,,,,,,,,,1144,br BRA,MF,it Serie A,23.0,2001.0,18.0,1,15,7,46.7,0.83,0.39,0.07,0.14,0,0,1412,br BRA,MF,it Serie A,23.0,2001.0,30,1624,54,47.5,18.0,18,75.0,8,12,23.0,7,2.47,35,14,21,1.16,-0.49,1144,br BRA,MF,it Serie A,23.0,2001.0,18.0,1,0,0,5,0,1,39,7,16,0,MF,False,False,True,False,True,False,1624,23.0,0.8888888888888888,0.3888888888888889,0.2777777777777778,0.0,0.05555555555555555,0.0,2.1666666666666665,0.05555555555555555,True
2767,Patrick Wimmer,at AUT,MF,Wolfsburg,de Bundesliga,24.0,2001.0,25,21,1621,18.0,4,3,7,4,0,0,4,0,0.39,,,,,,,,,,,,,,,,,,,,,,,,,2767,at AUT,MF,de Bundesliga,24.0,2001.0,18.0,4,24,8,33.3,1.33,0.44,0.17,0.5,0,0,3453,at AUT,MF,de Bundesliga,24.0,2001.0,25,1621,65,53.0,18.0,21,73.0,3,4,24.0,0,1.0,27,32,-5,-0.28,0.91,2767,at AUT,MF,de Bundesliga,24.0,2001.0,18.0,4,0,0,28,33,2,25,23,20,0,MF,False,False,True,False,True,False,1621,24.0,1.1111111111111112,1.2777777777777777,1.5555555555555556,1.8333333333333333,0.2222222222222222,0.0,1.3888888888888888,0.1111111111111111,True
2001,Louis Oppie,de GER,MF,St Pauli,de Bundesliga,23.0,2002.0,23,17,1620,18.0,1,0,1,1,0,0,0,0,0.06,,,,,,,,,,,,,,,,,,,,,,,,,2001,de GER,MF,de Bundesliga,23.0,2002.0,18.0,1,15,4,26.7,0.83,0.22,0.07,0.25,0,0,2477,de GER,MF,de Bundesliga,23.0,2002.0,23,1620,70,52.9,18.0,17,87.0,15,6,22.0,11,0.57,14,34,-20,-1.11,-0.42,2001,de GER,MF,de Bundesliga,23.0,2002.0,18.0,0,0,0,15,15,4,58,11,19,0,MF,False,False,True,False,True,False,1620,23.0,1.0555555555555556,0.6111111111111112,0.8333333333333334,0.8333333333333334,0.0,0.0,3.2222222222222223,0.2222222222222222,True
1728,Batista Mendy,fr FRA,MF,Sevilla,es La Liga,25.0,2000.0,27,19,1617,18.0,1,0,1,1,0,0,6,0,0.06,,,,,,,,,,,,,,,,,,,,,,,,,1728,fr FRA,MF,es La Liga,25.0,2000.0,18.0,1,17,5,29.4,0.95,0.28,0.06,0.2,0,0,2134,fr FRA,MF,es La Liga,25.0,2000.0,27,1617,60,47.3,18.0,19,78.0,10,8,17.0,5,1.15,16,26,-10,-0.56,-0.36,1728,fr FRA,MF,es La Liga,25.0,2000.0,18.0,6,0,0,37,27,0,5,18,23,0,MF,False,False,True,False,True,False,1617,25.0,1.2777777777777777,1.0,2.0555555555555554,1.5,0.3333333333333333,0.0,0.2777777777777778,0.0,True
1535,Unai López,es ESP,MF,Rayo Vallecano,es La Liga,29.0,1995.0,28,19,1612,17.9,0,4,4,0,0,0,8,1,0.22,,,,,,,,,,,,,,,,,,,,,,,,,1535,es ESP,MF,es La Liga,29.0,1995.0,17.9,0,22,4,18.2,1.23,0.22,0.0,0.0,0,0,1900,es ESP,MF,es La Liga,29.0,1995.0,28,1612,58,47.1,17.9,19,75.0,4,9,20.0,4,1.46,20,13,7,0.39,0.89,1535,es ESP,MF,es La Liga,29.0,1995.0,17.9,8,1,1,37,14,1,62,21,16,0,MF,False,False,True,False,True,False,1612,29.0,0.893854748603352,1.1731843575418994,2.0670391061452515,0.782122905027933,0.446927374301676,0.0558659217877095,3.463687150837989,0.0558659217877095,True
2614,Alpha Touré,sn SEN,MF,Metz,fr Ligue 1,19.0,2006.0,30,16,1606,17.8,0,1,1,0,0,0,5,0,0.06,,,,,,,,,,,,,,,,,,,,,,,,,2614,sn SEN,MF,fr Ligue 1,19.0,2006.0,17.8,0,17,1,5.9,0.95,0.06,0.0,0.0,0,0,3267,sn SEN,MF,fr Ligue 1,19.0,2006.0,30,1606,54,52.5,17.8,16,81.0,7,14,22.0,2,0.53,15,37,-22,-1.23,0.13,2614,sn SEN,MF,fr Ligue 1,19.0,2006.0,17.8,5,0,0,27,27,1,13,10,23,0,MF,False,False,True,False,True,False,1606,19.0,1.2921348314606742,0.5617977528089887,1.5168539325842696,1.5168539325842696,0.28089887640449435,0.0,0.7303370786516854,0.056179775280898875,True
872,Lewis Ferguson,sct SCO,MF,Bologna,it Serie A,25.0,1999.0,27,17,1601,17.8,1,0,1,1,0,0,7,1,0.06,,,,,,,,,,,,,,,,,,,,,,,,,872,sct SCO,MF,it Serie A,25.0,1999.0,17.8,1,13,2,15.4,0.73,0.11,0.08,0.5,0,0,1074,sct SCO,MF,it Serie A,25.0,1999.0,27,1601,59,46.8,17.8,17,85.0,13,10,16.0,9,1.15,21,28,-7,-0.39,-0.89,872,sct SCO,MF,it Serie A,25.0,1999.0,17.8,7,1,1,34,26,3,25,12,16,0,MF,False,False,True,False,True,False,1601,25.0,0.898876404494382,0.6741573033707865,1.9101123595505618,1.4606741573033708,0.3932584269662921,0.056179775280898875,1.4044943820224718,0.16853932584269662,True
1251,Castrop Jens,kr KOR,MF,Gladbach,de Bundesliga,22.0,2003.0,26,20,1584,17.6,3,1,4,3,0,0,2,2,0.23,,,,,,,,,,,,,,,,,,,,,,,,,1251,kr KOR,MF,de Bundesliga,22.0,2003.0,17.6,3,30,12,40.0,1.7,0.68,0.1,0.25,0,0,1540,kr KOR,MF,de Bundesliga,22.0,2003.0,26,1584,61,51.8,17.6,20,74.0,4,6,17.0,1,1.0,21,31,-10,-0.57,-0.51,1251,kr KOR,MF,de Bundesliga,22.0,2003.0,17.6,2,2,0,31,26,3,21,17,27,0,MF,False,False,True,False,True,False,1584,22.0,1.534090909090909,0.9659090909090908,1.7613636363636362,1.477272727272727,0.11363636363636363,0.11363636363636363,1.1931818181818181,0.17045454545454544,True
1006,Martial Godo,ci CIV,MF,Strasbourg,fr Ligue 1,22.0,2003.0,28,18,1584,17.6,10,1,11,10,0,0,2,0,0.62,,,,,,,,,,,,,,,,,,,,,,,,,1006,ci CIV,MF,fr Ligue 1,22.0,2003.0,17.6,10,41,17,41.5,2.33,0.97,0.24,0.59,0,0,1246,ci CIV,MF,fr Ligue 1,22.0,2003.0,28,1584,57,51.8,17.6,18,79.0,8,10,15.0,2,1.68,41,23,18,1.02,1.45,1006,ci CIV,MF,fr Ligue 1,22.0,2003.0,17.6,2,0,0,15,32,11,31,15,13,0,MF,False,False,True,False,True,False,1584,22.0,0.7386363636363635,0.8522727272727272,0.8522727272727272,1.8181818181818181,0.11363636363636363,0.0,1.7613636363636362,0.625,True
304,Lorenzo Bernasconi,it ITA,MF,Atalanta,it Serie A,21.0,2003.0,23,17,1572,17.5,0,3,3,0,0,0,3,0,0.17,,,,,,,,,,,,,,,,,,,,,,,,,304,it ITA,MF,it Serie A,21.0,2003.0,17.5,0,9,1,11.1,0.52,0.06,0.0,0.0,0,0,375,it ITA,MF,it Serie A,21.0,2003.0,23,1572,68,46.0,17.5,17,83.0,13,6,26.0,10,1.91,22,9,13,0.74,0.65,304,it ITA,MF,it Serie A,21.0,2003.0,17.5,3,0,0,8,5,3,113,14,16,0,MF,False,False,True,False,True,False,1572,21.0,0.9142857142857143,0.8,0.45714285714285713,0.2857142857142857,0.17142857142857143,0.0,6.457142857142857,0.17142857142857143,True
1027,Nicolás González,es ESP,MF,Manchester City,eng Premier League,23.0,2002.0,25,17,1569,17.4,1,0,1,1,0,0,6,0,0.06,,,,,,,,,,,,,,,,,,,,,,,,,1027,es ESP,MF,eng Premier League,23.0,2002.0,17.4,1,14,2,14.3,0.8,0.11,0.07,0.5,0,0,1274,es ESP,MF,eng Premier League,23.0,2002.0,25,1569,63,45.9,17.4,17,81.0,10,8,25.0,8,2.12,39,17,22,1.26,0.29,1027,es ESP,MF,eng Premier League,23.0,2002.0,17.4,6,0,0,30,18,0,3,24,30,0,MF,False,False,True,False,True,False,1569,23.0,1.7241379310344829,1.3793103448275863,1.7241379310344829,1.0344827586206897,0.3448275862068966,0.0,0.1724137931034483,0.0,True
1832,Ngal'Ayel Mukau,cd COD,MF,Lille,fr Ligue 1,20.0,2004.0,30,19,1534,17.0,1,0,1,1,0,0,3,0,0.06,,,,,,,,,,,,,,,,,,,,,,,,,1832,cd COD,MF,fr Ligue 1,20.0,2004.0,17.0,1,20,5,25.0,1.17,0.29,0.05,0.2,0,0,2266,cd COD,MF,fr Ligue 1,20.0,2004.0,30,1534,51,50.1,17.0,19,71.0,3,11,16.0,1,1.8,24,21,3,0.18,-0.53,1832,cd COD,MF,fr Ligue 1,20.0,2004.0,17.0,3,0,0,27,23,4,5,14,18,0,MF,False,False,True,False,True,False,1534,20.0,1.0588235294117647,0.8235294117647058,1.588235294117647,1.3529411764705883,0.17647058823529413,0.0,0.29411764705882354,0.23529411764705882,True
155,Kervin Arriaga,hn HON,MF,Levante,es La Liga,27.0,1998.0,27,16,1532,17.0,3,3,6,3,0,0,8,1,0.35,,,,,,,,,,,,,,,,,,,,,,,,,155,hn HON,MF,es La Liga,27.0,1998.0,17.0,3,16,6,37.5,0.94,0.35,0.19,0.5,0,0,190,hn HON,MF,es La Liga,27.0,1998.0,27,1532,57,44.8,17.0,16,80.0,10,11,22.0,4,1.19,23,29,-6,-0.35,0.03,155,hn HON,MF,es La Liga,27.0,1998.0,17.0,8,1,1,22,22,1,5,14,26,0,MF,False,False,True,False,True,False,1532,27.0,1.5294117647058822,0.8235294117647058,1.2941176470588236,1.2941176470588236,0.47058823529411764,0.058823529411764705,0.29411764705882354,0.058823529411764705,True
445,Eduardo Camavinga,fr FRA,MF,Real Madrid,es La Liga,22.0,2002.0,29,16,1528,17.0,1,0,1,1,0,0,2,0,0.06,,,,,,,,,,,,,,,,,,,,,,,,,445,fr FRA,MF,es La Liga,22.0,2002.0,17.0,1,13,2,15.4,0.77,0.12,0.08,0.5,0,0,545,fr FRA,MF,es La Liga,22.0,2002.0,29,1528,53,44.7,17.0,16,77.0,7,13,23.0,2,2.24,34,16,18,1.06,-0.08,445,fr FRA,MF,es La Liga,22.0,2002.0,17.0,2,0,0,34,31,2,2,15,37,0,MF,False,False,True,False,True,False,1528,22.0,2.176470588235294,0.8823529411764706,2.0,1.8235294117647058,0.11764705882352941,0.0,0.11764705882352941,0.11764705882352941,True
616,Josh Cullen,ie IRL,MF,Burnley,eng Premier League,29.0,1996.0,18,18,1514,16.8,2,2,4,2,0,0,2,0,0.24,,,,,,,,,,,,,,,,,,,,,,,,,616,ie IRL,MF,eng Premier League,29.0,1996.0,16.8,2,11,6,54.5,0.65,0.36,0.18,0.33,0,0,762,ie IRL,MF,eng Premier League,29.0,1996.0,18,1514,84,44.3,16.8,18,84.0,12,0,,0,0.67,18,29,-11,-0.65,0.57,616,ie IRL,MF,eng Premier League,29.0,1996.0,16.8,2,0,0,16,18,0,12,24,19,1,MF,False,False,True,False,True,False,1514,29.0,1.130952380952381,1.4285714285714286,0.9523809523809523,1.0714285714285714,0.11904761904761904,0.0,0.7142857142857143,0.0,True
2243,Rodri,es ESP,MF,Manchester City,eng Premier League,29.0,1996.0,21,17,1511,16.8,1,0,1,1,0,0,3,0,0.06,,,,,,,,,,,,,,,,,,,,,,,,,2243,es ESP,MF,eng Premier League,29.0,1996.0,16.8,1,16,3,18.8,0.95,0.18,0.06,0.33,0,0,2787,es ESP,MF,eng Premier League,29.0,1996.0,21,1511,72,44.2,16.8,17,84.0,12,4,22.0,1,1.81,28,15,13,0.77,-0.59,2243,es ESP,MF,eng Premier League,29.0,1996.0,16.8,3,0,0,14,31,0,5,12,25,0,MF,False,False,True,False,True,False,1511,29.0,1.4880952380952381,0.7142857142857143,0.8333333333333333,1.8452380952380951,0.17857142857142858,0.0,0.2976190476190476,0.0,True
2653,Filip Ugrinic,ch SUI,MF,Valencia,es La Liga,26.0,1999.0,27,17,1504,16.7,0,3,3,0,0,0,3,0,0.18,,,,,,,,,,,,,,,,,,,,,,,,,2653,ch SUI,MF,es La Liga,26.0,1999.0,16.7,0,20,3,15.0,1.2,0.18,0.0,0.0,0,0,3314,ch SUI,MF,es La Liga,26.0,1999.0,27,1504,56,44.0,16.7,17,74.0,3,10,24.0,4,1.3,18,24,-6,-0.36,-0.22,2653,ch SUI,MF,es La Liga,26.0,1999.0,16.7,3,0,0,17,13,6,56,11,16,0,MF,False,False,True,False,True,False,1504,26.0,0.9580838323353293,0.6586826347305389,1.0179640718562875,0.7784431137724551,0.17964071856287425,0.0,3.353293413173653,0.3592814371257485,True
1424,Takefusa Kubo,jp JPN,MF,Real Sociedad,es La Liga,24.0,2001.0,24,17,1503,16.7,2,4,6,2,0,0,2,0,0.36,,,,,,,,,,,,,,,,,,,,,,,,,1424,jp JPN,MF,es La Liga,24.0,2001.0,16.7,2,28,12,42.9,1.68,0.72,0.07,0.17,0,0,1751,jp JPN,MF,es La Liga,24.0,2001.0,24,1503,63,43.9,16.7,17,76.0,4,7,31.0,3,1.0,17,22,-5,-0.3,-0.44,1424,jp JPN,MF,es La Liga,24.0,2001.0,16.7,2,0,0,9,51,11,39,10,18,0,MF,False,False,True,False,True,False,1503,24.0,1.0778443113772456,0.5988023952095809,0.5389221556886228,3.0538922155688626,0.11976047904191617,0.0,2.3353293413173652,0.6586826347305389,True
1640,Pablo Marín,es ESP,MF,Real Sociedad,es La Liga,22.0,2003.0,34,15,1502,16.7,0,1,1,0,0,0,2,0,0.06,,,,,,,,,,,,,,,,,,,,,,,,,1640,es ESP,MF,es La Liga,22.0,2003.0,16.7,0,13,4,30.8,0.78,0.24,0.0,0.0,0,0,2024,es ESP,MF,es La Liga,22.0,2003.0,34,1502,44,43.9,16.7,15,71.0,4,19,23.0,4,1.26,28,35,-7,-0.42,-0.65,1640,es ESP,MF,es La Liga,22.0,2003.0,16.7,2,0,0,22,23,5,17,9,18,0,MF,False,False,True,False,True,False,1502,22.0,1.0778443113772456,0.5389221556886228,1.3173652694610778,1.377245508982036,0.11976047904191617,0.0,1.0179640718562875,0.29940119760479045,True
1220,Tim Iroegbunam,eng ENG,MF,Everton,eng Premier League,22.0,2003.0,29,17,1487,16.5,0,2,2,0,0,0,9,0,0.12,,,,,,,,,,,,,,,,,,,,,,,,,1220,eng ENG,MF,eng Premier League,22.0,2003.0,16.5,0,12,1,8.3,0.73,0.06,0.0,0.0,0,0,1502,eng ENG,MF,eng Premier League,22.0,2003.0,29,1487,51,43.5,16.5,17,79.0,6,12,12.0,6,1.31,19,18,1,0.06,0.25,1220,eng ENG,MF,eng Premier League,22.0,2003.0,16.5,9,0,0,29,20,0,3,22,44,0,MF,False,False,True,False,True,False,1487,22.0,2.6666666666666665,1.3333333333333333,1.7575757575757576,1.2121212121212122,0.5454545454545454,0.0,0.18181818181818182,0.0,False
462,Maxence Caqueret,fr FRA,MF,Como,it Serie A,25.0,2000.0,30,17,1485,16.5,2,6,8,2,0,0,3,0,0.48,,,,,,,,,,,,,,,,,,,,,,,,,462,fr FRA,MF,it Serie A,25.0,2000.0,16.5,2,18,4,22.2,1.09,0.24,0.11,0.5,0,0,563,fr FRA,MF,it Serie A,25.0,2000.0,30,1485,50,43.4,16.5,17,67.0,1,13,27.0,8,1.9,31,10,21,1.27,0.58,462,fr FRA,MF,it Serie A,25.0,2000.0,16.5,3,0,0,26,23,2,36,14,23,0,MF,False,False,True,False,True,False,1485,25.0,1.393939393939394,0.8484848484848485,1.5757575757575757,1.393939393939394,0.18181818181818182,0.0,2.1818181818181817,0.12121212121212122,False
2135,Ernest Poku,nl NED,MF,Leverkusen,de Bundesliga,21.0,2004.0,29,16,1482,16.5,5,5,10,5,0,0,0,0,0.61,,,,,,,,,,,,,,,,,,,,,,,,,2135,nl NED,MF,de Bundesliga,21.0,2004.0,16.5,5,27,9,33.3,1.64,0.55,0.19,0.56,0,0,2649,nl NED,MF,de Bundesliga,21.0,2004.0,29,1482,51,48.4,16.5,16,73.0,2,13,25.0,4,1.69,33,19,14,0.85,0.45,2135,nl NED,MF,de Bundesliga,21.0,2004.0,16.5,0,0,0,4,17,3,13,8,9,0,MF,False,False,True,False,True,False,1482,21.0,0.5454545454545454,0.48484848484848486,0.24242424242424243,1.0303030303030303,0.0,0.0,0.7878787878787878,0.18181818181818182,False
2082,Lorenzo Pellegrini,it ITA,MF,Roma,it Serie A,29.0,1996.0,24,20,1463,16.3,4,2,6,2,2,2,2,0,0.25,,,,,,,,,,,,,,,,,,,,,,,,,2082,it ITA,MF,it Serie A,29.0,1996.0,16.3,4,32,12,37.5,1.97,0.74,0.06,0.17,2,2,2577,it ITA,MF,it Serie A,29.0,1996.0,24,1463,61,42.8,16.3,20,67.0,2,4,30.0,3,1.63,22,14,8,0.49,-0.43,2082,it ITA,MF,it Serie A,29.0,1996.0,16.3,2,0,0,20,39,5,89,15,5,0,MF,False,False,True,False,True,False,1463,29.0,0.3067484662576687,0.920245398773006,1.2269938650306749,2.392638036809816,0.12269938650306748,0.0,5.460122699386503,0.3067484662576687,False
2067,Aleksandar Pavlovic,de GER,MF,Bayern Munich,de Bundesliga,21.0,2004.0,24,16,1462,16.2,3,1,4,3,0,0,2,0,0.25,,,,,,,,,,,,,,,,,,,,,,,,,2067,de GER,MF,de Bundesliga,21.0,2004.0,16.2,3,10,5,50.0,0.62,0.31,0.3,0.6,0,0,2558,de GER,MF,de Bundesliga,21.0,2004.0,24,1462,61,47.8,16.2,16,79.0,8,8,26.0,8,2.46,56,26,30,1.85,-1.31,2067,de GER,MF,de Bundesliga,21.0,2004.0,16.2,2,0,0,19,10,0,15,13,15,0,MF,False,False,True,False,True,False,1462,21.0,0.9259259259259259,0.8024691358024691,1.1728395061728396,0.617283950617284,0.1234567901234568,0.0,0.9259259259259259,0.0,False
2070,Martín Payero,ar ARG,MF,Cremonese,it Serie A,26.0,1998.0,25,16,1457,16.2,1,0,1,1,0,0,8,0,0.06,,,,,,,,,,,,,,,,,,,,,,,,,2070,ar ARG,MF,it Serie A,26.0,1998.0,16.2,1,23,8,34.8,1.42,0.49,0.04,0.13,0,0,2561,ar ARG,MF,it Serie A,26.0,1998.0,25,1457,58,42.6,16.2,16,75.0,5,9,29.0,4,0.96,17,17,0,0.0,1.15,2070,ar ARG,MF,it Serie A,26.0,1998.0,16.2,8,0,0,37,34,2,34,10,9,0,MF,False,False,True,False,True,False,1457,26.0,0.5555555555555556,0.617283950617284,2.2839506172839505,2.0987654320987654,0.4938271604938272,0.0,2.0987654320987654,0.1234567901234568,False
2180,Jacob Ramsey,eng ENG,MF,Newcastle United,eng Premier League,24.0,2001.0,28,15,1450,16.1,2,3,5,2,0,0,5,1,0.31,,,,,,,,,,,,,,,,,,,,,,,,,2180,eng ENG,MF,eng Premier League,24.0,2001.0,16.1,2,16,4,25.0,0.99,0.25,0.13,0.5,0,0,2714,eng ENG,MF,eng Premier League,24.0,2001.0,28,1450,52,42.4,16.1,15,76.0,7,13,24.0,5,1.18,24,29,-5,-0.31,-0.45,2180,eng ENG,MF,eng Premier League,24.0,2001.0,16.1,5,1,1,16,14,2,8,9,21,0,MF,False,False,True,False,True,False,1450,24.0,1.3043478260869563,0.5590062111801242,0.9937888198757763,0.8695652173913043,0.3105590062111801,0.06211180124223602,0.49689440993788814,0.12422360248447203,False
755,Patrick Dorgu,dk DEN,MF,Manchester Utd,eng Premier League,20.0,2004.0,26,15,1449,16.1,4,4,8,4,0,0,5,0,0.5,,,,,,,,,,,,,,,,,,,,,,,,,755,dk DEN,MF,eng Premier League,20.0,2004.0,16.1,4,25,11,44.0,1.55,0.68,0.16,0.36,0,0,925,dk DEN,MF,eng Premier League,20.0,2004.0,26,1449,56,42.4,16.1,15,84.0,10,11,17.0,2,1.73,22,20,2,0.12,-0.65,755,dk DEN,MF,eng Premier League,20.0,2004.0,16.1,5,0,0,23,47,7,57,16,30,0,MF,False,False,True,False,True,False,1449,20.0,1.8633540372670805,0.9937888198757763,1.4285714285714284,2.919254658385093,0.3105590062111801,0.0,3.540372670807453,0.43478260869565216,False
66,Ebenezer Akinsanmiro,ng NGA,MF,Pisa,it Serie A,20.0,2004.0,24,16,1444,16.0,0,1,1,0,0,0,2,0,0.06,,,,,,,,,,,,,,,,,,,,,,,,,66,ng NGA,MF,it Serie A,20.0,2004.0,16.0,0,13,3,23.1,0.81,0.19,0.0,0.0,0,0,81,ng NGA,MF,it Serie A,20.0,2004.0,24,1444,60,42.2,16.0,16,75.0,7,8,31.0,6,0.5,10,29,-19,-1.18,0.0,66,ng NGA,MF,it Serie A,20.0,2004.0,16.0,2,0,0,30,28,1,9,27,25,0,MF,False,False,True,False,True,False,1444,20.0,1.5625,1.6875,1.875,1.75,0.125,0.0,0.5625,0.0625,False
1241,Vitaly Janelt,de GER,MF,Brentford,eng Premier League,27.0,1998.0,25,15,1444,16.0,1,4,5,1,0,0,8,0,0.31,,,,,,,,,,,,,,,,,,,,,,,,,1241,de GER,MF,eng Premier League,27.0,1998.0,16.0,1,12,3,25.0,0.75,0.19,0.08,0.33,0,0,1528,de GER,MF,eng Premier League,27.0,1998.0,25,1444,58,42.2,16.0,15,82.0,11,10,21.0,3,1.4,26,21,5,0.31,0.4,1241,de GER,MF,eng Premier League,27.0,1998.0,16.0,8,0,0,20,13,0,61,27,17,0,MF,False,False,True,False,True,False,1444,27.0,1.0625,1.6875,1.25,0.8125,0.5,0.0,3.8125,0.0,False
2133,Tommaso Pobega,it ITA,MF,Bologna,it Serie A,26.0,1999.0,26,17,1434,15.9,3,1,4,3,0,0,2,1,0.25,,,,,,,,,,,,,,,,,,,,,,,,,2133,it ITA,MF,it Serie A,26.0,1999.0,15.9,3,25,10,40.0,1.57,0.63,0.12,0.3,0,0,2647,it ITA,MF,it Serie A,26.0,1999.0,26,1434,55,41.9,15.9,17,75.0,7,9,18.0,8,1.69,23,21,2,0.13,0.08,2133,it ITA,MF,it Serie A,26.0,1999.0,15.9,2,1,0,34,12,0,2,19,19,0,MF,False,False,True,False,True,False,1434,26.0,1.1949685534591195,1.1949685534591195,2.138364779874214,0.7547169811320754,0.12578616352201258,0.06289308176100629,0.12578616352201258,0.0,False
1072,Mattéo Guendouzi,fr FRA,MF,Lazio,it Serie A,26.0,1999.0,16,16,1428,15.9,2,1,3,2,0,0,5,1,0.19,,,,,,,,,,,,,,,,,,,,,,,,,1072,fr FRA,MF,it Serie A,26.0,1999.0,15.9,2,16,8,50.0,1.01,0.5,0.13,0.25,0,0,1328,fr FRA,MF,it Serie A,26.0,1999.0,16,1428,89,41.8,15.9,16,89.0,14,0,,0,1.25,13,12,1,0.06,0.06,1072,fr FRA,MF,it Serie A,26.0,1999.0,15.9,5,1,0,17,21,0,20,11,8,0,MF,False,False,True,False,True,False,1428,26.0,0.5031446540880503,0.6918238993710691,1.069182389937107,1.320754716981132,0.31446540880503143,0.06289308176100629,1.2578616352201257,0.0,False
2384,András Schäfer,hu HUN,MF,Union Berlin,de Bundesliga,26.0,1999.0,28,16,1421,15.8,2,1,3,2,0,0,2,1,0.19,,,,,,,,,,,,,,,,,,,,,,,,,2384,hu HUN,MF,de Bundesliga,26.0,1999.0,15.8,2,27,10,37.0,1.71,0.63,0.07,0.2,0,0,2967,hu HUN,MF,de Bundesliga,26.0,1999.0,28,1421,51,46.4,15.8,16,74.0,6,12,20.0,1,1.07,21,22,-1,-0.06,0.65,2384,hu HUN,MF,de Bundesliga,26.0,1999.0,15.8,2,1,0,32,22,0,18,20,22,0,MF,False,False,True,False,True,False,1421,26.0,1.3924050632911391,1.2658227848101264,2.0253164556962022,1.3924050632911391,0.12658227848101264,0.06329113924050632,1.1392405063291138,0.0,False
1672,Patrizio Masini,it ITA,MF,Genoa,it Serie A,24.0,2001.0,28,13,1413,15.7,0,1,1,0,0,0,5,0,0.06,,,,,,,,,,,,,,,,,,,,,,,,,1672,it ITA,MF,it Serie A,24.0,2001.0,15.7,0,18,5,27.8,1.15,0.32,0.0,0.0,0,0,2064,it ITA,MF,it Serie A,24.0,2001.0,28,1413,50,41.3,15.7,13,88.0,11,15,18.0,9,1.07,15,22,-7,-0.45,-0.31,1672,it ITA,MF,it Serie A,24.0,2001.0,15.7,5,0,0,39,45,0,14,26,39,0,MF,False,False,True,False,True,False,1413,24.0,2.484076433121019,1.6560509554140128,2.484076433121019,2.8662420382165608,0.3184713375796179,0.0,0.89171974522293,0.0,False
1312,Boubacar Kamara,fr FRA,MF,Aston Villa,eng Premier League,25.0,1999.0,18,17,1411,15.7,1,3,4,1,0,0,5,0,0.26,,,,,,,,,,,,,,,,,,,,,,,,,1312,fr FRA,MF,eng Premier League,25.0,1999.0,15.7,1,7,4,57.1,0.45,0.26,0.14,0.25,0,0,1611,fr FRA,MF,eng Premier League,25.0,1999.0,18,1411,78,41.3,15.7,17,82.0,9,1,19.0,0,2.33,26,15,11,0.7,0.88,1312,fr FRA,MF,eng Premier League,25.0,1999.0,15.7,5,0,0,16,30,0,2,15,16,0,MF,False,False,True,False,True,False,1411,25.0,1.019108280254777,0.9554140127388535,1.019108280254777,1.910828025477707,0.3184713375796179,0.0,0.12738853503184713,0.0,False
698,Habib Diarra,sn SEN,MF,Sunderland,eng Premier League,21.0,2004.0,20,15,1405,15.6,2,2,4,1,1,1,6,0,0.19,,,,,,,,,,,,,,,,,,,,,,,,,698,sn SEN,MF,eng Premier League,21.0,2004.0,15.6,2,26,8,30.8,1.67,0.51,0.04,0.13,1,1,860,sn SEN,MF,eng Premier League,21.0,2004.0,20,1405,70,41.1,15.6,15,85.0,8,5,27.0,1,1.4,17,19,-2,-0.13,0.05,698,sn SEN,MF,eng Premier League,21.0,2004.0,15.6,6,0,0,19,27,3,32,4,7,0,MF,False,False,True,False,True,False,1405,21.0,0.44871794871794873,0.25641025641025644,1.217948717948718,1.7307692307692308,0.38461538461538464,0.0,2.0512820512820515,0.19230769230769232,False
2285,Javi Rueda,es ESP,MF,Celta Vigo,es La Liga,23.0,2002.0,26,16,1404,15.6,2,6,8,2,0,0,6,0,0.51,,,,,,,,,,,,,,,,,,,,,,,,,2285,es ESP,MF,es La Liga,23.0,2002.0,15.6,2,11,3,27.3,0.71,0.19,0.18,0.67,0,0,2842,es ESP,MF,es La Liga,23.0,2002.0,26,1404,54,41.1,15.6,16,73.0,5,10,24.0,8,1.42,19,15,4,0.26,0.21,2285,es ESP,MF,es La Liga,23.0,2002.0,15.6,6,0,0,25,21,3,27,20,12,0,MF,False,False,True,False,True,False,1404,23.0,0.7692307692307693,1.2820512820512822,1.6025641025641026,1.3461538461538463,0.38461538461538464,0.0,1.7307692307692308,0.19230769230769232,False
1679,Pape Matar Sarr,sn SEN,MF,Tottenham Hotspur,eng Premier League,22.0,2002.0,26,13,1397,15.5,2,4,6,2,0,0,3,0,0.39,,,,,,,,,,,,,,,,,,,,,,,,,1679,sn SEN,MF,eng Premier League,22.0,2002.0,15.5,2,17,6,35.3,1.1,0.39,0.12,0.33,0,0,2071,sn SEN,MF,eng Premier League,22.0,2002.0,26,1397,54,40.8,15.5,13,89.0,11,13,19.0,3,1.12,21,23,-2,-0.13,0.18,1679,sn SEN,MF,eng Premier League,22.0,2002.0,15.5,3,0,0,29,13,3,8,14,21,0,MF,False,False,True,False,True,False,1397,22.0,1.3548387096774193,0.9032258064516129,1.8709677419354838,0.8387096774193549,0.1935483870967742,0.0,0.5161290322580645,0.1935483870967742,False
2563,Kenneth Taylor,nl NED,MF,Lazio,it Serie A,23.0,2002.0,17,17,1394,15.5,3,2,5,3,0,0,5,0,0.32,,,,,,,,,,,,,,,,,,,,,,,,,2563,nl NED,MF,it Serie A,23.0,2002.0,15.5,3,16,6,37.5,1.03,0.39,0.19,0.5,0,0,3205,nl NED,MF,it Serie A,23.0,2002.0,17,1394,82,40.8,15.5,17,82.0,8,0,,1,1.53,14,17,-3,-0.19,-0.37,2563,nl NED,MF,it Serie A,23.0,2002.0,15.5,5,0,0,17,13,1,9,9,11,0,MF,False,False,True,False,True,False,1394,23.0,0.7096774193548387,0.5806451612903226,1.096774193548387,0.8387096774193549,0.3225806451612903,0.0,0.5806451612903226,0.06451612903225806,False
1514,Giovani Lo Celso,ar ARG,MF,Real Betis,es La Liga,29.0,1996.0,24,15,1393,15.5,2,3,5,2,0,0,4,0,0.32,,,,,,,,,,,,,,,,,,,,,,,,,1514,ar ARG,MF,es La Liga,29.0,1996.0,15.5,2,30,11,36.7,1.94,0.71,0.07,0.18,0,0,1875,ar ARG,MF,es La Liga,29.0,1996.0,24,1393,58,40.7,15.5,15,73.0,2,9,34.0,3,1.67,25,16,9,0.58,0.49,1514,ar ARG,MF,es La Liga,29.0,1996.0,15.5,4,0,0,9,42,4,61,6,13,0,MF,False,False,True,False,True,False,1393,29.0,0.8387096774193549,0.3870967741935484,0.5806451612903226,2.7096774193548385,0.25806451612903225,0.0,3.935483870967742,0.25806451612903225,False
2626,Boubacar Traoré,ml MLI,MF,Metz,fr Ligue 1,23.0,2001.0,20,16,1387,15.4,1,0,1,1,0,0,4,0,0.06,,,,,,,,,,,,,,,,,,,,,,,,,2626,ml MLI,MF,fr Ligue 1,23.0,2001.0,15.4,1,19,3,15.8,1.23,0.19,0.05,0.33,0,0,3280,ml MLI,MF,fr Ligue 1,23.0,2001.0,20,1387,69,45.3,15.4,16,82.0,6,4,19.0,0,0.5,13,32,-19,-1.23,0.11,2626,ml MLI,MF,fr Ligue 1,23.0,2001.0,15.4,4,0,0,32,5,0,2,15,26,0,MF,False,False,True,False,True,False,1387,23.0,1.6883116883116882,0.974025974025974,2.0779220779220777,0.3246753246753247,0.2597402597402597,0.0,0.12987012987012986,0.0,False
1925,Julian Niehues,de GER,MF,Heidenheim,de Bundesliga,24.0,2001.0,24,17,1383,15.4,3,0,3,3,0,0,1,0,0.2,,,,,,,,,,,,,,,,,,,,,,,,,1925,de GER,MF,de Bundesliga,24.0,2001.0,15.4,3,18,5,27.8,1.17,0.33,0.17,0.6,0,0,2379,de GER,MF,de Bundesliga,24.0,2001.0,24,1383,58,45.2,15.4,17,71.0,4,7,25.0,10,0.88,24,30,-6,-0.39,0.95,1925,de GER,MF,de Bundesliga,24.0,2001.0,15.4,1,0,0,10,9,2,3,23,10,0,MF,False,False,True,False,True,False,1383,24.0,0.6493506493506493,1.4935064935064934,0.6493506493506493,0.5844155844155844,0.06493506493506493,0.0,0.19480519480519481,0.12987012987012986,False
597,Mamadou Coulibaly,fr FRA,MF,Monaco,fr Ligue 1,21.0,2004.0,25,15,1381,15.3,3,3,6,3,0,0,7,1,0.39,,,,,,,,,,,,,,,,,,,,,,,,,597,fr FRA,MF,fr Ligue 1,21.0,2004.0,15.3,3,13,5,38.5,0.85,0.33,0.23,0.6,0,0,737,fr FRA,MF,fr Ligue 1,21.0,2004.0,25,1381,55,45.1,15.3,15,75.0,5,10,25.0,4,1.6,27,30,-3,-0.2,-0.68,597,fr FRA,MF,fr Ligue 1,21.0,2004.0,15.3,7,1,0,31,16,3,15,21,21,0,MF,False,False,True,False,True,False,1381,21.0,1.3725490196078431,1.3725490196078431,2.026143790849673,1.0457516339869282,0.45751633986928103,0.06535947712418301,0.9803921568627451,0.19607843137254902,False
1972,Jens Odgaard,dk DEN,MF,Bologna,it Serie A,26.0,1999.0,26,16,1378,15.3,5,1,6,5,0,0,1,0,0.39,,,,,,,,,,,,,,,,,,,,,,,,,1972,dk DEN,MF,it Serie A,26.0,1999.0,15.3,5,35,13,37.1,2.29,0.85,0.14,0.38,0,0,2434,dk DEN,MF,it Serie A,26.0,1999.0,26,1378,53,40.3,15.3,16,74.0,4,10,19.0,9,1.5,22,21,1,0.07,-0.02,1972,dk DEN,MF,it Serie A,26.0,1999.0,15.3,1,0,0,28,28,5,15,4,12,0,MF,False,False,True,False,True,False,1378,26.0,0.7843137254901961,0.26143790849673204,1.8300653594771241,1.8300653594771241,0.06535947712418301,0.0,0.9803921568627451,0.32679738562091504,False
267,Raoul Bellanova,it ITA,MF,Atalanta,it Serie A,25.0,2000.0,24,15,1377,15.3,0,1,1,0,0,0,2,0,0.07,,,,,,,,,,,,,,,,,,,,,,,,,267,it ITA,MF,it Serie A,25.0,2000.0,15.3,0,13,5,38.5,0.85,0.33,0.0,0.0,0,0,331,it ITA,MF,it Serie A,25.0,2000.0,24,1377,57,40.3,15.3,15,75.0,9,9,29.0,4,1.38,19,26,-7,-0.46,-1.43,267,it ITA,MF,it Serie A,25.0,2000.0,15.3,2,0,0,5,12,2,84,10,9,0,MF,False,False,True,False,True,False,1377,25.0,0.5882352941176471,0.6535947712418301,0.32679738562091504,0.7843137254901961,0.13071895424836602,0.0,5.490196078431373,0.13071895424836602,False
1598,Lovro Majer,hr CRO,MF,Wolfsburg,de Bundesliga,27.0,1998.0,28,16,1371,15.2,2,3,5,2,0,0,5,0,0.33,,,,,,,,,,,,,,,,,,,,,,,,,1598,hr CRO,MF,de Bundesliga,27.0,1998.0,15.2,2,27,6,22.2,1.77,0.39,0.07,0.33,0,0,1973,hr CRO,MF,de Bundesliga,27.0,1998.0,28,1371,49,44.8,15.2,16,70.0,1,12,21.0,4,0.75,20,30,-10,-0.66,0.09,1598,hr CRO,MF,de Bundesliga,27.0,1998.0,15.2,5,0,0,30,22,4,28,8,18,0,MF,False,False,True,False,True,False,1371,27.0,1.1842105263157896,0.5263157894736842,1.973684210526316,1.4473684210526316,0.32894736842105265,0.0,1.842105263157895,0.2631578947368421,False
2836,Martin Ødegaard,no NOR,MF,Arsenal,eng Premier League,26.0,1998.0,24,16,1369,15.2,1,6,7,1,0,0,0,0,0.46,,,,,,,,,,,,,,,,,,,,,,,,,2836,no NOR,MF,eng Premier League,26.0,1998.0,15.2,1,22,8,36.4,1.45,0.53,0.05,0.13,0,0,3535,no NOR,MF,eng Premier League,26.0,1998.0,24,1369,57,40.0,15.2,16,72.0,7,8,26.0,1,2.17,29,13,16,1.05,-0.18,2836,no NOR,MF,eng Premier League,26.0,1998.0,15.2,0,0,0,9,9,2,22,7,9,0,MF,False,False,True,False,True,False,1369,26.0,0.5921052631578948,0.46052631578947373,0.5921052631578948,0.5921052631578948,0.0,0.0,1.4473684210526316,0.13157894736842105,False
1540,Tom Louchet,fr FRA,MF,Nice,fr Ligue 1,22.0,2003.0,27,14,1367,15.2,3,2,5,3,0,0,1,1,0.33,,,,,,,,,,,,,,,,,,,,,,,,,1540,fr FRA,MF,fr Ligue 1,22.0,2003.0,15.2,3,21,6,28.6,1.38,0.4,0.14,0.5,0,0,1906,fr FRA,MF,fr Ligue 1,22.0,2003.0,27,1367,51,44.7,15.2,14,79.0,4,13,20.0,4,1.07,15,28,-13,-0.86,-0.32,1540,fr FRA,MF,fr Ligue 1,22.0,2003.0,15.2,1,1,0,16,13,0,51,9,17,0,MF,False,False,True,False,True,False,1367,22.0,1.118421052631579,0.5921052631578948,1.0526315789473684,0.8552631578947368,0.06578947368421052,0.06578947368421052,3.355263157894737,0.0,False
1327,Dermane Karim,tg TOG,MF,Lorient,fr Ligue 1,21.0,2003.0,30,15,1365,15.2,1,2,3,1,0,0,3,0,0.2,,,,,,,,,,,,,,,,,,,,,,,,,1327,tg TOG,MF,fr Ligue 1,21.0,2003.0,15.2,1,16,2,12.5,1.05,0.13,0.06,0.5,0,0,1628,tg TOG,MF,fr Ligue 1,21.0,2003.0,30,1365,46,44.6,15.2,15,72.0,2,15,19.0,1,1.37,18,25,-7,-0.46,-0.67,1327,tg TOG,MF,fr Ligue 1,21.0,2003.0,15.2,3,0,0,21,39,0,17,10,17,0,MF,False,False,True,False,True,False,1365,21.0,1.118421052631579,0.6578947368421053,1.381578947368421,2.5657894736842106,0.19736842105263158,0.0,1.118421052631579,0.0,False
9,Saud Abdulhamid,sa KSA,MF,Lens,fr Ligue 1,26.0,1999.0,25,14,1352,15.0,2,4,6,2,0,0,4,1,0.4,,,,,,,,,,,,,,,,,,,,,,,,,9,sa KSA,MF,fr Ligue 1,26.0,1999.0,15.0,2,8,3,37.5,0.53,0.2,0.25,0.67,0,0,11,sa KSA,MF,fr Ligue 1,26.0,1999.0,25,1352,54,44.2,15.0,14,83.0,8,11,18.0,6,1.84,35,17,18,1.2,0.51,9,sa KSA,MF,fr Ligue 1,26.0,1999.0,15.0,4,1,0,26,14,1,47,9,22,0,MF,False,False,True,False,True,False,1352,26.0,1.4666666666666666,0.6,1.7333333333333334,0.9333333333333333,0.26666666666666666,0.06666666666666667,3.1333333333333333,0.06666666666666667,False
2645,Beñat Turrientes,es ESP,MF,Real Sociedad,es La Liga,23.0,2002.0,27,16,1348,15.0,0,3,3,0,0,0,7,0,0.2,,,,,,,,,,,,,,,,,,,,,,,,,2645,es ESP,MF,es La Liga,23.0,2002.0,15.0,0,20,6,30.0,1.34,0.4,0.0,0.0,0,0,3303,es ESP,MF,es La Liga,23.0,2002.0,27,1348,50,39.4,15.0,16,70.0,4,11,21.0,10,1.33,24,21,3,0.2,0.42,2645,es ESP,MF,es La Liga,23.0,2002.0,15.0,7,0,0,28,23,0,9,9,23,0,MF,False,False,True,False,True,False,1348,23.0,1.5333333333333334,0.6,1.8666666666666667,1.5333333333333334,0.4666666666666667,0.0,0.6,0.0,False
1898,Martim Neto,pt POR,MF,Elche,es La Liga,22.0,2003.0,25,15,1347,15.0,2,5,7,2,0,0,3,0,0.47,,,,,,,,,,,,,,,,,,,,,,,,,1898,pt POR,MF,es La Liga,22.0,2003.0,15.0,2,12,4,33.3,0.8,0.27,0.17,0.5,0,0,2351,pt POR,MF,es La Liga,22.0,2003.0,25,1347,54,39.4,15.0,15,68.0,1,10,32.0,9,1.0,20,23,-3,-0.2,0.02,1898,pt POR,MF,es La Liga,22.0,2003.0,15.0,3,0,0,19,11,0,33,2,12,0,MF,False,False,True,False,True,False,1347,22.0,0.8,0.13333333333333333,1.2666666666666666,0.7333333333333333,0.2,0.0,2.2,0.0,False
2480,Hugo Sotelo,es ESP,MF,Celta Vigo,es La Liga,21.0,2003.0,20,16,1338,14.9,0,2,2,0,0,0,3,0,0.13,,,,,,,,,,,,,,,,,,,,,,,,,2480,es ESP,MF,es La Liga,21.0,2003.0,14.9,0,2,1,50.0,0.13,0.07,0.0,0.0,0,0,3098,es ESP,MF,es La Liga,21.0,2003.0,20,1338,67,39.1,14.9,16,78.0,7,4,24.0,14,1.1,27,25,2,0.13,0.0,2480,es ESP,MF,es La Liga,21.0,2003.0,14.9,3,0,0,27,13,0,44,13,16,0,MF,False,False,True,False,True,False,1338,21.0,1.0738255033557047,0.87248322147651,1.8120805369127517,0.87248322147651,0.20134228187919462,0.0,2.9530201342281877,0.0,False
1340,Yassine Kechta,ma MAR,MF,Le Havre,fr Ligue 1,23.0,2002.0,30,14,1332,14.8,2,1,3,2,0,0,3,0,0.2,,,,,,,,,,,,,,,,,,,,,,,,,1340,ma MAR,MF,fr Ligue 1,23.0,2002.0,14.8,2,21,9,42.9,1.42,0.61,0.1,0.22,0,0,1645,ma MAR,MF,fr Ligue 1,23.0,2002.0,30,1332,44,43.5,14.8,14,73.0,1,16,19.0,3,1.07,18,22,-4,-0.27,0.15,1340,ma MAR,MF,fr Ligue 1,23.0,2002.0,14.8,3,0,0,35,16,3,26,18,18,0,MF,False,False,True,False,True,False,1332,23.0,1.2162162162162162,1.2162162162162162,2.364864864864865,1.081081081081081,0.2027027027027027,0.0,1.7567567567567566,0.2027027027027027,False
774,Denzel Dumfries,nl NED,MF,Inter,it Serie A,29.0,1996.0,20,15,1325,14.7,3,1,4,3,0,0,2,0,0.27,,,,,,,,,,,,,,,,,,,,,,,,,774,nl NED,MF,it Serie A,29.0,1996.0,14.7,3,23,5,21.7,1.56,0.34,0.13,0.6,0,0,950,nl NED,MF,it Serie A,29.0,1996.0,20,1325,66,38.7,14.7,15,80.0,8,5,25.0,2,2.1,36,14,22,1.49,0.12,774,nl NED,MF,it Serie A,29.0,1996.0,14.7,2,0,0,20,13,2,34,7,9,0,MF,False,False,True,False,True,False,1325,29.0,0.6122448979591837,0.4761904761904762,1.3605442176870748,0.8843537414965987,0.1360544217687075,0.0,2.312925170068027,0.1360544217687075,False
1063,Ilia Gruev,bg BUL,MF,Leeds United,eng Premier League,25.0,2000.0,23,15,1323,14.7,0,3,3,0,0,0,3,0,0.2,,,,,,,,,,,,,,,,,,,,,,,,,1063,bg BUL,MF,eng Premier League,25.0,2000.0,14.7,0,7,1,14.3,0.48,0.07,0.0,0.0,0,0,1318,bg BUL,MF,eng Premier League,25.0,2000.0,23,1323,58,38.7,14.7,15,79.0,6,8,17.0,10,1.52,17,22,-5,-0.34,-0.25,1063,bg BUL,MF,eng Premier League,25.0,2000.0,14.7,3,0,0,16,9,0,16,14,13,0,MF,False,False,True,False,True,False,1323,25.0,0.8843537414965987,0.9523809523809524,1.08843537414966,0.6122448979591837,0.20408163265306123,0.0,1.08843537414966,0.0,False
2211,Oriol Rey,es ESP,MF,Levante,es La Liga,27.0,1998.0,20,14,1319,14.7,0,1,1,0,0,0,4,0,0.07,,,,,,,,,,,,,,,,,,,,,,,,,2211,es ESP,MF,es La Liga,27.0,1998.0,14.7,0,8,1,12.5,0.55,0.07,0.0,0.0,0,0,2747,es ESP,MF,es La Liga,27.0,1998.0,20,1319,66,38.6,14.7,14,84.0,9,6,25.0,12,1.1,23,25,-2,-0.14,0.38,2211,es ESP,MF,es La Liga,27.0,1998.0,14.7,4,0,0,23,14,0,8,12,12,0,MF,False,False,True,False,True,False,1319,27.0,0.8163265306122449,0.8163265306122449,1.5646258503401362,0.9523809523809524,0.272108843537415,0.0,0.54421768707483,0.0,False
2553,Ao Tanaka,jp JPN,MF,Leeds United,eng Premier League,26.0,1998.0,28,14,1315,14.6,2,0,2,2,0,0,1,0,0.14,,,,,,,,,,,,,,,,,,,,,,,,,2553,jp JPN,MF,eng Premier League,26.0,1998.0,14.6,2,17,5,29.4,1.16,0.34,0.12,0.4,0,0,3194,jp JPN,MF,eng Premier League,26.0,1998.0,28,1315,47,38.5,14.6,14,75.0,0,14,19.0,9,1.43,22,21,1,0.07,0.41,2553,jp JPN,MF,eng Premier League,26.0,1998.0,14.6,1,0,0,13,10,0,39,21,15,0,MF,False,False,True,False,True,False,1315,26.0,1.0273972602739727,1.4383561643835616,0.8904109589041096,0.684931506849315,0.0684931506849315,0.0,2.671232876712329,0.0,False
2216,Samuele Ricci,it ITA,MF,Milan,it Serie A,23.0,2001.0,31,11,1312,14.6,1,4,5,1,0,0,3,0,0.34,,,,,,,,,,,,,,,,,,,,,,,,,2216,it ITA,MF,it Serie A,23.0,2001.0,14.6,1,18,6,33.3,1.23,0.41,0.06,0.17,0,0,2753,it ITA,MF,it Serie A,23.0,2001.0,31,1312,42,38.4,14.6,11,79.0,6,20,22.0,7,2.1,20,17,3,0.21,-0.43,2216,it ITA,MF,it Serie A,23.0,2001.0,14.6,3,0,0,17,33,1,28,9,9,0,MF,False,False,True,False,True,False,1312,23.0,0.6164383561643836,0.6164383561643836,1.1643835616438356,2.26027397260274,0.20547945205479454,0.0,1.9178082191780823,0.0684931506849315,False
2261,Miguel Román,es ESP,MF,Celta Vigo,es La Liga,22.0,2002.0,19,14,1311,14.6,1,0,1,1,0,0,3,0,0.07,,,,,,,,,,,,,,,,,,,,,,,,,2261,es ESP,MF,es La Liga,22.0,2002.0,14.6,1,9,2,22.2,0.62,0.14,0.11,0.5,0,0,2808,es ESP,MF,es La Liga,22.0,2002.0,19,1311,69,38.3,14.6,14,88.0,10,5,17.0,7,1.63,18,13,5,0.34,0.34,2261,es ESP,MF,es La Liga,22.0,2002.0,14.6,3,0,0,20,11,0,21,12,17,0,MF,False,False,True,False,True,False,1311,22.0,1.1643835616438356,0.8219178082191781,1.36986301369863,0.7534246575342466,0.20547945205479454,0.0,1.4383561643835616,0.0,False
529,Chema,es ESP,MF,Stuttgart,de Bundesliga,20.0,2005.0,25,14,1310,14.6,3,0,3,3,0,0,5,0,0.21,,,,,,,,,,,,,,,,,,,,,,,,,529,es ESP,MF,de Bundesliga,20.0,2005.0,14.6,3,15,6,40.0,1.03,0.41,0.2,0.5,0,0,655,es ESP,MF,de Bundesliga,20.0,2005.0,25,1310,52,42.8,14.6,14,85.0,8,11,10.0,9,1.88,32,24,8,0.55,-0.17,529,es ESP,MF,de Bundesliga,20.0,2005.0,14.6,5,0,0,20,8,1,0,31,16,0,MF,False,False,True,False,True,False,1310,20.0,1.095890410958904,2.1232876712328768,1.36986301369863,0.547945205479452,0.3424657534246575,0.0,0.0,0.0684931506849315,False
2148,Alexander Prass,at AUT,MF,Hoffenheim,de Bundesliga,24.0,2001.0,32,12,1308,14.5,3,2,5,3,0,0,4,0,0.34,,,,,,,,,,,,,,,,,,,,,,,,,2148,at AUT,MF,de Bundesliga,24.0,2001.0,14.5,3,18,11,61.1,1.24,0.76,0.17,0.27,0,0,2666,at AUT,MF,de Bundesliga,24.0,2001.0,32,1308,41,42.7,14.5,12,80.0,4,20,18.0,2,1.88,25,25,0,0.0,-0.67,2148,at AUT,MF,de Bundesliga,24.0,2001.0,14.5,4,0,0,26,21,2,47,6,22,0,MF,False,False,True,False,True,False,1308,24.0,1.5172413793103448,0.41379310344827586,1.793103448275862,1.4482758620689655,0.27586206896551724,0.0,3.2413793103448274,0.13793103448275862,False
1362,Joshua King,eng ENG,MF,Fulham,eng Premier League,18.0,2007.0,32,15,1308,14.5,1,2,3,1,0,0,4,0,0.21,,,,,,,,,,,,,,,,,,,,,,,,,1362,eng ENG,MF,eng Premier League,18.0,2007.0,14.5,1,26,11,42.3,1.79,0.76,0.04,0.09,0,0,1670,eng ENG,MF,eng Premier League,18.0,2007.0,32,1308,41,38.2,14.5,15,65.0,0,17,19.0,3,1.38,14,18,-4,-0.28,-0.28,1362,eng ENG,MF,eng Premier League,18.0,2007.0,14.5,4,0,0,13,30,3,12,3,12,0,MF,False,False,True,False,True,False,1308,18.0,0.8275862068965517,0.20689655172413793,0.896551724137931,2.0689655172413794,0.27586206896551724,0.0,0.8275862068965517,0.20689655172413793,False
1877,Roberto Navarro,es ESP,MF,Athletic Club,es La Liga,23.0,2002.0,32,10,1307,14.5,6,1,7,6,0,0,1,0,0.48,,,,,,,,,,,,,,,,,,,,,,,,,1877,es ESP,MF,es La Liga,23.0,2002.0,14.5,6,21,10,47.6,1.45,0.69,0.29,0.6,0,0,2325,es ESP,MF,es La Liga,23.0,2002.0,32,1307,41,38.2,14.5,10,70.0,3,22,28.0,3,1.19,23,23,0,0.0,0.64,1877,es ESP,MF,es La Liga,23.0,2002.0,14.5,1,0,0,18,16,4,74,7,10,0,MF,False,False,True,False,True,False,1307,23.0,0.6896551724137931,0.4827586206896552,1.2413793103448276,1.103448275862069,0.06896551724137931,0.0,5.103448275862069,0.27586206896551724,False
2387,Derry Scherhant,de GER,MF,Freiburg,de Bundesliga,22.0,2002.0,31,12,1301,14.5,5,1,6,5,0,0,2,0,0.42,,,,,,,,,,,,,,,,,,,,,,,,,2387,de GER,MF,de Bundesliga,22.0,2002.0,14.5,5,36,13,36.1,2.49,0.9,0.14,0.38,0,0,2970,de GER,MF,de Bundesliga,22.0,2002.0,31,1301,42,42.5,14.5,12,75.0,2,19,21.0,3,1.39,26,24,2,0.14,0.55,2387,de GER,MF,de Bundesliga,22.0,2002.0,14.5,2,0,0,19,36,4,72,7,9,0,MF,False,False,True,False,True,False,1301,22.0,0.6206896551724138,0.4827586206896552,1.3103448275862069,2.4827586206896552,0.13793103448275862,0.0,4.9655172413793105,0.27586206896551724,False
2131,Niccolò Pisilli,it ITA,MF,Roma,it Serie A,20.0,2004.0,25,13,1295,14.4,2,4,6,2,0,0,3,0,0.42,,,,,,,,,,,,,,,,,,,,,,,,,2131,it ITA,MF,it Serie A,20.0,2004.0,14.4,2,19,5,26.3,1.32,0.35,0.11,0.4,0,0,2643,it ITA,MF,it Serie A,20.0,2004.0,25,1295,52,37.9,14.4,13,81.0,9,12,20.0,13,1.96,29,16,13,0.9,0.27,2131,it ITA,MF,it Serie A,20.0,2004.0,14.4,3,0,0,20,4,2,15,24,13,0,MF,False,False,True,False,True,False,1295,20.0,0.9027777777777778,1.6666666666666665,1.3888888888888888,0.2777777777777778,0.20833333333333331,0.0,1.0416666666666667,0.1388888888888889,False
112,Sofyan Amrabat,ma MAR,MF,Real Betis,es La Liga,28.0,1996.0,17,14,1295,14.4,0,0,0,0,0,0,4,0,0.0,,,,,,,,,,,,,,,,,,,,,,,,,112,ma MAR,MF,es La Liga,28.0,1996.0,14.4,0,8,1,12.5,0.56,0.07,0.0,0.0,0,0,140,ma MAR,MF,es La Liga,28.0,1996.0,17,1295,76,37.9,14.4,14,86.0,11,3,28.0,1,1.53,24,18,6,0.42,0.21,112,ma MAR,MF,es La Liga,28.0,1996.0,14.4,4,0,0,22,19,0,6,11,13,0,MF,False,False,True,False,True,False,1295,28.0,0.9027777777777778,0.7638888888888888,1.5277777777777777,1.3194444444444444,0.2777777777777778,0.0,0.41666666666666663,0.0,False
1905,João Neves,pt POR,MF,Paris Saint-Germain,fr Ligue 1,20.0,2004.0,21,13,1287,14.3,5,1,6,5,0,0,0,0,0.42,,,,,,,,,,,,,,,,,,,,,,,,,1905,pt POR,MF,fr Ligue 1,20.0,2004.0,14.3,5,27,6,22.2,1.89,0.42,0.19,0.83,0,0,2358,pt POR,MF,fr Ligue 1,20.0,2004.0,21,1287,61,42.1,14.3,13,80.0,7,8,31.0,2,2.38,35,14,21,1.47,0.25,1905,pt POR,MF,fr Ligue 1,20.0,2004.0,14.3,0,0,0,13,13,0,4,6,14,0,MF,False,False,True,False,True,False,1287,20.0,0.979020979020979,0.4195804195804196,0.9090909090909091,0.9090909090909091,0.0,0.0,0.2797202797202797,0.0,False
1639,Marius Marin,ro ROU,MF,Pisa,it Serie A,26.0,1998.0,23,18,1281,14.2,0,0,0,0,0,0,7,0,0.0,,,,,,,,,,,,,,,,,,,,,,,,,1639,ro ROU,MF,it Serie A,26.0,1998.0,14.2,0,3,0,0.0,0.21,0.0,0.0,,0,0,2023,ro ROU,MF,it Serie A,26.0,1998.0,23,1281,56,37.5,14.2,18,66.0,4,5,19.0,6,0.65,7,22,-15,-1.05,0.21,1639,ro ROU,MF,it Serie A,26.0,1998.0,14.2,7,0,0,36,20,0,18,14,26,0,MF,False,False,True,False,True,False,1281,26.0,1.8309859154929577,0.9859154929577465,2.535211267605634,1.4084507042253522,0.49295774647887325,0.0,1.267605633802817,0.0,False
2810,Alessandro Zanoli,it ITA,MF,Udinese,it Serie A,24.0,2000.0,19,16,1280,14.2,1,2,3,1,0,0,1,0,0.21,,,,,,,,,,,,,,,,,,,,,,,,,2810,it ITA,MF,it Serie A,24.0,2000.0,14.2,1,3,1,33.3,0.21,0.07,0.33,1.0,0,0,3501,it ITA,MF,it Serie A,24.0,2000.0,19,1280,67,37.4,14.2,16,75.0,1,3,26.0,1,1.16,16,18,-2,-0.14,-0.1,2810,it ITA,MF,it Serie A,24.0,2000.0,14.2,1,0,0,16,5,1,40,7,18,0,MF,False,False,True,False,True,False,1280,24.0,1.267605633802817,0.49295774647887325,1.1267605633802817,0.35211267605633806,0.07042253521126761,0.0,2.8169014084507045,0.07042253521126761,False
2201,Alejandro Rego,es ESP,MF,Athletic Club,es La Liga,22.0,2003.0,29,11,1279,14.2,1,1,2,1,0,0,6,0,0.14,,,,,,,,,,,,,,,,,,,,,,,,,2201,es ESP,MF,es La Liga,22.0,2003.0,14.2,1,12,3,25.0,0.84,0.21,0.08,0.33,0,0,2737,es ESP,MF,es La Liga,22.0,2003.0,29,1279,44,37.4,14.2,11,76.0,5,18,25.0,7,1.31,20,23,-3,-0.21,0.29,2201,es ESP,MF,es La Liga,22.0,2003.0,14.2,6,0,0,40,6,0,6,21,20,0,MF,False,False,True,False,True,False,1279,22.0,1.4084507042253522,1.4788732394366197,2.8169014084507045,0.4225352112676057,0.4225352112676057,0.0,0.4225352112676057,0.0,False
166,Dehmaine Assoumani,fr FRA,MF,Nantes,fr Ligue 1,20.0,2005.0,27,14,1276,14.2,1,0,1,1,0,0,5,0,0.07,,,,,,,,,,,,,,,,,,,,,,,,,166,fr FRA,MF,fr Ligue 1,20.0,2005.0,14.2,1,29,7,24.1,2.05,0.49,0.03,0.14,0,0,204,fr FRA,MF,fr Ligue 1,20.0,2005.0,27,1276,47,41.7,14.2,14,74.0,2,13,19.0,1,0.7,14,19,-5,-0.35,0.56,166,fr FRA,MF,fr Ligue 1,20.0,2005.0,14.2,5,0,0,23,20,0,88,16,18,0,MF,False,False,True,False,True,False,1276,20.0,1.267605633802817,1.1267605633802817,1.619718309859155,1.4084507042253522,0.35211267605633806,0.0,6.19718309859155,0.0,False
1043,Lucas Gourna-Douath,fr FRA,MF,Le Havre,fr Ligue 1,21.0,2003.0,15,14,1272,14.1,0,0,0,0,0,0,5,0,0.0,,,,,,,,,,,,,,,,,,,,,,,,,1043,fr FRA,MF,fr Ligue 1,21.0,2003.0,14.1,0,9,2,22.2,0.64,0.14,0.0,0.0,0,0,1292,fr FRA,MF,fr Ligue 1,21.0,2003.0,15,1272,85,41.6,14.1,14,88.0,10,1,45.0,0,0.87,11,18,-7,-0.5,-0.24,1043,fr FRA,MF,fr Ligue 1,21.0,2003.0,14.1,5,0,0,24,35,2,5,15,12,0,MF,False,False,True,False,True,False,1272,21.0,0.851063829787234,1.0638297872340425,1.702127659574468,2.4822695035460995,0.3546099290780142,0.0,0.3546099290780142,0.14184397163120568,False
666,Pape Demba Diop,sn SEN,MF,Toulouse,fr Ligue 1,21.0,2003.0,16,14,1271,14.1,1,2,3,1,0,0,2,0,0.21,,,,,,,,,,,,,,,,,,,,,,,,,666,sn SEN,MF,fr Ligue 1,21.0,2003.0,14.1,1,29,11,37.9,2.05,0.78,0.03,0.09,0,0,825,sn SEN,MF,fr Ligue 1,21.0,2003.0,16,1271,79,41.5,14.1,14,85.0,7,2,38.0,0,1.13,17,21,-4,-0.28,-0.53,666,sn SEN,MF,fr Ligue 1,21.0,2003.0,14.1,2,0,0,15,17,0,15,31,20,0,MF,False,False,True,False,True,False,1271,21.0,1.4184397163120568,2.198581560283688,1.0638297872340425,1.2056737588652482,0.14184397163120568,0.0,1.0638297872340425,0.0,False
967,Alejandro Garnacho,ar ARG,MF,Chelsea,eng Premier League,21.0,2004.0,24,14,1268,14.1,1,4,5,1,0,0,2,0,0.35,,,,,,,,,,,,,,,,,,,,,,,,,967,ar ARG,MF,eng Premier League,21.0,2004.0,14.1,1,33,7,21.2,2.34,0.5,0.03,0.14,0,0,1197,ar ARG,MF,eng Premier League,21.0,2004.0,24,1268,53,37.1,14.1,14,68.0,4,10,31.0,9,1.46,20,20,0,0.0,-0.25,967,ar ARG,MF,eng Premier League,21.0,2004.0,14.1,2,0,0,9,23,2,61,4,13,0,MF,False,False,True,False,True,False,1268,21.0,0.9219858156028369,0.28368794326241137,0.6382978723404256,1.6312056737588654,0.14184397163120568,0.0,4.326241134751773,0.14184397163120568,False
2150,Matteo Prati,it ITA,MF,Cagliari,it Serie A,21.0,2003.0,20,15,1268,14.1,1,0,1,1,0,0,4,0,0.07,,,,,,,,,,,,,,,,,,,,,,,,,2150,it ITA,MF,it Serie A,21.0,2003.0,14.1,1,19,1,5.3,1.35,0.07,0.05,1.0,0,0,2668,it ITA,MF,it Serie A,21.0,2003.0,20,1268,63,37.1,14.1,15,74.0,5,5,30.0,2,1.05,13,20,-7,-0.5,-0.25,2150,it ITA,MF,it Serie A,21.0,2003.0,14.1,4,0,0,17,3,0,13,15,12,0,MF,False,False,True,False,True,False,1268,21.0,0.851063829787234,1.0638297872340425,1.2056737588652482,0.2127659574468085,0.28368794326241137,0.0,0.9219858156028369,0.0,False
2359,Andrey Santos,br BRA,MF,Chelsea,eng Premier League,21.0,2004.0,27,13,1260,14.0,1,0,1,1,0,0,4,0,0.07,,,,,,,,,,,,,,,,,,,,,,,,,2359,br BRA,MF,eng Premier League,21.0,2004.0,14.0,1,11,2,18.2,0.79,0.14,0.09,0.5,0,0,2932,br BRA,MF,eng Premier League,21.0,2004.0,27,1260,47,36.8,14.0,13,71.0,4,14,24.0,10,1.48,21,18,3,0.21,0.09,2359,br BRA,MF,eng Premier League,21.0,2004.0,14.0,4,0,0,13,22,1,2,18,21,0,MF,False,False,True,False,True,False,1260,21.0,1.5,1.2857142857142858,0.9285714285714286,1.5714285714285714,0.2857142857142857,0.0,0.14285714285714285,0.07142857142857142,False
1860,Junior Mwanga,fr FRA,MF,Nantes,fr Ligue 1,22.0,2003.0,15,15,1260,14.0,1,1,2,1,0,0,2,1,0.14,,,,,,,,,,,,,,,,,,,,,,,,,1860,fr FRA,MF,fr Ligue 1,22.0,2003.0,14.0,1,9,3,33.3,0.64,0.21,0.11,0.33,0,0,2300,fr FRA,MF,fr Ligue 1,22.0,2003.0,15,1260,84,41.2,14.0,15,84.0,12,0,,0,0.73,15,27,-12,-0.86,-0.31,1860,fr FRA,MF,fr Ligue 1,22.0,2003.0,14.0,2,1,0,15,14,0,5,8,14,0,MF,False,False,True,False,True,False,1260,22.0,1.0,0.5714285714285714,1.0714285714285714,1.0,0.14285714285714285,0.07142857142857142,0.35714285714285715,0.0,False
2808,Andre-Frank Zambo Anguissa,cm CMR,MF,Napoli,it Serie A,29.0,1995.0,18,14,1258,14.0,4,1,5,4,0,0,1,0,0.36,,,,,,,,,,,,,,,,,,,,,,,,,2808,cm CMR,MF,it Serie A,29.0,1995.0,14.0,4,23,9,39.1,1.65,0.64,0.17,0.44,0,0,3499,cm CMR,MF,it Serie A,29.0,1995.0,18,1258,70,36.8,14.0,14,81.0,11,4,31.0,4,2.0,18,14,4,0.29,-0.46,2808,cm CMR,MF,it Serie A,29.0,1995.0,14.0,1,0,0,18,18,0,15,13,14,0,MF,False,False,True,False,True,False,1258,29.0,1.0,0.9285714285714286,1.2857142857142858,1.2857142857142858,0.07142857142857142,0.0,1.0714285714285714,0.0,False
2713,Carlos Vicente,es ESP,MF,Alavés,es La Liga,26.0,1999.0,21,11,1258,14.0,5,0,5,2,3,3,1,0,0.14,,,,,,,,,,,,,,,,,,,,,,,,,2713,es ESP,MF,es La Liga,26.0,1999.0,14.0,5,12,6,50.0,0.86,0.43,0.17,0.33,3,3,3382,es ESP,MF,es La Liga,26.0,1999.0,21,1258,60,36.8,14.0,11,79.0,6,10,39.0,0,1.05,12,19,-7,-0.5,-0.29,2713,es ESP,MF,es La Liga,26.0,1999.0,14.0,1,0,0,12,42,10,128,7,18,0,MF,False,False,True,False,True,False,1258,26.0,1.2857142857142858,0.5,0.8571428571428571,3.0,0.07142857142857142,0.0,9.142857142857142,0.7142857142857143,False
1478,Thomas Lemar,fr FRA,MF,Girona,es La Liga,29.0,1995.0,27,14,1258,14.0,3,1,4,3,0,0,4,0,0.29,,,,,,,,,,,,,,,,,,,,,,,,,1478,fr FRA,MF,es La Liga,29.0,1995.0,14.0,3,17,8,47.1,1.22,0.57,0.18,0.38,0,0,1825,fr FRA,MF,es La Liga,29.0,1995.0,27,1258,47,36.8,14.0,14,69.0,1,13,22.0,2,1.0,15,16,-1,-0.07,0.55,1478,fr FRA,MF,es La Liga,29.0,1995.0,14.0,4,0,0,19,20,0,56,5,15,0,MF,False,False,True,False,True,False,1258,29.0,1.0714285714285714,0.35714285714285715,1.3571428571428572,1.4285714285714286,0.2857142857142857,0.0,4.0,0.0,False
1873,Nikolas Nartey,dk DEN,MF,Stuttgart,de Bundesliga,25.0,2000.0,28,14,1256,14.0,4,3,7,4,0,0,2,0,0.5,,,,,,,,,,,,,,,,,,,,,,,,,1873,dk DEN,MF,de Bundesliga,25.0,2000.0,14.0,4,22,12,54.5,1.58,0.86,0.18,0.33,0,0,2315,dk DEN,MF,de Bundesliga,25.0,2000.0,28,1256,45,41.0,14.0,14,74.0,2,14,16.0,4,2.07,34,13,21,1.5,1.45,1873,dk DEN,MF,de Bundesliga,25.0,2000.0,14.0,2,0,0,18,23,1,14,10,12,0,MF,False,False,True,False,True,False,1256,25.0,0.8571428571428571,0.7142857142857143,1.2857142857142858,1.6428571428571428,0.14285714285714285,0.0,1.0,0.07142857142857142,False
1721,Hannibal Mejbri,tn TUN,MF,Burnley,eng Premier League,22.0,2003.0,27,15,1229,13.7,1,4,5,1,0,0,10,0,0.37,,,,,,,,,,,,,,,,,,,,,,,,,1721,tn TUN,MF,eng Premier League,22.0,2003.0,13.7,1,19,5,26.3,1.39,0.37,0.05,0.2,0,0,2126,tn TUN,MF,eng Premier League,22.0,2003.0,27,1229,46,35.9,13.7,15,70.0,3,12,15.0,2,0.74,16,27,-11,-0.81,0.26,1721,tn TUN,MF,eng Premier League,22.0,2003.0,13.7,10,0,0,23,46,3,30,7,17,0,MF,False,False,True,False,True,False,1229,22.0,1.2408759124087592,0.5109489051094891,1.6788321167883213,3.3576642335766427,0.7299270072992701,0.0,2.18978102189781,0.21897810218978103,False
386,David Brooks,wls WAL,MF,Bournemouth,eng Premier League,28.0,1997.0,31,13,1204,13.4,1,3,4,1,0,0,7,0,0.3,,,,,,,,,,,,,,,,,,,,,,,,,386,wls WAL,MF,eng Premier League,28.0,1997.0,13.4,1,48,13,27.1,3.59,0.97,0.02,0.08,0,0,480,wls WAL,MF,eng Premier League,28.0,1997.0,31,1204,39,35.2,13.4,13,67.0,0,18,19.0,2,1.52,21,20,1,0.07,-0.05,386,wls WAL,MF,eng Premier League,28.0,1997.0,13.4,7,0,0,11,13,2,59,4,13,0,MF,False,False,True,False,True,False,1204,28.0,0.9701492537313433,0.29850746268656714,0.8208955223880596,0.9701492537313433,0.5223880597014925,0.0,4.402985074626866,0.14925373134328357,False
2016,Patrick Osterhage,de GER,MF,Freiburg,de Bundesliga,25.0,2000.0,20,13,1189,13.2,1,0,1,1,0,0,4,0,0.08,,,,,,,,,,,,,,,,,,,,,,,,,2016,de GER,MF,de Bundesliga,25.0,2000.0,13.2,1,7,2,28.6,0.53,0.15,0.14,0.5,0,0,2494,de GER,MF,de Bundesliga,25.0,2000.0,20,1189,59,38.9,13.2,13,82.0,6,7,18.0,2,1.7,15,17,-2,-0.15,0.04,2016,de GER,MF,de Bundesliga,25.0,2000.0,13.2,4,0,0,13,13,2,9,15,7,0,MF,False,False,True,False,True,False,1189,25.0,0.5303030303030303,1.1363636363636365,0.9848484848484849,0.9848484848484849,0.30303030303030304,0.0,0.6818181818181819,0.15151515151515152,False
663,Fisayo Dele-Bashiru,ng NGA,MF,Lazio,it Serie A,24.0,2001.0,24,11,1187,13.2,1,0,1,1,0,0,0,0,0.08,,,,,,,,,,,,,,,,,,,,,,,,,663,ng NGA,MF,it Serie A,24.0,2001.0,13.2,1,9,2,22.2,0.68,0.15,0.11,0.5,0,0,818,ng NGA,MF,it Serie A,24.0,2001.0,24,1187,49,34.7,13.2,11,75.0,6,13,27.0,1,1.33,18,16,2,0.15,0.19,663,ng NGA,MF,it Serie A,24.0,2001.0,13.2,0,0,0,8,3,2,10,4,15,0,MF,False,False,True,False,True,False,1187,24.0,1.1363636363636365,0.30303030303030304,0.6060606060606061,0.2272727272727273,0.0,0.0,0.7575757575757576,0.15151515151515152,False
92,Sergi Altimira,es ESP,MF,Real Betis,es La Liga,23.0,2001.0,24,13,1186,13.2,1,2,3,1,0,0,3,0,0.23,,,,,,,,,,,,,,,,,,,,,,,,,92,es ESP,MF,es La Liga,23.0,2001.0,13.2,1,7,3,42.9,0.53,0.23,0.14,0.33,0,0,115,es ESP,MF,es La Liga,23.0,2001.0,24,1186,49,34.7,13.2,13,74.0,5,11,21.0,11,1.5,14,19,-5,-0.38,-1.02,92,es ESP,MF,es La Liga,23.0,2001.0,13.2,3,0,0,14,22,0,3,20,36,0,MF,False,False,True,False,True,False,1186,23.0,2.7272727272727275,1.5151515151515151,1.0606060606060606,1.6666666666666667,0.2272727272727273,0.0,0.2272727272727273,0.0,False
944,Conor Gallagher,eng ENG,MF,Tottenham Hotspur,eng Premier League,25.0,2000.0,16,14,1184,13.2,1,1,2,1,0,0,2,0,0.15,,,,,,,,,,,,,,,,,,,,,,,,,944,eng ENG,MF,eng Premier League,25.0,2000.0,13.2,1,11,4,36.4,0.84,0.3,0.09,0.25,0,0,1170,eng ENG,MF,eng Premier League,25.0,2000.0,16,1184,74,34.6,13.2,14,81.0,5,2,28.0,0,0.81,13,23,-10,-0.76,-0.8,944,eng ENG,MF,eng Premier League,25.0,2000.0,13.2,2,0,0,25,23,1,23,18,14,0,MF,False,False,True,False,True,False,1184,25.0,1.0606060606060606,1.3636363636363638,1.893939393939394,1.7424242424242424,0.15151515151515152,0.0,1.7424242424242424,0.07575757575757576,False
2208,Devyne Rensch,nl NED,MF,Roma,it Serie A,22.0,2003.0,24,12,1184,13.2,1,4,5,1,0,0,1,0,0.38,,,,,,,,,,,,,,,,,,,,,,,,,2208,nl NED,MF,it Serie A,22.0,2003.0,13.2,1,6,2,33.3,0.46,0.15,0.17,0.5,0,0,2744,nl NED,MF,it Serie A,22.0,2003.0,24,1184,49,34.6,13.2,12,79.0,5,12,20.0,12,2.08,21,15,6,0.46,-0.43,2208,nl NED,MF,it Serie A,22.0,2003.0,13.2,1,0,0,6,18,3,22,16,15,0,MF,False,False,True,False,True,False,1184,22.0,1.1363636363636365,1.2121212121212122,0.4545454545454546,1.3636363636363638,0.07575757575757576,0.0,1.6666666666666667,0.2272727272727273,False
750,Nicolás Domínguez,ar ARG,MF,Nottingham Forest,eng Premier League,27.0,1998.0,27,17,1175,13.1,1,1,2,1,0,0,3,0,0.15,,,,,,,,,,,,,,,,,,,,,,,,,750,ar ARG,MF,eng Premier League,27.0,1998.0,13.1,1,18,5,27.8,1.38,0.38,0.06,0.2,0,0,919,ar ARG,MF,eng Premier League,27.0,1998.0,27,1175,44,34.4,13.1,17,60.0,1,10,15.0,4,1.26,15,19,-4,-0.31,-0.35,750,ar ARG,MF,eng Premier League,27.0,1998.0,13.1,3,0,0,16,11,0,14,6,30,0,MF,False,False,True,False,True,False,1175,27.0,2.290076335877863,0.4580152671755725,1.2213740458015268,0.8396946564885497,0.22900763358778625,0.0,1.0687022900763359,0.0,False
1888,Dan Ndoye,ch SUI,MF,Nottingham Forest,eng Premier League,24.0,2000.0,24,14,1173,13.0,1,1,2,1,0,0,1,0,0.15,,,,,,,,,,,,,,,,,,,,,,,,,1888,ch SUI,MF,eng Premier League,24.0,2000.0,13.0,1,15,4,26.7,1.15,0.31,0.07,0.25,0,0,2337,ch SUI,MF,eng Premier League,24.0,2000.0,24,1173,49,34.3,13.0,14,71.0,3,10,18.0,5,1.08,15,17,-2,-0.15,-0.11,1888,ch SUI,MF,eng Premier League,24.0,2000.0,13.0,1,0,0,16,22,9,41,10,11,0,MF,False,False,True,False,True,False,1173,24.0,0.8461538461538461,0.7692307692307693,1.2307692307692308,1.6923076923076923,0.07692307692307693,0.0,3.1538461538461537,0.6923076923076923,False
2144,Freddie Potts,eng ENG,MF,West Ham United,eng Premier League,21.0,2003.0,22,12,1171,13.0,0,1,1,0,0,0,1,0,0.08,,,,,,,,,,,,,,,,,,,,,,,,,2144,eng ENG,MF,eng Premier League,21.0,2003.0,13.0,0,3,1,33.3,0.23,0.08,0.0,0.0,0,0,2662,eng ENG,MF,eng Premier League,21.0,2003.0,22,1171,53,34.2,13.0,12,77.0,4,10,25.0,11,1.09,17,25,-8,-0.61,-0.17,2144,eng ENG,MF,eng Premier League,21.0,2003.0,13.0,1,0,0,15,14,0,34,16,18,0,MF,False,False,True,False,True,False,1171,21.0,1.3846153846153846,1.2307692307692308,1.1538461538461537,1.0769230769230769,0.07692307692307693,0.0,2.6153846153846154,0.0,False
1714,Dwight McNeil,eng ENG,MF,Everton,eng Premier League,25.0,1999.0,22,14,1168,13.0,0,1,1,0,0,0,1,0,0.08,,,,,,,,,,,,,,,,,,,,,,,,,1714,eng ENG,MF,eng Premier League,25.0,1999.0,13.0,0,24,5,20.8,1.85,0.39,0.0,0.0,0,0,2118,eng ENG,MF,eng Premier League,25.0,1999.0,22,1168,53,34.2,13.0,14,76.0,3,8,13.0,14,1.45,14,9,5,0.39,0.7,1714,eng ENG,MF,eng Premier League,25.0,1999.0,13.0,1,0,0,11,7,2,40,10,16,0,MF,False,False,True,False,True,False,1168,25.0,1.2307692307692308,0.7692307692307693,0.8461538461538461,0.5384615384615384,0.07692307692307693,0.0,3.076923076923077,0.15384615384615385,False
896,Romano Floriani,it ITA,MF,Cremonese,it Serie A,22.0,2003.0,28,12,1168,13.0,0,1,1,0,0,0,2,0,0.08,,,,,,,,,,,,,,,,,,,,,,,,,896,it ITA,MF,it Serie A,22.0,2003.0,13.0,0,5,1,20.0,0.39,0.08,0.0,0.0,0,0,1108,it ITA,MF,it Serie A,22.0,2003.0,28,1168,42,34.2,13.0,12,71.0,3,16,20.0,8,0.75,13,23,-10,-0.77,-0.17,896,it ITA,MF,it Serie A,22.0,2003.0,13.0,2,0,0,21,5,2,29,6,14,0,MF,False,False,True,False,True,False,1168,22.0,1.0769230769230769,0.46153846153846156,1.6153846153846154,0.38461538461538464,0.15384615384615385,0.0,2.230769230769231,0.15384615384615385,False
720,Junior Dina Ebimbe,cm CMR,MF,Brest,fr Ligue 1,24.0,2000.0,27,15,1165,12.9,5,0,5,5,0,0,3,0,0.39,,,,,,,,,,,,,,,,,,,,,,,,,720,cm CMR,MF,fr Ligue 1,24.0,2000.0,12.9,5,27,9,33.3,2.09,0.7,0.19,0.56,0,0,885,cm CMR,MF,fr Ligue 1,24.0,2000.0,27,1165,43,38.1,12.9,15,66.0,1,12,14.0,2,1.04,15,21,-6,-0.46,-0.18,720,cm CMR,MF,fr Ligue 1,24.0,2000.0,12.9,3,0,0,22,15,3,4,6,16,0,MF,False,False,True,False,True,False,1165,24.0,1.2403100775193798,0.46511627906976744,1.7054263565891472,1.1627906976744187,0.23255813953488372,0.0,0.31007751937984496,0.23255813953488372,False
2661,Can Uzun,tr TUR,MF,Eintracht Frankfurt,de Bundesliga,19.0,2005.0,21,15,1156,12.8,8,4,12,7,1,1,3,0,0.86,,,,,,,,,,,,,,,,,,,,,,,,,2661,tr TUR,MF,de Bundesliga,19.0,2005.0,12.8,8,41,19,46.3,3.19,1.48,0.17,0.37,1,1,3322,tr TUR,MF,de Bundesliga,19.0,2005.0,21,1156,55,37.8,12.8,15,68.0,2,6,23.0,2,1.19,28,27,1,0.08,0.31,2661,tr TUR,MF,de Bundesliga,19.0,2005.0,12.8,3,0,0,15,26,0,24,3,9,0,MF,False,False,True,False,True,False,1156,19.0,0.703125,0.234375,1.171875,2.03125,0.234375,0.0,1.875,0.0,False
157,Arthur,br BRA,MF,Leverkusen,de Bundesliga,22.0,2003.0,20,13,1136,12.6,1,3,4,1,0,0,3,0,0.32,,,,,,,,,,,,,,,,,,,,,,,,,157,br BRA,MF,de Bundesliga,22.0,2003.0,12.6,1,10,2,20.0,0.79,0.16,0.1,0.5,0,0,193,br BRA,MF,de Bundesliga,22.0,2003.0,20,1136,57,37.1,12.6,13,73.0,7,7,26.0,3,1.8,25,18,7,0.55,-0.1,157,br BRA,MF,de Bundesliga,22.0,2003.0,12.6,3,0,0,19,10,3,33,18,12,0,MF,False,False,True,False,True,False,1136,22.0,0.9523809523809524,1.4285714285714286,1.507936507936508,0.7936507936507937,0.2380952380952381,0.0,2.619047619047619,0.2380952380952381,False
2643,Kareem Tunde,es ESP,MF,Levante,es La Liga,19.0,2005.0,21,17,1133,12.6,0,1,1,0,0,0,3,0,0.08,,,,,,,,,,,,,,,,,,,,,,,,,2643,es ESP,MF,es La Liga,19.0,2005.0,12.6,0,21,3,14.3,1.67,0.24,0.0,0.0,0,0,3301,es ESP,MF,es La Liga,19.0,2005.0,21,1133,54,33.1,12.6,17,64.0,2,4,11.0,0,1.38,15,20,-5,-0.4,-0.04,2643,es ESP,MF,es La Liga,19.0,2005.0,12.6,3,0,0,16,24,1,11,14,11,0,MF,False,False,True,False,True,False,1133,19.0,0.873015873015873,1.1111111111111112,1.2698412698412698,1.9047619047619049,0.2380952380952381,0.0,0.873015873015873,0.07936507936507936,False
2291,Fabián Ruiz Peña,es ESP,MF,Paris Saint-Germain,fr Ligue 1,29.0,1996.0,20,13,1131,12.6,1,4,5,1,0,0,2,0,0.4,,,,,,,,,,,,,,,,,,,,,,,,,2291,es ESP,MF,fr Ligue 1,29.0,1996.0,12.6,1,19,4,21.1,1.51,0.32,0.05,0.25,0,0,2848,es ESP,MF,fr Ligue 1,29.0,1996.0,20,1131,57,37.0,12.6,13,74.0,6,7,24.0,0,2.3,26,12,14,1.11,-0.33,2291,es ESP,MF,fr Ligue 1,29.0,1996.0,12.6,2,0,0,2,3,2,21,17,11,0,MF,False,False,True,False,True,False,1131,29.0,0.873015873015873,1.3492063492063493,0.15873015873015872,0.2380952380952381,0.15873015873015872,0.0,1.6666666666666667,0.15873015873015872,False
161,Kristjan Asllani,al ALB,MF,Torino,it Serie A,23.0,2002.0,15,13,1129,12.5,0,0,0,0,0,1,3,0,0.0,,,,,,,,,,,,,,,,,,,,,,,,,161,al ALB,MF,it Serie A,23.0,2002.0,12.5,0,20,4,20.0,1.59,0.32,0.0,0.0,0,1,198,al ALB,MF,it Serie A,23.0,2002.0,15,1129,75,33.0,12.5,13,82.0,5,2,29.0,4,1.27,13,20,-7,-0.56,-0.09,161,al ALB,MF,it Serie A,23.0,2002.0,12.5,3,0,0,7,14,0,52,12,14,0,MF,False,False,True,False,True,False,1129,23.0,1.12,0.96,0.56,1.12,0.24,0.0,4.16,0.0,False
2210,Elvis Rexhbeçaj,xk KVX,MF,Augsburg,de Bundesliga,27.0,1997.0,26,10,1118,12.4,2,0,2,2,0,0,4,0,0.16,,,,,,,,,,,,,,,,,,,,,,,,,2210,xk KVX,MF,de Bundesliga,27.0,1997.0,12.4,2,11,5,45.5,0.89,0.4,0.18,0.4,0,0,2746,xk KVX,MF,de Bundesliga,27.0,1997.0,26,1118,43,36.5,12.4,10,71.0,3,16,26.0,2,1.31,20,21,-1,-0.08,0.61,2210,xk KVX,MF,de Bundesliga,27.0,1997.0,12.4,4,0,0,13,16,1,16,4,8,0,MF,False,False,True,False,True,False,1118,27.0,0.6451612903225806,0.3225806451612903,1.0483870967741935,1.2903225806451613,0.3225806451612903,0.0,1.2903225806451613,0.08064516129032258,False
1969,Rafel Obrador,es ESP,MF,Torino,it Serie A,21.0,2004.0,16,14,1116,12.4,1,3,4,1,0,0,1,0,0.32,,,,,,,,,,,,,,,,,,,,,,,,,1969,es ESP,MF,it Serie A,21.0,2004.0,12.4,1,7,2,28.6,0.56,0.16,0.14,0.5,0,0,2430,es ESP,MF,it Serie A,21.0,2004.0,16,1116,70,32.6,12.4,14,77.0,4,2,23.0,0,1.38,18,20,-2,-0.16,0.5,1969,es ESP,MF,it Serie A,21.0,2004.0,12.4,1,0,0,7,5,1,58,12,8,0,MF,False,False,True,False,True,False,1116,21.0,0.6451612903225806,0.9677419354838709,0.564516129032258,0.4032258064516129,0.08064516129032258,0.0,4.67741935483871,0.08064516129032258,False
2196,Rayan,br BRA,MF,Bournemouth,eng Premier League,18.0,2006.0,15,13,1111,12.3,5,2,7,5,0,0,1,0,0.57,,,,,,,,,,,,,,,,,,,,,,,,,2196,br BRA,MF,eng Premier League,18.0,2006.0,12.3,5,28,8,28.6,2.27,0.65,0.18,0.63,0,0,2731,br BRA,MF,eng Premier League,18.0,2006.0,15,1111,74,32.5,12.3,13,82.0,2,2,24.0,0,1.8,16,10,6,0.49,0.56,2196,br BRA,MF,eng Premier League,18.0,2006.0,12.3,1,0,0,9,6,1,24,8,6,0,MF,False,False,True,False,True,False,1111,18.0,0.4878048780487805,0.6504065040650406,0.7317073170731707,0.4878048780487805,0.08130081300813008,0.0,1.951219512195122,0.08130081300813008,False
2416,Suat Serdar,de GER,MF,Hellas Verona,it Serie A,28.0,1997.0,20,12,1108,12.3,2,0,2,2,0,0,3,0,0.16,,,,,,,,,,,,,,,,,,,,,,,,,2416,de GER,MF,it Serie A,28.0,1997.0,12.3,2,19,7,36.8,1.54,0.57,0.11,0.29,0,0,3004,de GER,MF,it Serie A,28.0,1997.0,20,1108,55,32.4,12.3,12,78.0,4,8,21.0,0,0.55,8,24,-16,-1.3,-0.52,2416,de GER,MF,it Serie A,28.0,1997.0,12.3,3,0,0,19,12,1,7,10,20,0,MF,False,False,True,False,True,False,1108,28.0,1.6260162601626016,0.8130081300813008,1.5447154471544715,0.975609756097561,0.24390243902439024,0.0,0.5691056910569106,0.08130081300813008,False
2322,Manolis Saliakas,gr GRE,MF,St Pauli,de Bundesliga,28.0,1996.0,17,12,1106,12.3,1,3,4,1,0,0,3,0,0.33,,,,,,,,,,,,,,,,,,,,,,,,,2322,gr GRE,MF,de Bundesliga,28.0,1996.0,12.3,1,16,3,18.8,1.3,0.24,0.06,0.33,0,0,2888,gr GRE,MF,de Bundesliga,28.0,1996.0,17,1106,65,36.1,12.3,12,81.0,4,5,27.0,8,1.12,12,21,-9,-0.73,0.28,2322,gr GRE,MF,de Bundesliga,28.0,1996.0,12.3,3,0,0,4,7,4,44,13,20,0,MF,False,False,True,False,True,False,1106,28.0,1.6260162601626016,1.056910569105691,0.3252032520325203,0.5691056910569106,0.24390243902439024,0.0,3.5772357723577235,0.3252032520325203,False
2596,Quinten Timber,nl NED,MF,Marseille,fr Ligue 1,24.0,2001.0,15,14,1105,12.3,0,0,0,0,0,0,4,0,0.0,,,,,,,,,,,,,,,,,,,,,,,,,2596,nl NED,MF,fr Ligue 1,24.0,2001.0,12.3,0,10,2,20.0,0.81,0.16,0.0,0.0,0,0,3243,nl NED,MF,fr Ligue 1,24.0,2001.0,15,1105,74,36.1,12.3,14,78.0,4,1,9.0,0,1.6,14,16,-2,-0.16,-1.08,2596,nl NED,MF,fr Ligue 1,24.0,2001.0,12.3,4,0,0,13,20,1,7,9,17,0,MF,False,False,True,False,True,False,1105,24.0,1.3821138211382114,0.7317073170731707,1.056910569105691,1.6260162601626016,0.3252032520325203,0.0,0.5691056910569106,0.08130081300813008,False
1608,Youssef Maleh,ma MAR,MF,Cremonese,it Serie A,26.0,1998.0,14,14,1100,12.2,1,0,1,1,0,0,2,1,0.08,,,,,,,,,,,,,,,,,,,,,,,,,1608,ma MAR,MF,it Serie A,26.0,1998.0,12.2,1,15,3,20.0,1.23,0.25,0.07,0.33,0,0,1983,ma MAR,MF,it Serie A,26.0,1998.0,14,1100,79,32.2,12.2,14,79.0,7,0,,0,0.71,9,22,-13,-1.06,-0.6,1608,ma MAR,MF,it Serie A,26.0,1998.0,12.2,2,1,0,27,10,0,41,9,11,0,MF,False,False,True,False,True,False,1100,26.0,0.9016393442622951,0.7377049180327869,2.2131147540983607,0.819672131147541,0.1639344262295082,0.0819672131147541,3.3606557377049184,0.0,False
2043,Exequiel Palacios,ar ARG,MF,Leverkusen,de Bundesliga,26.0,1998.0,18,12,1099,12.2,0,1,1,0,0,0,3,0,0.08,,,,,,,,,,,,,,,,,,,,,,,,,2043,ar ARG,MF,de Bundesliga,26.0,1998.0,12.2,0,10,2,20.0,0.82,0.16,0.0,0.0,0,0,2526,ar ARG,MF,de Bundesliga,26.0,1998.0,18,1099,61,35.9,12.2,12,81.0,8,6,21.0,1,1.89,27,17,10,0.82,0.31,2043,ar ARG,MF,de Bundesliga,26.0,1998.0,12.2,3,0,0,6,18,0,2,10,9,0,MF,False,False,True,False,True,False,1099,26.0,0.7377049180327869,0.819672131147541,0.49180327868852464,1.4754098360655739,0.24590163934426232,0.0,0.1639344262295082,0.0,False
34,Amine Adli,ma MAR,MF,Bournemouth,eng Premier League,25.0,2000.0,31,10,1093,12.1,3,1,4,3,0,0,2,0,0.33,,,,,,,,,,,,,,,,,,,,,,,,,34,ma MAR,MF,eng Premier League,25.0,2000.0,12.1,3,20,9,45.0,1.65,0.74,0.15,0.33,0,0,39,ma MAR,MF,eng Premier League,25.0,2000.0,31,1093,35,32.0,12.1,10,73.0,2,21,17.0,6,1.48,18,17,1,0.08,-0.03,34,ma MAR,MF,eng Premier League,25.0,2000.0,12.1,2,0,0,29,23,5,39,6,17,0,MF,False,False,True,False,True,False,1093,25.0,1.4049586776859504,0.49586776859504134,2.396694214876033,1.9008264462809918,0.1652892561983471,0.0,3.2231404958677685,0.4132231404958678,False
2004,Christian Ordoñez,ar ARG,MF,Parma,it Serie A,21.0,2004.0,28,12,1091,12.1,1,0,1,1,0,0,5,1,0.08,,,,,,,,,,,,,,,,,,,,,,,,,2004,ar ARG,MF,it Serie A,21.0,2004.0,12.1,1,10,2,20.0,0.82,0.16,0.1,0.5,0,0,2480,ar ARG,MF,it Serie A,21.0,2004.0,28,1091,39,31.9,12.1,12,67.0,3,16,18.0,9,1.29,9,14,-5,-0.41,0.09,2004,ar ARG,MF,it Serie A,21.0,2004.0,12.1,5,1,1,16,11,0,12,9,13,0,MF,False,False,True,False,True,False,1091,21.0,1.0743801652892562,0.7438016528925621,1.322314049586777,0.9090909090909092,0.4132231404958678,0.08264462809917356,0.9917355371900827,0.0,False
1196,Oscar Højlund,dk DEN,MF,Eintracht Frankfurt,de Bundesliga,20.0,2005.0,24,12,1089,12.1,1,1,2,1,0,0,4,1,0.17,,,,,,,,,,,,,,,,,,,,,,,,,1196,dk DEN,MF,de Bundesliga,20.0,2005.0,12.1,1,7,3,42.9,0.58,0.25,0.14,0.33,0,0,1475,dk DEN,MF,de Bundesliga,20.0,2005.0,24,1089,45,35.6,12.1,12,71.0,0,12,20.0,4,1.21,15,23,-8,-0.66,-0.84,1196,dk DEN,MF,de Bundesliga,20.0,2005.0,12.1,4,1,1,27,5,1,2,7,17,0,MF,False,False,True,False,True,False,1089,20.0,1.4049586776859504,0.578512396694215,2.231404958677686,0.4132231404958678,0.3305785123966942,0.08264462809917356,0.1652892561983471,0.08264462809917356,False
544,Samuel Chukwueze,ng NGA,MF,Fulham,eng Premier League,26.0,1999.0,23,10,1079,12.0,3,4,7,3,0,0,0,0,0.58,,,,,,,,,,,,,,,,,,,,,,,,,544,ng NGA,MF,eng Premier League,26.0,1999.0,12.0,3,25,7,28.0,2.09,0.58,0.12,0.43,0,0,672,ng NGA,MF,eng Premier League,26.0,1999.0,23,1079,47,31.5,12.0,10,75.0,2,13,26.0,1,1.17,18,21,-3,-0.25,-0.21,544,ng NGA,MF,eng Premier League,26.0,1999.0,12.0,0,0,0,5,12,3,43,6,4,0,MF,False,False,True,False,True,False,1079,26.0,0.3333333333333333,0.5,0.4166666666666667,1.0,0.0,0.0,3.5833333333333335,0.25,False
696,Assane Diao,sn SEN,MF,Como,it Serie A,19.0,2005.0,17,13,1075,11.9,2,1,3,2,0,0,2,0,0.25,,,,,,,,,,,,,,,,,,,,,,,,,696,sn SEN,MF,it Serie A,19.0,2005.0,11.9,2,31,10,32.3,2.6,0.84,0.06,0.2,0,0,858,sn SEN,MF,it Serie A,19.0,2005.0,17,1075,63,31.4,11.9,13,72.0,2,4,36.0,1,1.71,18,11,7,0.59,-0.53,696,sn SEN,MF,it Serie A,19.0,2005.0,11.9,2,0,0,15,39,3,27,4,5,0,MF,False,False,True,False,True,False,1075,19.0,0.42016806722689076,0.3361344537815126,1.2605042016806722,3.277310924369748,0.1680672268907563,0.0,2.26890756302521,0.25210084033613445,False
1708,Pathé Mboup,sn SEN,MF,Brest,fr Ligue 1,21.0,2003.0,28,9,1054,11.7,1,0,1,1,0,0,6,0,0.09,,,,,,,,,,,,,,,,,,,,,,,,,1708,sn SEN,MF,fr Ligue 1,21.0,2003.0,11.7,1,23,10,43.5,1.96,0.85,0.04,0.1,0,0,2107,sn SEN,MF,fr Ligue 1,21.0,2003.0,28,1054,38,34.4,11.7,9,71.0,1,19,22.0,3,1.14,12,18,-6,-0.51,-0.24,1708,sn SEN,MF,fr Ligue 1,21.0,2003.0,11.7,6,0,0,34,19,5,11,12,18,0,MF,False,False,True,False,True,False,1054,21.0,1.5384615384615385,1.0256410256410258,2.9059829059829063,1.623931623931624,0.5128205128205129,0.0,0.9401709401709403,0.4273504273504274,False
1871,Sebastian Nanasi,se SWE,MF,Strasbourg,fr Ligue 1,23.0,2002.0,19,11,1050,11.7,7,2,9,7,0,0,0,0,0.77,,,,,,,,,,,,,,,,,,,,,,,,,1871,se SWE,MF,fr Ligue 1,23.0,2002.0,11.7,7,19,11,57.9,1.63,0.94,0.37,0.64,0,0,2313,se SWE,MF,fr Ligue 1,23.0,2002.0,19,1050,55,34.3,11.7,11,80.0,5,8,21.0,9,1.63,24,17,7,0.6,0.42,1871,se SWE,MF,fr Ligue 1,23.0,2002.0,11.7,0,0,0,8,3,1,24,5,4,0,MF,False,False,True,False,True,False,1050,23.0,0.3418803418803419,0.4273504273504274,0.6837606837606838,0.25641025641025644,0.0,0.0,2.0512820512820515,0.08547008547008547,False
844,Nahuel Estévez,ar ARG,MF,Parma,it Serie A,29.0,1995.0,32,9,1049,11.7,0,1,1,0,0,0,2,0,0.09,,,,,,,,,,,,,,,,,,,,,,,,,844,ar ARG,MF,it Serie A,29.0,1995.0,11.7,0,9,1,11.1,0.77,0.09,0.0,0.0,0,0,1036,ar ARG,MF,it Serie A,29.0,1995.0,32,1049,33,30.7,11.7,9,76.0,5,23,16.0,4,1.06,7,11,-4,-0.34,0.19,844,ar ARG,MF,it Serie A,29.0,1995.0,11.7,2,0,0,11,13,0,43,5,10,0,MF,False,False,True,False,True,False,1049,29.0,0.8547008547008548,0.4273504273504274,0.9401709401709403,1.1111111111111112,0.17094017094017094,0.0,3.6752136752136755,0.0,False
1351,Kevin,br BRA,MF,Fulham,eng Premier League,22.0,2003.0,26,9,1041,11.6,1,1,2,1,0,0,1,0,0.17,,,,,,,,,,,,,,,,,,,,,,,,,1351,br BRA,MF,eng Premier League,22.0,2003.0,11.6,1,25,10,40.0,2.16,0.86,0.04,0.1,0,0,1657,br BRA,MF,eng Premier League,22.0,2003.0,26,1041,40,30.4,11.6,9,68.0,0,17,25.0,1,1.38,13,14,-1,-0.09,0.03,1351,br BRA,MF,eng Premier League,22.0,2003.0,11.6,1,0,0,14,17,3,43,9,10,0,MF,False,False,True,False,True,False,1041,22.0,0.8620689655172414,0.7758620689655172,1.206896551724138,1.4655172413793105,0.08620689655172414,0.0,3.706896551724138,0.25862068965517243,False
1503,Luca Lipani,it ITA,MF,Sassuolo,it Serie A,20.0,2005.0,24,10,1034,11.5,0,1,1,0,0,0,3,0,0.09,,,,,,,,,,,,,,,,,,,,,,,,,1503,it ITA,MF,it Serie A,20.0,2005.0,11.5,0,12,3,25.0,1.04,0.26,0.0,0.0,0,0,1861,it ITA,MF,it Serie A,20.0,2005.0,24,1034,43,30.2,11.5,10,72.0,2,14,23.0,13,1.17,14,14,0,0.0,0.15,1503,it ITA,MF,it Serie A,20.0,2005.0,11.5,3,0,0,28,8,1,5,15,17,0,MF,False,False,True,False,True,False,1034,20.0,1.4782608695652173,1.3043478260869565,2.4347826086956523,0.6956521739130435,0.2608695652173913,0.0,0.43478260869565216,0.08695652173913043,False
845,Pervis Estupiñán,ec ECU,MF,Milan,it Serie A,27.0,1998.0,19,13,1034,11.5,1,1,2,1,0,0,5,1,0.17,,,,,,,,,,,,,,,,,,,,,,,,,845,ec ECU,MF,it Serie A,27.0,1998.0,11.5,1,9,1,11.1,0.78,0.09,0.11,1.0,0,0,1037,ec ECU,MF,it Serie A,27.0,1998.0,19,1034,54,30.2,11.5,13,74.0,6,6,12.0,14,1.79,17,6,11,0.96,0.69,845,ec ECU,MF,it Serie A,27.0,1998.0,11.5,5,1,0,17,8,5,20,11,9,0,MF,False,False,True,False,True,False,1034,27.0,0.782608695652174,0.9565217391304348,1.4782608695652173,0.6956521739130435,0.43478260869565216,0.08695652173913043,1.7391304347826086,0.43478260869565216,False
2326,Lazar Samardzic,rs SRB,MF,Atalanta,it Serie A,23.0,2002.0,26,11,1030,11.4,2,1,3,2,0,0,1,0,0.26,,,,,,,,,,,,,,,,,,,,,,,,,2326,rs SRB,MF,it Serie A,23.0,2002.0,11.4,2,25,9,36.0,2.18,0.79,0.08,0.22,0,0,2894,rs SRB,MF,it Serie A,23.0,2002.0,26,1030,40,30.1,11.4,11,69.0,3,15,18.0,12,1.5,16,14,2,0.17,-0.31,2326,rs SRB,MF,it Serie A,23.0,2002.0,11.4,1,0,0,17,10,1,68,10,8,0,MF,False,False,True,False,True,False,1030,23.0,0.7017543859649122,0.8771929824561403,1.4912280701754386,0.8771929824561403,0.08771929824561403,0.0,5.964912280701754,0.08771929824561403,False
2574,Ramón Terrats,es ESP,MF,Espanyol,es La Liga,24.0,2000.0,29,12,1030,11.4,1,2,3,1,0,0,0,0,0.26,,,,,,,,,,,,,,,,,,,,,,,,,2574,es ESP,MF,es La Liga,24.0,2000.0,11.4,1,15,3,20.0,1.31,0.26,0.07,0.33,0,0,3218,es ESP,MF,es La Liga,24.0,2000.0,29,1030,36,30.1,11.4,12,63.0,0,17,16.0,5,1.03,10,21,-11,-0.96,-0.92,2574,es ESP,MF,es La Liga,24.0,2000.0,11.4,0,0,0,15,22,1,30,11,13,0,MF,False,False,True,False,True,False,1030,24.0,1.1403508771929824,0.9649122807017544,1.3157894736842104,1.9298245614035088,0.0,0.0,2.631578947368421,0.08771929824561403,False
907,Nicolas Fonseca,uy URU,MF,Oviedo,es La Liga,26.0,1998.0,19,12,1018,11.3,0,0,0,0,0,0,6,0,0.0,,,,,,,,,,,,,,,,,,,,,,,,,907,uy URU,MF,es La Liga,26.0,1998.0,11.3,0,8,1,12.5,0.71,0.09,0.0,0.0,0,0,1120,uy URU,MF,es La Liga,26.0,1998.0,19,1018,54,29.8,11.3,12,70.0,2,7,25.0,1,0.84,13,22,-9,-0.8,0.14,907,uy URU,MF,es La Liga,26.0,1998.0,11.3,6,0,0,27,12,0,4,17,25,0,MF,False,False,True,False,True,False,1018,26.0,2.2123893805309733,1.5044247787610618,2.389380530973451,1.0619469026548671,0.5309734513274336,0.0,0.35398230088495575,0.0,False
88,Domingos André Ribeiro Almeida,pt POR,MF,Valencia,es La Liga,25.0,2000.0,22,11,1017,11.3,0,2,2,0,0,0,0,0,0.18,,,,,,,,,,,,,,,,,,,,,,,,,88,pt POR,MF,es La Liga,25.0,2000.0,11.3,0,9,3,33.3,0.8,0.27,0.0,0.0,0,0,111,pt POR,MF,es La Liga,25.0,2000.0,22,1017,46,29.7,11.3,11,75.0,3,11,17.0,15,1.23,14,14,0,0.0,0.34,88,pt POR,MF,es La Liga,25.0,2000.0,11.3,0,0,0,12,22,0,65,8,11,0,MF,False,False,True,False,True,False,1017,25.0,0.9734513274336283,0.7079646017699115,1.0619469026548671,1.9469026548672566,0.0,0.0,5.752212389380531,0.0,False
1824,Mason Mount,eng ENG,MF,Manchester Utd,eng Premier League,26.0,1999.0,23,12,1017,11.3,3,0,3,3,0,0,2,0,0.27,,,,,,,,,,,,,,,,,,,,,,,,,1824,eng ENG,MF,eng Premier League,26.0,1999.0,11.3,3,19,5,26.3,1.68,0.44,0.16,0.6,0,0,2258,eng ENG,MF,eng Premier League,26.0,1999.0,23,1017,44,29.7,11.3,12,70.0,3,11,16.0,6,1.87,19,15,4,0.35,-0.21,1824,eng ENG,MF,eng Premier League,26.0,1999.0,11.3,2,0,0,17,12,0,22,9,13,0,MF,False,False,True,False,True,False,1017,26.0,1.1504424778761062,0.7964601769911503,1.5044247787610618,1.0619469026548671,0.17699115044247787,0.0,1.9469026548672566,0.0,False
275,Fran Beltrán,es ESP,MF,Girona,es La Liga,26.0,1999.0,17,11,1012,11.2,1,0,1,1,0,0,3,0,0.09,,,,,,,,,,,,,,,,,,,,,,,,,275,es ESP,MF,es La Liga,26.0,1999.0,11.2,1,10,3,30.0,0.89,0.27,0.1,0.33,0,0,339,es ESP,MF,es La Liga,26.0,1999.0,17,1012,60,29.6,11.2,11,77.0,3,6,27.0,1,1.0,9,10,-1,-0.09,0.47,275,es ESP,MF,es La Liga,26.0,1999.0,11.2,3,0,0,10,9,0,8,11,14,0,MF,False,False,True,False,True,False,1012,26.0,1.25,0.9821428571428572,0.8928571428571429,0.8035714285714286,0.26785714285714285,0.0,0.7142857142857143,0.0,False
2527,Kamaldeen Sulemana,gh GHA,MF,Atalanta,it Serie A,23.0,2002.0,25,9,1011,11.2,2,1,3,2,0,0,4,0,0.27,,,,,,,,,,,,,,,,,,,,,,,,,2527,gh GHA,MF,it Serie A,23.0,2002.0,11.2,2,25,10,40.0,2.23,0.89,0.08,0.2,0,0,3159,gh GHA,MF,it Serie A,23.0,2002.0,25,1011,40,29.6,11.2,9,70.0,1,16,24.0,9,1.52,17,12,5,0.45,0.07,2527,gh GHA,MF,it Serie A,23.0,2002.0,11.2,4,0,0,14,14,5,22,2,5,0,MF,False,False,True,False,True,False,1011,23.0,0.44642857142857145,0.17857142857142858,1.25,1.25,0.35714285714285715,0.0,1.9642857142857144,0.44642857142857145,False
1520,Sean Longstaff,eng ENG,MF,Leeds United,eng Premier League,27.0,1997.0,23,10,1011,11.2,2,2,4,2,0,0,2,0,0.36,,,,,,,,,,,,,,,,,,,,,,,,,1520,eng ENG,MF,eng Premier League,27.0,1997.0,11.2,2,16,4,25.0,1.42,0.36,0.13,0.5,0,0,1883,eng ENG,MF,eng Premier League,27.0,1997.0,23,1011,44,29.6,11.2,10,84.0,7,13,13.0,6,1.35,12,20,-8,-0.71,-0.75,1520,eng ENG,MF,eng Premier League,27.0,1997.0,11.2,2,0,0,13,17,1,54,12,24,0,MF,False,False,True,False,True,False,1011,27.0,2.142857142857143,1.0714285714285714,1.1607142857142858,1.517857142857143,0.17857142857142858,0.0,4.821428571428572,0.08928571428571429,False
1294,Mohamed Kaba,gn GUI,MF,Nantes,fr Ligue 1,23.0,2001.0,13,12,1008,11.2,0,2,2,0,0,0,2,0,0.18,,,,,,,,,,,,,,,,,,,,,,,,,1294,gn GUI,MF,fr Ligue 1,23.0,2001.0,11.2,0,11,6,54.5,0.98,0.54,0.0,0.0,0,0,1590,gn GUI,MF,fr Ligue 1,23.0,2001.0,13,1008,78,32.9,11.2,12,81.0,4,1,31.0,0,0.62,10,10,0,0.0,1.01,1294,gn GUI,MF,fr Ligue 1,23.0,2001.0,11.2,2,0,0,15,29,0,2,15,15,0,MF,False,False,True,False,True,False,1008,23.0,1.3392857142857144,1.3392857142857144,1.3392857142857144,2.5892857142857144,0.17857142857142858,0.0,0.17857142857142858,0.0,False
1215,Emirhan İlkhan,tr TUR,MF,Torino,it Serie A,21.0,2004.0,19,13,1001,11.1,1,2,3,1,0,0,2,1,0.27,,,,,,,,,,,,,,,,,,,,,,,,,1215,tr TUR,MF,it Serie A,21.0,2004.0,11.1,1,13,3,23.1,1.17,0.27,0.08,0.33,0,0,1496,tr TUR,MF,it Serie A,21.0,2004.0,19,1001,53,29.3,11.1,13,67.0,1,6,22.0,18,0.95,13,25,-12,-1.08,-0.82,1215,tr TUR,MF,it Serie A,21.0,2004.0,11.1,2,1,0,11,18,0,7,13,19,0,MF,False,False,True,False,True,False,1001,21.0,1.7117117117117118,1.1711711711711712,0.990990990990991,1.6216216216216217,0.1801801801801802,0.0900900900900901,0.6306306306306306,0.0,False
182,Neil El Aynaoui,ma MAR,MF,Roma,it Serie A,24.0,2001.0,25,8,999,11.1,1,2,3,1,0,0,5,0,0.27,,,,,,,,,,,,,,,,,,,,,,,,,182,ma MAR,MF,it Serie A,24.0,2001.0,11.1,1,6,4,66.7,0.54,0.36,0.17,0.25,0,0,222,ma MAR,MF,it Serie A,24.0,2001.0,25,999,40,29.2,11.1,8,69.0,3,17,26.0,5,2.04,18,11,7,0.63,-0.15,182,ma MAR,MF,it Serie A,24.0,2001.0,11.1,5,0,0,23,10,2,17,18,10,0,MF,False,False,True,False,True,False,999,24.0,0.9009009009009009,1.6216216216216217,2.0720720720720722,0.9009009009009009,0.45045045045045046,0.0,1.5315315315315317,0.1801801801801802,False
602,Yan Couto,br BRA,MF,Dortmund,de Bundesliga,23.0,2002.0,19,11,997,11.1,2,2,4,2,0,0,4,0,0.36,,,,,,,,,,,,,,,,,,,,,,,,,602,br BRA,MF,de Bundesliga,23.0,2002.0,11.1,2,9,4,44.4,0.81,0.36,0.22,0.5,0,0,744,br BRA,MF,de Bundesliga,23.0,2002.0,19,997,52,32.6,11.1,11,80.0,5,8,14.0,13,2.26,25,14,11,0.99,-0.1,602,br BRA,MF,de Bundesliga,23.0,2002.0,11.1,4,0,0,17,13,2,54,9,15,0,MF,False,False,True,False,True,False,997,23.0,1.3513513513513513,0.8108108108108109,1.5315315315315317,1.1711711711711712,0.3603603603603604,0.0,4.864864864864865,0.1801801801801802,False
1761,Lennon Miller,sct SCO,MF,Udinese,it Serie A,18.0,2006.0,24,9,996,11.1,0,2,2,0,0,0,4,0,0.18,,,,,,,,,,,,,,,,,,,,,,,,,1761,sct SCO,MF,it Serie A,18.0,2006.0,11.1,0,9,1,11.1,0.81,0.09,0.0,0.0,0,0,2179,sct SCO,MF,it Serie A,18.0,2006.0,24,996,42,29.1,11.1,9,74.0,1,15,22.0,13,1.25,19,14,5,0.45,0.75,1761,sct SCO,MF,it Serie A,18.0,2006.0,11.1,4,0,0,14,17,1,32,9,12,0,MF,False,False,True,False,True,False,996,18.0,1.0810810810810811,0.8108108108108109,1.2612612612612613,1.5315315315315317,0.3603603603603604,0.0,2.882882882882883,0.0900900900900901,False
487,Marc Casado,es ESP,MF,Barcelona,es La Liga,21.0,2003.0,24,10,989,11.0,0,1,1,0,0,0,1,0,0.09,,,,,,,,,,,,,,,,,,,,,,,,,487,es ESP,MF,es La Liga,21.0,2003.0,11.0,0,11,0,0.0,1.0,0.0,0.0,,0,0,593,es ESP,MF,es La Liga,21.0,2003.0,24,989,41,28.9,11.0,10,76.0,5,14,16.0,14,2.63,25,10,15,1.37,-0.26,487,es ESP,MF,es La Liga,21.0,2003.0,11.0,1,0,0,25,20,0,1,7,9,0,MF,False,False,True,False,True,False,989,21.0,0.8181818181818182,0.6363636363636364,2.272727272727273,1.8181818181818181,0.09090909090909091,0.0,0.09090909090909091,0.0,False
879,Ezequiél Fernández,ar ARG,MF,Leverkusen,de Bundesliga,23.0,2002.0,20,12,984,10.9,0,1,1,0,0,0,4,1,0.09,,,,,,,,,,,,,,,,,,,,,,,,,879,ar ARG,MF,de Bundesliga,23.0,2002.0,10.9,0,11,1,9.1,1.01,0.09,0.0,0.0,0,0,1084,ar ARG,MF,de Bundesliga,23.0,2002.0,20,984,49,32.2,10.9,12,67.0,2,8,22.0,5,2.05,21,20,1,0.09,-0.78,879,ar ARG,MF,de Bundesliga,23.0,2002.0,10.9,4,1,1,14,24,1,4,14,17,0,MF,False,False,True,False,True,False,984,23.0,1.5596330275229358,1.2844036697247705,1.2844036697247705,2.2018348623853212,0.36697247706422015,0.09174311926605504,0.36697247706422015,0.09174311926605504,False
2764,Joe Willock,eng ENG,MF,Newcastle United,eng Premier League,25.0,1999.0,24,10,983,10.9,0,2,2,0,0,0,3,0,0.18,,,,,,,,,,,,,,,,,,,,,,,,,2764,eng ENG,MF,eng Premier League,25.0,1999.0,10.9,0,17,6,35.3,1.56,0.55,0.0,0.0,0,0,3449,eng ENG,MF,eng Premier League,25.0,1999.0,24,983,41,28.7,10.9,10,70.0,1,14,20.0,13,1.46,13,18,-5,-0.46,-0.57,2764,eng ENG,MF,eng Premier League,25.0,1999.0,10.9,3,0,0,16,11,2,16,7,15,0,MF,False,False,True,False,True,False,983,25.0,1.3761467889908257,0.6422018348623852,1.4678899082568806,1.0091743119266054,0.27522935779816515,0.0,1.4678899082568806,0.18348623853211007,False
550,Djaoui Cissé,fr FRA,MF,Rennes,fr Ligue 1,21.0,2004.0,24,12,981,10.9,0,0,0,0,0,0,3,0,0.0,,,,,,,,,,,,,,,,,,,,,,,,,550,fr FRA,MF,fr Ligue 1,21.0,2004.0,10.9,0,24,6,25.0,2.2,0.55,0.0,0.0,0,0,682,fr FRA,MF,fr Ligue 1,21.0,2004.0,24,981,41,32.1,10.9,12,60.0,0,12,22.0,9,1.75,18,14,4,0.37,0.15,550,fr FRA,MF,fr Ligue 1,21.0,2004.0,10.9,3,0,0,18,10,0,27,5,22,0,MF,False,False,True,False,True,False,981,21.0,2.018348623853211,0.4587155963302752,1.6513761467889907,0.9174311926605504,0.27522935779816515,0.0,2.477064220183486,0.0,False
1587,Soungoutou Magassa,fr FRA,MF,West Ham United,eng Premier League,21.0,2003.0,22,11,981,10.9,1,0,1,1,0,0,4,0,0.09,,,,,,,,,,,,,,,,,,,,,,,,,1587,fr FRA,MF,eng Premier League,21.0,2003.0,10.9,1,7,2,28.6,0.64,0.18,0.14,0.5,0,0,1962,fr FRA,MF,eng Premier League,21.0,2003.0,22,981,45,28.7,10.9,11,74.0,2,11,15.0,12,0.73,11,23,-12,-1.1,-0.84,1587,fr FRA,MF,eng Premier League,21.0,2003.0,10.9,4,0,0,17,17,0,9,17,23,0,MF,False,False,True,False,True,False,981,21.0,2.110091743119266,1.5596330275229358,1.5596330275229358,1.5596330275229358,0.36697247706422015,0.0,0.8256880733944953,0.0,False
1837,Marshall Munetsi,zw ZIM,MF,Paris FC,fr Ligue 1,29.0,1996.0,15,11,975,10.8,4,1,5,4,0,0,0,0,0.46,,,,,,,,,,,,,,,,,,,,,,,,,1837,zw ZIM,MF,fr Ligue 1,29.0,1996.0,10.8,4,19,9,47.4,1.75,0.83,0.21,0.44,0,0,2275,zw ZIM,MF,fr Ligue 1,29.0,1996.0,15,975,65,31.9,10.8,11,80.0,5,4,25.0,2,1.67,17,10,7,0.65,1.08,1837,zw ZIM,MF,fr Ligue 1,29.0,1996.0,10.8,0,0,0,12,9,1,0,3,8,0,MF,False,False,True,False,True,False,975,29.0,0.7407407407407407,0.27777777777777773,1.111111111111111,0.8333333333333333,0.0,0.0,0.0,0.09259259259259259,False
1919,Cheikh Niasse,sn SEN,MF,Hellas Verona,it Serie A,25.0,2000.0,19,11,970,10.8,0,1,1,0,0,0,1,0,0.09,,,,,,,,,,,,,,,,,,,,,,,,,1919,sn SEN,MF,it Serie A,25.0,2000.0,10.8,0,6,1,16.7,0.56,0.09,0.0,0.0,0,0,2372,sn SEN,MF,it Serie A,25.0,2000.0,19,970,51,28.4,10.8,11,77.0,2,8,15.0,15,0.63,10,20,-10,-0.93,0.03,1919,sn SEN,MF,it Serie A,25.0,2000.0,10.8,1,0,0,20,15,2,14,15,14,0,MF,False,False,True,False,True,False,970,25.0,1.2962962962962963,1.3888888888888888,1.8518518518518516,1.3888888888888888,0.09259259259259259,0.0,1.2962962962962963,0.18518518518518517,False
296,Lucas Bergvall,se SWE,MF,Tottenham Hotspur,eng Premier League,19.0,2006.0,23,11,965,10.7,1,3,4,1,0,0,2,0,0.37,,,,,,,,,,,,,,,,,,,,,,,,,296,se SWE,MF,eng Premier League,19.0,2006.0,10.7,1,12,5,41.7,1.12,0.47,0.08,0.2,0,0,367,se SWE,MF,eng Premier League,19.0,2006.0,23,965,42,28.2,10.7,11,66.0,0,12,20.0,5,1.17,14,18,-4,-0.37,-0.19,296,se SWE,MF,eng Premier League,19.0,2006.0,10.7,2,0,0,24,7,3,19,3,14,0,MF,False,False,True,False,True,False,965,19.0,1.3084112149532712,0.28037383177570097,2.2429906542056077,0.6542056074766356,0.1869158878504673,0.0,1.7757009345794394,0.28037383177570097,False
1843,Iker Muñoz,es ESP,MF,Osasuna,es La Liga,22.0,2002.0,19,8,952,10.6,0,0,0,0,0,0,5,0,0.0,,,,,,,,,,,,,,,,,,,,,,,,,1843,es ESP,MF,es La Liga,22.0,2002.0,10.6,0,9,4,44.4,0.85,0.38,0.0,0.0,0,0,2282,es ESP,MF,es La Liga,22.0,2002.0,19,952,50,27.8,10.6,8,77.0,2,11,31.0,18,1.32,12,12,0,0.0,0.22,1843,es ESP,MF,es La Liga,22.0,2002.0,10.6,5,0,0,18,21,1,6,12,7,0,MF,False,False,True,False,True,False,952,22.0,0.6603773584905661,1.1320754716981132,1.6981132075471699,1.9811320754716981,0.4716981132075472,0.0,0.5660377358490566,0.09433962264150944,False
1367,Justin Kluivert,nl NED,MF,Bournemouth,eng Premier League,26.0,1999.0,20,10,952,10.6,2,0,2,2,0,0,5,0,0.19,,,,,,,,,,,,,,,,,,,,,,,,,1367,nl NED,MF,eng Premier League,26.0,1999.0,10.6,2,17,4,23.5,1.61,0.38,0.12,0.5,0,0,1682,nl NED,MF,eng Premier League,26.0,1999.0,20,952,48,27.8,10.6,10,72.0,0,10,23.0,1,1.2,16,19,-3,-0.28,-0.54,1367,nl NED,MF,eng Premier League,26.0,1999.0,10.6,5,0,0,18,10,1,40,4,7,0,MF,False,False,True,False,True,False,952,26.0,0.6603773584905661,0.37735849056603776,1.6981132075471699,0.9433962264150944,0.4716981132075472,0.0,3.7735849056603774,0.09433962264150944,False
2023,Assan Ouedraogo,de GER,MF,RB Leipzig,de Bundesliga,19.0,2006.0,19,13,948,10.5,4,3,7,4,0,0,0,0,0.66,,,,,,,,,,,,,,,,,,,,,,,,,2023,de GER,MF,de Bundesliga,19.0,2006.0,10.5,4,27,13,48.1,2.56,1.23,0.15,0.31,0,0,2503,de GER,MF,de Bundesliga,19.0,2006.0,19,948,50,31.0,10.5,13,68.0,1,6,11.0,0,2.26,29,14,15,1.42,1.25,2023,de GER,MF,de Bundesliga,19.0,2006.0,10.5,0,0,0,4,22,1,4,3,6,0,MF,False,False,True,False,True,False,948,19.0,0.5714285714285714,0.2857142857142857,0.38095238095238093,2.0952380952380953,0.0,0.0,0.38095238095238093,0.09523809523809523,False
6,Himad Abdelli,dz ALG,MF,Angers,fr Ligue 1,25.0,1999.0,13,11,943,10.5,2,0,2,0,2,2,1,0,0.0,,,,,,,,,,,,,,,,,,,,,,,,,6,dz ALG,MF,fr Ligue 1,25.0,1999.0,10.5,2,11,5,45.5,1.05,0.48,0.0,0.0,2,2,7,dz ALG,MF,fr Ligue 1,25.0,1999.0,13,943,73,30.8,10.5,11,81.0,4,2,25.0,0,1.38,12,13,-1,-0.1,0.67,6,dz ALG,MF,fr Ligue 1,25.0,1999.0,10.5,1,0,0,16,12,1,9,13,17,0,MF,False,False,True,False,True,False,943,25.0,1.619047619047619,1.2380952380952381,1.5238095238095237,1.1428571428571428,0.09523809523809523,0.0,0.8571428571428571,0.09523809523809523,False
1005,Giorgi Gocholeishvili,ge GEO,MF,Hamburger SV,de Bundesliga,24.0,2001.0,24,9,940,10.4,0,2,2,0,0,0,3,1,0.19,,,,,,,,,,,,,,,,,,,,,,,,,1005,ge GEO,MF,de Bundesliga,24.0,2001.0,10.4,0,14,2,14.3,1.34,0.19,0.0,0.0,0,0,1245,ge GEO,MF,de Bundesliga,24.0,2001.0,24,940,39,30.7,10.4,9,78.0,1,15,16.0,6,1.33,9,12,-3,-0.29,0.18,1005,ge GEO,MF,de Bundesliga,24.0,2001.0,10.4,3,1,1,13,19,3,20,7,14,0,MF,False,False,True,False,True,False,940,24.0,1.346153846153846,0.673076923076923,1.25,1.8269230769230769,0.28846153846153844,0.09615384615384615,1.923076923076923,0.28846153846153844,False
1021,Unai Gómez,es ESP,MF,Athletic Club,es La Liga,22.0,2003.0,26,12,936,10.4,1,1,2,1,0,0,1,0,0.19,,,,,,,,,,,,,,,,,,,,,,,,,1021,es ESP,MF,es La Liga,22.0,2003.0,10.4,1,23,7,30.4,2.21,0.67,0.04,0.14,0,0,1265,es ESP,MF,es La Liga,22.0,2003.0,26,936,36,27.4,10.4,12,53.0,0,14,21.0,10,1.31,9,24,-15,-1.44,-1.44,1021,es ESP,MF,es La Liga,22.0,2003.0,10.4,1,0,0,12,6,4,23,3,8,0,MF,False,False,True,False,True,False,936,22.0,0.7692307692307692,0.28846153846153844,1.1538461538461537,0.5769230769230769,0.09615384615384615,0.0,2.2115384615384617,0.3846153846153846,False
1265,Jofre,es ESP,MF,Espanyol,es La Liga,24.0,2001.0,26,9,930,10.3,1,0,1,1,0,0,1,0,0.1,,,,,,,,,,,,,,,,,,,,,,,,,1265,es ESP,MF,es La Liga,24.0,2001.0,10.3,1,23,7,30.4,2.23,0.68,0.04,0.14,0,0,1555,es ESP,MF,es La Liga,24.0,2001.0,26,930,36,27.2,10.3,9,62.0,0,17,22.0,12,1.08,12,21,-9,-0.87,-0.76,1265,es ESP,MF,es La Liga,24.0,2001.0,10.3,1,0,0,13,27,2,35,6,6,0,MF,False,False,True,False,True,False,930,24.0,0.5825242718446602,0.5825242718446602,1.262135922330097,2.6213592233009706,0.0970873786407767,0.0,3.3980582524271843,0.1941747572815534,False
1807,Tete Morente,es ESP,MF,Elche,es La Liga,28.0,1996.0,13,11,929,10.3,1,1,2,1,0,0,1,0,0.19,,,,,,,,,,,,,,,,,,,,,,,,,1807,es ESP,MF,es La Liga,28.0,1996.0,10.3,1,8,1,12.5,0.78,0.1,0.13,1.0,0,0,2239,es ESP,MF,es La Liga,28.0,1996.0,13,929,71,27.2,10.3,11,79.0,5,2,28.0,3,1.46,9,13,-4,-0.39,-0.24,1807,es ESP,MF,es La Liga,28.0,1996.0,10.3,1,0,0,20,10,2,46,11,11,0,MF,False,False,True,False,True,False,929,28.0,1.0679611650485437,1.0679611650485437,1.9417475728155338,0.9708737864077669,0.0970873786407767,0.0,4.466019417475728,0.1941747572815534,False
1247,Bakery Jatta,gm GAM,MF,Hamburger SV,de Bundesliga,27.0,1998.0,15,12,911,10.1,1,1,2,1,0,0,1,0,0.2,,,,,,,,,,,,,,,,,,,,,,,,,1247,gm GAM,MF,de Bundesliga,27.0,1998.0,10.1,1,11,4,36.4,1.09,0.4,0.09,0.25,0,0,1534,gm GAM,MF,de Bundesliga,27.0,1998.0,15,911,61,29.8,10.1,12,71.0,2,3,20.0,1,1.33,16,12,4,0.4,1.15,1247,gm GAM,MF,de Bundesliga,27.0,1998.0,10.1,1,0,0,13,5,2,19,8,11,0,MF,False,False,True,False,True,False,911,27.0,1.0891089108910892,0.7920792079207921,1.2871287128712872,0.49504950495049505,0.09900990099009901,0.0,1.8811881188118813,0.19801980198019803,False
8,Salis Abdul Samed,gh GHA,MF,Nice,fr Ligue 1,25.0,2000.0,18,12,911,10.1,0,0,0,0,0,0,3,0,0.0,,,,,,,,,,,,,,,,,,,,,,,,,8,gh GHA,MF,fr Ligue 1,25.0,2000.0,10.1,0,1,0,0.0,0.1,0.0,0.0,,0,0,10,gh GHA,MF,fr Ligue 1,25.0,2000.0,18,911,51,29.8,10.1,12,67.0,2,6,18.0,12,1.06,15,17,-2,-0.2,0.68,8,gh GHA,MF,fr Ligue 1,25.0,2000.0,10.1,3,0,0,19,10,0,2,11,7,0,MF,False,False,True,False,True,False,911,25.0,0.6930693069306931,1.0891089108910892,1.8811881188118813,0.9900990099009901,0.297029702970297,0.0,0.19801980198019803,0.0,False
1124,Abdou Harroui,nl NED,MF,Hellas Verona,it Serie A,27.0,1998.0,23,11,907,10.1,1,0,1,0,1,1,3,0,0.0,,,,,,,,,,,,,,,,,,,,,,,,,1124,nl NED,MF,it Serie A,27.0,1998.0,10.1,1,12,2,16.7,1.19,0.2,0.0,0.0,1,1,1389,nl NED,MF,it Serie A,27.0,1998.0,23,907,39,26.5,10.1,11,66.0,0,12,15.0,11,0.57,7,21,-14,-1.39,-0.6,1124,nl NED,MF,it Serie A,27.0,1998.0,10.1,3,0,0,22,1,2,28,1,17,0,MF,False,False,True,False,True,False,907,27.0,1.6831683168316833,0.09900990099009901,2.1782178217821784,0.09900990099009901,0.297029702970297,0.0,2.7722772277227725,0.19801980198019803,False
1538,Iker Losada,es ESP,MF,Levante,es La Liga,23.0,2001.0,23,10,902,10.0,3,1,4,3,0,0,1,0,0.4,,,,,,,,,,,,,,,,,,,,,,,,,1538,es ESP,MF,es La Liga,23.0,2001.0,10.0,3,14,4,28.6,1.4,0.4,0.21,0.75,0,0,1903,es ESP,MF,es La Liga,23.0,2001.0,23,902,39,26.4,10.0,10,62.0,0,13,22.0,14,1.0,14,16,-2,-0.2,0.23,1538,es ESP,MF,es La Liga,23.0,2001.0,10.0,1,0,0,6,7,3,22,10,12,0,MF,False,False,True,False,True,False,902,23.0,1.2,1.0,0.6,0.7,0.1,0.0,2.2,0.3,False
